eiken1,diplomatic,外交の;外交上の
eiken1,alongside,と一緒に;並行して
eiken1,narrative,物語;話
eiken1,contamination,汚染;汚染物質
eiken1,stark,正真正銘の;純粋な
eiken1,refusal,拒否;拒絶
eiken1,doctrine,教義;信条
eiken1,organic,無農薬の;有機の
eiken1,hypothesis,仮説;推測
eiken1,evolutionary,進化的な;進化論の
eiken1,archaeological,考古学の
eiken1,subsequent,その後の;次の
eiken1,contractor,請負業者;契約者
eiken1,skeptical,懐疑的な;疑い深い
eiken1,bribery,賄賂の授受;贈収賄
eiken1,treadmill,踏み車;ルームランナー
eiken1,resume,再開する;続ける
eiken1,hierarchical,階層的な;階級制の
eiken1,nourishment,栄養;滋養
eiken1,credibility,信頼性;信用
eiken1,dissent,異議を唱える;反対する
eiken1,proliferation,拡散;増殖
eiken1,controversy,論争;議論
eiken1,sympathetic,思いやりのある;共感的な
eiken1,round up,寄せ集める;切り上げる
eiken1,supposedly,たぶん;おそらく
eiken1,patriotism,愛国心;忠誠心
eiken1,disappearance,失踪;消滅
eiken1,tragic,悲劇的な;悲劇的
eiken1,implant,植え付ける;移植する
eiken1,accounting,会計;計算
eiken1,bout,試合;競技
eiken1,hold over,を持ち越す;延期する
eiken1,biased against ,に対する偏見;偏った見方
eiken1,puppy,子犬;幼犬
eiken1,semester,学期;学期間
eiken1,refund,払い戻す;返金する
eiken1,diabetes,糖尿病;高血糖症
eiken1,organ,臓器;器官
eiken1,prod,突く;呼び起こす
eiken1,drawback,欠点;短所
eiken1,prospective,予測される;期待される
eiken1,pay off,全部払う;完済する
eiken1,exclusively,排他的に;限定して
eiken1,dosage,投与量;服用量
eiken1,epic,大作;壮大な作品
eiken1,consistently,一貫して;常に
eiken1,believe in,を信じる;信用する
eiken1,commerce,商業;商売
eiken1,segment,区切り;部分
eiken1,plebiscite,国民投票;普通選挙
eiken1,pack up,を荷造りする;詰める
eiken1,make ends meet,収支を合わせる;つじつまを合わせる
eiken1,put A aside,Aを脇に置く;Aを放置する
eiken1,conception,概念;考え
eiken1,empathy,共感;感情移入
eiken1,in hope of,へ希望を抱いて;を期待して
eiken1,conscience,良心;道徳心
eiken1,bias,偏見;先入観
eiken1,organism,生命体;生物
eiken1,work out,体を鍛える;うまく行く;解決する
eiken1,enzyme,酵素;生化学的触媒
eiken1,circumvent,出し抜く;回避する
eiken1,be tidied up,きちんと片づけた;整えた
eiken1,clot,固まり;凝固塊
eiken1,behavioral,行動上の;行動の
eiken1,foremost,主要な;最も重要な
eiken1,catalyst,触媒;刺激物
eiken1,guilt,罪悪感;有罪
eiken1,smooth over,丸く収める;穏便に済ます
eiken1,seemingly,一見すると;表面上
eiken1,dilemma,板挟み;窮地
eiken1,scarcity,不足;欠乏;欠如
eiken1,counterfeit,偽造する;偽造品を作る
eiken1,perish,滅びる;死ぬ
eiken1,expulsion,排除;除名
eiken1,weed,雑草;草取り
eiken1,roll up,を巻き上げる;巻く
eiken1,thwart,妨害する;阻止する
eiken1,prey,獲物;捕食対象
eiken1,nobility,尊さ;高貴さ
eiken1,inherent,本来の;固有の
eiken1,fertile,肥沃な;多産の
eiken1,assimilation,同化;吸収
eiken1,implore,懇願する;お願いする
eiken1,petition,嘆願;請願
eiken1,reception,応接;歓迎
eiken1,conceal,隠す;秘密にする
eiken1,compliant,従順な;応じる
eiken1,residence,住宅;居住地
eiken1,protective,保護的な;保護する
eiken1,initiate,始める;開始する
eiken1,rebellion,反乱;暴動
eiken1,convent,修道院;僧院
eiken1,in person,直接に;対面で
eiken1,sympathize,同情する;共感する
eiken1,provoke,挑発する;引き起こす
eiken1,give rise to,を生じさせる;を引き起こす
eiken1,philosophical,哲学的な;思索的な
eiken1,reminder,催促;注意喚起
eiken1,disappointment,失望;期待外れ
eiken1,ridicule,あざ笑う;嘲笑する
eiken1,benevolent,慈悲深い;親切な
eiken1,communal,共同の;共有の
eiken1,compensation,補償;賠償
eiken1,destitute,貧困の;困窮した
eiken1,misfortune,不幸;災厄
eiken1,level off,平らにする;水平にする
eiken1,sinful,罪深い;悪い
eiken1,routinely,日常的に;いつものように
eiken1,medieval,中世の;時代遅れの
eiken1,appreciation,感謝;称賛
eiken1,rule out,を除外する;締め出す
eiken1,hang on to,にしがみつく;執着する
eiken1,exploit,偉業;業績
eiken1,warrant,証明書;保証書
eiken1,multitude,大勢;多く
eiken1,designation,指定;選定
eiken1,solely,単独で;専ら
eiken1,mother-in-law,義理の母;義母
eiken1,captivity,監禁;囚禁
eiken1,forcible,強制的な;強い
eiken1,fall under,支配下に入る;分類される
eiken1,on the rise,上昇中で;増加中
eiken1,ancestral,先祖の;祖先の
eiken1,in place of,の代わりに;変わって
eiken1,ruling,支配的な;主要な;優勢な
eiken1,favorable,好ましい;有利な
eiken1,expedite,促進する;迅速化する
eiken1,low frequency,低周波;低頻度
eiken1,harsh,厳しい;過酷な
eiken1,repay,返済する;報いる
eiken1,inadequate,不十分な;不適切な
eiken1,pull in,到着する;片側に寄る
eiken1,surgeon,外科医;手術医
eiken1,tutor,家庭教師;個別指導者
eiken1,surrender,降伏する;投降する
eiken1,undergraduate,大学生;学部生
eiken1,conspicuous,目立った;顕著な
eiken1,comprise,含む;構成する
eiken1,put forth,を進める;出す
eiken1,spur,刺激;触発
eiken1,renovate,改修する;改装する
eiken1,idealization,理想化;理想の実現
eiken1,integrate,統合する;一体化する
eiken1,decay,腐る;朽ちる
eiken1,spite,悪意;恨み
eiken1,cynical,皮肉な;冷笑的な
eiken1,bleak,吹きさらしの;荒涼とした
eiken1,devastation,荒廃;壊滅
eiken1,keep up on,の最新状況を把握する;追いつく
eiken1,portray,描く;表現する
eiken1,dread,ひどく怖がる;恐れる
eiken1,evoke,呼び起こす;引き起こす
eiken1,come down with,病気などにかかる;罹患する
eiken1,crisp,新鮮な;さっぱりした
eiken1,loyalty,忠誠;誠実
eiken1,tyranny,専制政治;圧政
eiken1,minimal,最小限の;最低限の
eiken1,adoption,採用;受け入れ
eiken1,inheritance,継承;相続
eiken1,reside,住む;居住する
eiken1,blend in,溶け合う;調和する
eiken1,moderately,適度に;適切に
eiken1,comprehend,理解する;把握する
eiken1,formidable,恐ろしい;手ごわい
eiken1,magnitude,大きさ;規模
eiken1,sexuality,性的関心
eiken1,paramount,最高の;最重要の
eiken1,discord,不一致;不和
eiken1,continuation,継続;持続
eiken1,violation,違反;侵害
eiken1,surpass,超える;勝る
eiken1,ape,類人猿;大猿
eiken1,geology,地質学;岩石の科学
eiken1,tonic,強壮剤;健康促進剤
eiken1,scarce,乏しい;不足している
eiken1,elevate,上げる;昇進させる
eiken1,stick with,に固執する;堅持する
eiken1,nitrogen,窒素;化学元素
eiken1,spectacular,壮観な;見事な
eiken1,epoch,時代;歴史の節目
eiken1,thermal,熱の;温度に関する
eiken1,hold up,持ちこたえる;耐える
eiken1,ironically,皮肉なことに;逆説的に
eiken1,instructive,有益な;教育的な
eiken1,infectious,伝染性の;感染する
eiken1,metabolism,代謝;生体の化学反応
eiken1,weaken,弱める;力を失う
eiken1,unstable,不安定な;ゆらぎやすい
eiken1,jump at,に飛びつく;すぐに受け入れる
eiken1,sincere,誠実な;真剣な
eiken1,awkward,ぎこちない;不器用な
eiken1,plead,懇願する;お願いする
eiken1,multinational,多国籍の;複数の国籍からなる
eiken1,tolerant,寛容な;容認する
eiken1,wilderness,荒野;未開の地
eiken1,stand over,を監督する;延期する
eiken1,microbial,微生物の;細菌の
eiken1,ivory,象牙;象牙質の
eiken1,hold out,持ちこたえる;我慢する
eiken1,prohibit,禁じる;禁止する
eiken1,slaughter,虐殺;大量殺戮
eiken1,disastrous,悲惨な;惨事の
eiken1,eruption,噴火;爆発
eiken1,pick over,吟味して選ぶ;選び抜く
eiken1,under warranty,保証期間中;保証されている
eiken1,profitable,利益のある;収益性の高い
eiken1,durable,耐久性のある;長持ちする
eiken1,warranty,保証;保障
eiken1,dismissal,解散;解任
eiken1,administrative,運営の;管理の
eiken1,replicate,複製する;再現する
eiken1,sue,訴える;訴訟を起こす
eiken1,burglar,強盗;泥棒
eiken1,mortality,死亡者数;死亡率
eiken1,hierarchy,階層;階級
eiken1,feasible,実行可能な;可能性のある
eiken1,density,密度;濃度
eiken1,squalor,不潔;汚さ
eiken1,cramped,狭苦しい;窮屈な
eiken1,adverse,反対の;逆の
eiken1,exclusive,閉鎖的な;内向的な
eiken1,put an end to,を終わらせる;終了させる
eiken1,edible,食べられる;摂取可能な
eiken1,envelop,包む;包装する
eiken1,sustenance,食糧;食料
eiken1,aptly,適切に;適当に
eiken1,premature,時期尚早の;早まった
eiken1,clean cut,きちんとした;整然とした
eiken1,parasite,寄生虫;寄生生物
eiken1,ugly,醜い;見苦しい
eiken1,deliberate,故意の;意図的な
eiken1,smear,塗る;塗布する
eiken1,wedge,くさび;楔形体
eiken1,despicable,卑劣な;下劣な
eiken1,stab,刺す;突き刺す
eiken1,anecdotal,逸話の;物語性のある
eiken1,whitewash,しっくい;モルタル
eiken1,appalling,ぞっとするような;気味の悪い
eiken1,fraternity,友愛;友情
eiken1,supplant,取って代わる;置き換える
eiken1,multiply,掛け算する;乗算する
eiken1,intrinsic,本質的な;基本的な
eiken1,diagnosis,診断;判断
eiken1,cosmic,宇宙の;宙域の
eiken1,progressive,進歩的な;革新的な
eiken1,willingness,意欲;意志
eiken1,strictly,厳密に;厳しく
eiken1,integrity,誠実さ;誠意
eiken1,microscope,顕微鏡;測微鏡
eiken1,array,整列させる;並べる
eiken1,evade,避ける;避ける
eiken1,pile in,どっと中に入る;一気に入る
eiken1,overwhelm,圧倒する;制圧する
eiken1,hunch,直感;本能
eiken1,morbid,病的な;病気の
eiken1,forensic,法廷の;裁判所の
eiken1,convict,有罪とする;罪を宣告する
eiken1,ply,精を出す;努力する
eiken1,forefront,最前部;前線
eiken1,unconscious,無意識の;潜在意識の
eiken1,staunch,堅い;堅固な
eiken1,exploration,探査;探索
eiken1,hasty,急ぐ;急ぎ足で
eiken1,hostile,敵意のある;反感を持つ;敵対視する
eiken1,pile up,を積み上げる;積み重ねる;山積みにする;集積する
eiken1,provider,生産者;製造者
eiken1,prestige,名声;評判
eiken1,liver,肝臓;肝
eiken1,catch up,遅れを取り戻す;追いつく;遅延を補う
eiken1,reimbursement,返済;返金
eiken1,resent,憤る;怒る
eiken1,frankly,率直に;直接的に
eiken1,envious,羨ましい;妬ましい
eiken1,face off,対決する;向き合う;立ち向かう
eiken1,fraction,分数;小数
eiken1,browse,拾い読みする;一部読む
eiken1,seal,密閉する;封鎖する
eiken1,norm,規範;基準
eiken1,naval,海軍の;海軍のもの
eiken1,speak for,を代弁する;の代理で話す;言い表す
eiken1,versatile,多才な;多能な
eiken1,surveillance,監視;見守り
eiken1,submarine,潜水艦;水中艇
eiken1,grain,穀物;穀類
eiken1,prediction,予測;予想
eiken1,rust,錆び;酸化
eiken1,consult,相談する;話し合う
eiken1,pill,丸薬;錠剤
eiken1,potent,効能のある;効果的な
eiken1,esoteric,秘儀の;神秘的な
eiken1,remarkably,著しく;非常に
eiken1,inspiration,ひらめき;思い付き
eiken1,comparable,比較できる;比べられる
eiken1,supplier,供給者;供給元
eiken1,supervisor,上司;長上
eiken1,peg,くぎ;くい
eiken1,regardless of,に関係なく;それにも関わらず
eiken1,tighten,締める;絞る
eiken1,force down,を無理やり飲み込む;強いて飲み込む;無理に飲み込む
eiken1,ambitious,野心的な;大志を抱く
eiken1,quest,探求;探究
eiken1,see through,を見抜く;見通す;透視する
eiken1,mundane,平凡な;普通の
eiken1,stay in touch with,と連絡を取り続ける;絶えず連絡する;つながりを保つ
eiken1,logistics,調達路;供給路
eiken1,vicinity,近所;近隣
eiken1,throw off,を投げ捨てる;放り出す;放棄する
eiken1,eternal,永遠の;永遠不変の
eiken1,mandatory,強制的な;強制力のある
eiken1,diversity,多様性;多様化
eiken1,go under,失敗する;破産する;失敗に終わる
eiken1,not surprisingly,当たり前の事だが;もちろんのことだが;当然のことながら
eiken1,linguistic,言語学;語学
eiken1,availability,可用性;利用可能性
eiken1,latitude,緯度;緯線
eiken1,equator,赤道;赤道線
eiken1,boast,自慢する;誇示する
eiken1,rainfall,降雨量;雨量
eiken1,diverse,多様な;多種多様な
eiken1,barren,実を結ばない;結果を出さない
eiken1,brink,瀬戸際;切羽詰まった状態
eiken1,take on,を雇う;引き受ける;採用する
eiken1,turmoil,騒動;混乱;騒ぎ
eiken1,brutality,残忍性;冷酷さ;非情さ
eiken1,prosper,繁栄する;発展する
eiken1,successive,連続する;続ける;つづく
eiken1,mold,鋳型;型作り/型どる
eiken1,fall through,失敗に終わる;駄目になる;台無しになる
eiken1,conform to,に順応する;慣れる;適応する
eiken1,stability,安定;平穏;均衡
eiken1,insistence,主張;信条;主義
eiken1,toxic,有毒な;毒性の;毒のある
eiken1,stand up to,に抵抗する;耐える;反抗する
eiken1,excel,勝る;優れる;上回る
eiken1,spectrum,波長分布;光の分布;波長の分布
eiken1,detrimental,有害な;害のある;悪影響の
eiken1,modulate,調整する;微調整する;整合する
eiken1,moderate,適度な;適切な;ほどよい
eiken1,downright,真っすぐな;徹底的な;一貫した
eiken1,bring off,を成し遂げる;達成する;完成させる
eiken1,hedge,垣根;障壁;障害物
eiken1,fall for,に夢中になる;騙される;引きつけられる
eiken1,interact,相互作用する;互いに影響を与える
eiken1,consignment,委託;委託品
eiken1,precision,正確さ;精度
eiken1,synthesis,統合;統一
eiken1,accessible,行きやすい;便利な
eiken1,register for,に登録する;に記録する;に記載する
eiken1,foresee,予見する;予測する
eiken1,optimistic,楽観的な;前向きな
eiken1,envision,想像する;思い描く
eiken1,resistant,抵抗する;反抗する
eiken1,weigh on,の重荷になる;負担になる;の負荷となる
eiken1,allay,和らげる;軽減する
eiken1,feel for,を感じる;同情する;を体感する
eiken1,eradicate,根絶する;撲滅する
eiken1,unintended,意図しない;計画しない
eiken1,supervision,監督;指導者
eiken1,play out,最後まで演じる;遊ぶ;最後まで続ける
eiken1,mentally,精神的に;心理的に
eiken1,dent,へこみ;凹み
eiken1,noticeable,目立つ;際立つ
eiken1,rebellious,反抗的な;抵抗的な
eiken1,outrageous,無法な;法律を無視した
eiken1,nasty,不快な;不愉快な
eiken1,pull over,車を止める;車を停止させる;停車させる
eiken1,coup,クーデーター
eiken1,bandage,包帯;絆創膏;ガーゼ
eiken1,pat,軽くたたく;軽く打つ
eiken1,soak,浸す;浸漬する
eiken1,eventual,最終的な;究極的な
eiken1,aim to,するつもりである;意図する
eiken1,gross,全体の;総体的な
eiken1,affluent,裕福な;富裕な
eiken1,imperfect,不完全;未完成
eiken1,measurement,測定;計測
eiken1,substantially,実質的に;本質的に
eiken1,disruptive,破壊的な;破壊力のある
eiken1,inmate,収容者;被収容者
eiken1,differently,異なって;異なる
eiken1,wrap up,纏める;結束する
eiken1,childbirth,出産;分娩
eiken1,tell on,言いつける;密告する
eiken1,midwife,助産婦;産婆
eiken1,predecessor,前任者;先任者
eiken1,discomfort,不快感;違和感
eiken1,pull through,を乗り越える;を超える
eiken1,heal,癒す;治す
eiken1,embarrassed,恥ずかしい;照れる
eiken1,herd,群れ;集団
eiken1,suburban,郊外の;郊外型の
eiken1,placid,穏やかな;温和な
eiken1,bounce back,持ち直す;回復する
eiken1,bliss,至福;極楽
eiken1,cross out,線を引いて消す;を抹消する
eiken1,entice,誘惑する;魅惑する
eiken1,provocative,挑発的な;挑戦的な
eiken1,passionate,情熱的な;熱情的な
eiken1,feminist,男女同権主義者
eiken1,extract,抜き取る;取り除く
eiken1,elicit,引き出す;取り出す
eiken1,deprivation,剥奪;取り上げ
eiken1,confession,告白;自白
eiken1,cascade,小滝;小さな滝
eiken1,erroneous,誤った;間違えた
eiken1,pass off,次第に消える;徐々に消える
eiken1,testimony,証言;申し立て
eiken1,paranoia,妄想症;幻想症
eiken1,gutter,側溝;排水溝
eiken1,settle up,を支払う;払い戻す
eiken1,denounce,非難する;批判する
eiken1,tacit,暗黙の;言わずと知れた
eiken1,consent,同意する;賛成する
eiken1,witch,魔女;魔法使い
eiken1,give in,降伏する;投降する
eiken1,subdue,鎮圧する;抑制する
eiken1,coerce,強制する;強いる
eiken1,crusade,聖戦;聖なる戦争
eiken1,allegedly,申し立てによると;主張によると
eiken1,shady,陰になった;日陰になった
eiken1,intimidation,脅迫;威嚇
eiken1,deceit,詐欺;騙し
eiken1,ail,苦しめる;苦痛を与える
eiken1,assert,主張する;主意を表す
eiken1,rampage,大暴れ;乱闘;乱戦
eiken1,mentor,指導者;リーダー
eiken1,confrontation,対決;対戦
eiken1,presidency,大統領職;首相職
eiken1,brush off,をすげなく断る;無視する;拒否する
eiken1,purge,粛清する;浄化する
eiken1,dire,悲惨な;哀れな
eiken1,unethical,非倫理的な;不道徳な
eiken1,neutral,中立の;公平な
eiken1,abominable,忌まわしい;憎むべき
eiken1,stick up for,を支持する;を弁護する;を擁護する
eiken1,exquisite,絶妙な;見事な
eiken1,incremental,増加の;増大の
eiken1,validity,有効性;効果性
eiken1,discrepancy,不一致;食い違い
eiken1,fix up,を修理する;決定する;を直す
eiken1,momentum,運動量;運動エネルギー
eiken1,rue,後悔する;悔いる
eiken1,nutrient,栄養素;栄養分
eiken1,absorption,吸収;吸取
eiken1,fritter away,時間を費やす;無駄遣いする
eiken1,thrive,繁栄する;隆盛する
eiken1,notable,注目すべき;重要な
eiken1,collate,照合する
eiken1,foam,小さな泡;微細な泡
eiken1,percolate,浸透する;染みる
eiken1,determination,決定;決断
eiken1,reign,統治;治世
eiken1,footing,足場;基盤
eiken1,continuous,継続的な;持続的な
eiken1,demographic,人口統計の;人口統計学の
eiken1,explicit,明らかな;はっきりとした
eiken1,along with,に沿って;従って;伴って
eiken1,lessen,減らす;減少させる
eiken1,portal,正門;入り口;門口
eiken1,repeatedly,繰り返し;反復
eiken1,harry,うるさく悩ます;蹂躙する;苦しめる
eiken1,forbidden,禁じられた;禁止された
eiken1,disturbing,邪魔な;迷惑な
eiken1,par,同等;等価
eiken1,across from,の向かいに;対面に;の向かい側
eiken1,heath,荒野;野原
eiken1,digression,脱線;脱輪
eiken1,malignant,悪意のある;悪意を持った
eiken1,carcinogen,発がん物質;発癌性の物質
eiken1,accumulate,蓄積する;貯蔵する
eiken1,evacuate,避難する;逃避する
eiken1,threshold,閾;閾値
eiken1,invaluable,貴重な;価値のある
eiken1,miss out,機会を逃す;見落とす;見過ごす
eiken1,ubiquitous,至る所に存在する;遍在する
eiken1,burn out,を焼き尽くす;燃え切る;火で追い出す
eiken1,formulate,策定する;計画する
eiken1,feed off,から取って食べる;情報を得る;採取して利用する
eiken1,hidden,隠された;隠秘の
eiken1,botanist,植物学者;植物研究者
eiken1,diplomat,外交官;外交官僚
eiken1,skim over,流し読みする;ざっと読む;素早く読む
eiken1,denote,表示する;示す
eiken1,notorious,悪名高い;有名な
eiken1,monarch,君主;王
eiken1,faction,派閥;党派
eiken1,animosity,敵意;敵対心
eiken1,undermine,弱体化させる;衰退させる
eiken1,ballot,投票用紙;選挙票
eiken1,liability,責任;責務
eiken1,successor,後継;次代
eiken1,aggravate,悪化させる;劣化させる
eiken1,signify,意味する;示す
eiken1,liaison,連絡;連携係
eiken1,slant,傾斜;傾き
eiken1,levity,軽率;軽薄さ
eiken1,collision,衝突;対立
eiken1,compelling,説得力のある;有力な
eiken1,critical of,を批判する;非難する;批評する
eiken1,plunge,突入する;侵入する
eiken1,lava,溶岩;マグマ
eiken1,devastating,壊滅的な;破壊的な
eiken1,dupe,複製品;複製品
eiken1,in line with,に従って;一致して;合致して
eiken1,surge,波打つ;急に上がる
eiken1,adamant,断固たる;固定的な
eiken1,sole,単独の;単一の
eiken1,consensus,同意;同調
eiken1,rein,手綱;馬具
eiken1,exorbitant,法外な;途方もない
eiken1,depletion,枯渇;涸れる
eiken1,split up,を分ける;分割する;区別する
eiken1,regulatory,規制;制限
eiken1,thoroughly,徹底的に;完全に
eiken1,genetic,遺伝的な;遺伝による
eiken1,indigenous,原産の;原生の
eiken1,realistic,現実的な;現実に即した
eiken1,allied,同盟を結んでいる;連携している
eiken1,let up,やめる;弱まる;止む
eiken1,volcano,火山;噴火口
eiken1,cozy,居心地の良い;快適な
eiken1,stubborn,頑固な;固執する
eiken1,neat,きちんとした;整った
eiken1,ease into,にゆっくりと入る;スムーズに入る;滞りなく入る
eiken1,tidy,きちんとした;整った
eiken1,play down,を軽く扱う;手軽に扱う;を見くびる
eiken1,surgical,外科の;外科的な
eiken1,go against,に反して;に逆らって;反対に
eiken1,instantly,すぐに;直ちに;即座に
eiken1,sting,刺す;突く
eiken1,sunburn,日焼け;日焼け跡
eiken1,add up to,結局～になる;結果として
eiken1,venerable,由緒ある;歴史ある
eiken1,play up,を重視する;強調する;優先する
eiken1,assimilate,吸収する;同化する;取り込む
eiken1,terminology,用語;専門用語
eiken1,vault,丸天井;ドーム型の天井
eiken1,indicative,表示する;示す
eiken1,hang out,くつろぐ;リラックスする
eiken1,dilute,薄める;希釈する
eiken1,by contract,契約で;契約上の
eiken1,suitor,求婚者;プロポーザルする人
eiken1,endear,慕わせる;愛される
eiken1,opportune,好機の;絶好の機会
eiken1,proverbial,ことわざの;格言の
eiken1,fall into,に属する;分類される
eiken1,wry,ゆがんだ;歪んだ
eiken1,shaggy,毛深い;毛むくじゃらの
eiken1,drag on,長引く;続きすぎる
eiken1,imperative,命令的な;指令的な
eiken1,life expectancy,余命;生命の期間
eiken1,ornate,華やかな;豪華な
eiken1,drive off,を追い払う;排除する
eiken1,molest,悩ます;困らせる
eiken1,carry through,やり通す;達成する
eiken1,maritime,海事の;海洋に関する
eiken1,finish off,を完成させる;完遂させる
eiken1,ascend,昇る;上昇する
eiken1,stand down,身を引く;後退する
eiken1,rant,怒鳴り立てる;大声で叫ぶ
eiken1,blatant,露骨な;あからさまな
eiken1,lay off,を解雇する;首にする
eiken1,plausible,もっともらしい;信用できる
eiken1,reaffirm,再確認する;再度チェックする
eiken1,delve,掘り下げる;深く調べる
eiken1,excerpt,抜粋;引用
eiken1,timidity,臆病;怯える
eiken1,coarse,粗末な;質素な
eiken1,amass,蓄える;保存する
eiken1,flaunt,誇示する;見せびらかす
eiken1,yeast,酵母;きっかけ
eiken1,frolic,戯れる;遊ぶ
eiken1,procedural,手続きの;手順の
eiken1,momentous,重大な;深刻な
eiken1,counterclockwise,反時計回りの;逆回り
eiken1,frosty,凍えるような;氷点下の
eiken1,garner,集める;収集する
eiken1,grow into,に発展する;進行する;進展する
eiken1,light bulb,電球;光球;蛍光灯
eiken1,bogus,偽の;詐欺的な
eiken1,horrify,怖がらせる;恐れさせる
eiken1,prevent A from B,AをBから防ぐ;AをBから保護する;AをBから妨げる
eiken1,trilogy,三部作;三連作
eiken1,dreadful,恐ろしい;怖い
eiken1,bemoan,嘆く;嘆き悲しむ
eiken1,deflect,そらせる;ゆがめる
eiken1,turbulence,乱気流;渦
eiken1,vista,眺望;景色
eiken1,reliant,頼っている;信頼している
eiken1,pollute,汚染する;汚す
eiken1,binary,二の;二番目の
eiken1,phony,偽物の;模造の
eiken1,shake up,大きく変える;再編する
eiken1,hoist,揚げる;巻き上げる
eiken1,innate,生まれつきの;先天的な
eiken1,colloquial,口語の;話し言葉の
eiken1,abduct,拉致する;誘拐する
eiken1,inaugural,就任の;着任の
eiken1,act on,に従って行動する;従う
eiken1,aquatic,水生の;水中の
eiken1,stunning,驚くような;驚異的な
eiken1,lag,遅れる;遅延する
eiken1,unison,一致;合致
eiken1,pastoral,羊飼いの;牧羊人の
eiken1,launder,洗濯する;洗う
eiken1,authoritative,権威ある;権力のある
eiken1,impart,与える;授ける
eiken1,crunch,噛み砕く;消化する
eiken1,tentative,暫定の;一時的な
eiken1,revamp,改修する;修復する
eiken1,flex,曲げる;湾曲させる
eiken1,transcription,転写;写す
eiken1,convertible,形を変えられる;形状を変化させる
eiken1,water vapor,水蒸気;蒸気
eiken1,colossal,巨大な;大きな
eiken1,revitalize,活性化させる;刺激する
eiken1,thee,汝を;あなたを
eiken1,stub,使い残り;残り物
eiken1,ulcer,潰瘍;出来物
eiken1,indistinct,不明瞭な;ぼやけた
eiken1,divulge,漏らす;暴露する
eiken1,keep A company,Aに同行する;Aとともに行く
eiken1,hollow,空洞のある;中が空の
eiken1,drop back,後退する;後ずさる
eiken1,outcast,追放された;追い出された
eiken1,prudent,用心深い;慎重な
eiken1,debilitate,衰弱させる;弱める
eiken1,insinuate,ほのめかす;示唆する
eiken1,rub in,刷り込む;教え込む
eiken1,oblivious,忘れっぽい;物忘れの激しい
eiken1,traction,牽引;引っ張る
eiken1,with all,にも関わらず;尽力しても
eiken1,ruthlessly,冷酷に;冷徹に
eiken1,scour,こすり洗う
eiken1,genial,親切で愛想のよい;親しみやすい
eiken1,substantive,実質的な;具体的な
eiken1,repeal,廃止する;中止する
eiken1,sloppy,ずさんな;いい加減な
eiken1,tie up,を縛り上げる;束縛する
eiken1,lamentable,哀れな;悲しい
eiken1,interrogate,尋問する;質問攻めにする
eiken1,episcopal,監督の;司教の
eiken1,treason,反逆;反乱
eiken1,dainty,上品な;洗練された
eiken1,dizzy,めまいがする;目が回る
eiken1,concoct,練る;混ぜ合わせる
eiken1,run against,にぶつかる;出くわす
eiken1,scuttle,急いで行く;速く走る
eiken1,loose,緩い;緩んだ
eiken1,get on with,とうまくやっていく;スムーズに進める
eiken1,admonish,訓戒する;警告する
eiken1,in pursuit of,を追跡して;追いかけて
eiken1,questionable,疑わしい;疑念を抱く
eiken1,haughty,高慢な;傲慢な
eiken1,experiment with,を試す;実験する
eiken1,hefty,重い;沈重な
eiken1,soothing,和らげる;軽減する
eiken1,commend,褒める;賞賛する
eiken1,chasten,懲らしめる;罰する
eiken1,liken,例える;比較する
eiken1,spring up,突然現れる;跳ね上がる
eiken1,facile,安易な;手軽な
eiken1,intuitive,直感的な;直感力の
eiken1,capitalize,大文字にする;大型化する
eiken1,folly,愚かな;馬鹿な
eiken1,fend,避ける;回避する
eiken1,coalesce,合体する;結合する
eiken1,alleviate,和らげる;軽減する
eiken1,exhale,吐き出す;放出する
eiken1,slip by,そっと通り過ぎる;静かに過ぎる
eiken1,enigmatic,謎めいた;神秘的な
eiken1,gnaw,かじる;噛む
eiken1,inter,埋葬する;埋める
eiken1,loathe,嫌う;嫌悪する
eiken1,real estate,不動産;物件
eiken1,venue,現場;場所
eiken1,cardinal,主要な;中心的な
eiken1,lousy,ひどい;悪い
eiken1,resurrect,復活させる;再生する
eiken1,nestle,寄り添う;側にいる
eiken1,temperament,気質;性質
eiken1,dismay,がっかりさせる;失望させる
eiken1,abort,中絶する;挫折する
eiken1,elusive,捉えどころのない;不確定な
eiken1,neurotic,神経症の;神経質な
eiken1,confound,混乱させる;乱す
eiken1,step down,降りる;身を引く
eiken1,tenure,任期;期間
eiken1,laughable,失笑を買った;笑われた
eiken1,rebel against,に反抗する;対抗する
eiken1,statistic,統計;統計学
eiken1,clockwise,時計回りに;右回りに
eiken1,curtail,削減する;減少させる
eiken1,entrust,委託する;依頼する
eiken1,catastrophic,破滅的な;壊滅的な
eiken1,fire up,点火する;起動する
eiken1,come along,一緒に行く;共に進む
eiken1,injurious,有害な;危害を及ぼす
eiken1,back off,後退する;後ろに下がる
eiken1,sign up,登録する;署名する
eiken1,complementary,補完的な;補足的な
eiken1,nasal,鼻の;鼻関連の
eiken1,drawl,ゆっくり話す;遅く話す
eiken1,dietary,食事の;食事関連の
eiken1,peripheral,周辺の;近隣の
eiken1,crumple,くしゃくしゃにする;よれる
eiken1,prolong,延ばす;伸ばす
eiken1,out of the question,話にならない;不可能な
eiken1,heave,盛り上がる;興奮する
eiken1,molecular,分子の;微小な
eiken1,gingerly,極めて慎重に;非常に注意深く
eiken1,giddy,めまいがする;頭が回る
eiken1,nomadic,遊牧の;移動する
eiken1,recoup,取り戻す;回収する
eiken1,strenuous,努力を要する;骨の折れる
eiken1,demolish,取り壊す;壊す
eiken1,scratch out,(線を引いて)消す;取り消す
eiken1,meticulous,細心の;慎重な
eiken1,acquaint,知らせる;通知する
eiken1,treatise,論文;論説
eiken1,oust,追い払う;追い出す
eiken1,empirical,経験に基づいた;実績からの
eiken1,confiscate,没収する;押収する
eiken1,fall away,弱まる;落ちる
eiken1,startling,驚くべき;驚異的な
eiken1,be aimed at,を狙っている;が意図されている
eiken1,discrete,個別の;独自の
eiken1,termination,終了;終わり
eiken1,mull,良く考える;砂糖を入れて温める
eiken1,overhaul,分解検査する;分析検査する
eiken1,obligate,義務づける;強制する
eiken1,wretch,みじめな人;不運な人
eiken1,ardent,熱心な;情熱的な
eiken1,run down,流れ落ちる;荒廃する
eiken1,innermost,奥底の;深層の
eiken1,volatile,揮発性の;揮発する
eiken1,beguile,惑わす;混乱させる
eiken1,come down to,結局～になる;に帰する
eiken1,impoverished,貧しい;貧弱な
eiken1,veto,拒否権;拒絶権
eiken1,arduous,骨の折れる;困難な
eiken1,crafty,狡猾な;ずるい
eiken1,ferocious,どう猛な;激しい
eiken1,bureaucratic,官僚的な;形式的な
eiken1,construe,解釈する;解明する
eiken1,derivative,派生した;派生する
eiken1,mystic,神秘的な;不可解な
eiken1,magnify,拡大する;増大する
eiken1,impending,起こりそうな;可能性がある
eiken1,gallant,勇敢な;勇気のある
eiken1,appease,なだめる;鎮める
eiken1,reverberate,反響する;反応する
eiken1,groundless,根拠のない;無根拠の
eiken1,invincible,無敵の;無敵な
eiken1,deficient,欠乏した;不足した
eiken1,pass for,として通る;通過する
eiken1,singular,特異な;特有の
eiken1,indifferent,無関心な;冷淡な
eiken1,devolve,譲り渡す;移譲する
eiken1,emanate,発する;出す
eiken1,inconspicuous,目立たない;控えめな
eiken1,pediatric,小児科の;子供の病気の
eiken1,wartime,戦時;戦争時
eiken1,pristine,元の;以前の
eiken1,incompetent,無能な;劣る
eiken1,bask,日向ぼっこする;日光浴する
eiken1,duplicate,複製する;複写する
eiken1,definitive,決定的な;断定的な
eiken1,treachery,裏切り;背信
eiken1,hamper,妨げる;邪魔する
eiken1,back down,手を引く;撤退する
eiken1,stern,厳しい;厳格な
eiken1,chide,叱る;怒る
eiken1,crackle,パチパチと音をたてる;クリックする
eiken1,peek,ちらっと覗く;一瞥する
eiken1,obsolete,時代遅れの;古臭い
eiken1,proportionate,比例した;均等な
eiken1,viable,生存できる;生き抜く
eiken1,grate,格子;格子状
eiken1,bank on,を当てにする;依存する
eiken1,neutralize,中和する;中立化する
eiken1,graceful,優雅な;洗練された
eiken1,fall off,減少する;減る
eiken1,look down on,を見下す;軽視する
eiken1,stingy,けちな;節約好きの
eiken1,jab,突き刺す;突き立てる
eiken1,dusky,薄暗い;昏い
eiken1,subdivision,細分化;分割
eiken1,focal,焦点の;中心の
eiken1,shun,避ける;回避する
eiken1,wig,カツラ;人工の髪
eiken1,discernible,識別できる;区別できる
eiken1,exhilarate,陽気にさせる;楽しくさせる
eiken1,customary,慣習的な;伝統的な
eiken1,stick around,居残る;うろうろする
eiken1,stuffed,詰め込んだ;充填した
eiken1,mince,刻む;細かく切る
eiken1,statutory,法定の;法的な
eiken1,role model,お手本;模範
eiken1,obstruct,邪魔する;妨害する
eiken1,stature,身長;身の丈
eiken1,talk down to,見下して話す;軽蔑して話す
eiken1,recurring,繰り返し;再三
eiken1,ignite,点火する;火をつける
eiken1,make progress,進歩する;進展する
eiken1,lose out to,に負ける;敗れる
eiken1,ominous,不吉な;不運な
eiken1,mitigate,和らげる;柔らかくする
eiken1,vicar,牧師;神父
eiken1,collateral,並び合った;横に並んだ
eiken1,semantic,意味論の;意味学の
eiken1,disquiet,不穏な;不安定な
eiken1,hale,元気な;活発な
eiken1,muse,深く考える;熟考する
eiken1,autonomous,自律的な;独立的な
eiken1,give over,を任せる;委ねる
eiken1,gloat,満足げに眺める;得意に見る
eiken1,retaliate,報復する;仕返しする
eiken1,relinquish,放棄する;捨てる
eiken1,superfluous,余計な;過剰な
eiken1,make over,を作り替える;改造する
eiken1,stop A from doing B,AがBすることを止める;AがBするのを禁じる
eiken1,scoff,嘲笑する;あざ笑う
eiken1,cringe,すくむ;怯える
eiken1,pissed,腹を立てた;怒った
eiken1,despite,にも関わらず;とはいえ
eiken1,benign,良性の;善良な
eiken1,bring on,を引き起こす;誘発する
eiken1,inflammatory,炎症性の;炎症を引き起こす
eiken1,wharf,波止場;埠頭
eiken1,press for,をせがむ;催促する
eiken1,shear,刈り取る;収穫する
eiken1,incumbent,責務がある;義務がある
eiken1,wistful,もの悲しい;哀しい
eiken1,disgraceful,恥ずかしい;恥じらいの
eiken1,invest in,に投資する;資金を提供する
eiken1,sinister,不吉な;縁起が悪い
eiken1,sprout,芽;新芽
eiken1,fraudulent,詐欺;欺騙
eiken1,improvise,即興で作る;その場で作り出す
eiken1,turnaround,方向転換;方向変更
eiken1,contentious,論争好きな;争い好きな
eiken1,sag,たるむ;弛む
eiken1,jilt,恋人を見捨てる;突然別れる
eiken1,entreat,懇願する;頼む
eiken1,gastric,胃の;胃部の
eiken1,revoke,取り消す;撤回する
eiken1,branch off,分岐する;枝を広げる
eiken1,coax,説き伏せる;説得する
eiken1,illicit,不法の;違法な
eiken1,cut off,を断つ;切る
eiken1,briskly,活発に;元気に
eiken1,languish,弱る;衰える
eiken1,avenge,仇を討つ;復讐する
eiken1,divisive,不和の生じた;対立している
eiken1,diminutive,とても小さな;極小の
eiken1,beckon,手招きする;招く
eiken1,elude,逃げる;逃走する
eiken1,enclose,囲む;同封する
eiken1,espouse,支持する;後援する
eiken1,imminent,差し迫った;切迫した
eiken1,quash,鎮圧する;破棄する
eiken1,get into,に入り込む;合格する
eiken1,toddler,幼児;小児
eiken1,peddle,行商する;売り歩く
eiken1,relegate,左遷する;異動させる
eiken1,waterfall,滝;瀑布
eiken1,warden,監視員;見張り
eiken1,mediocre,平凡な;普通の
eiken1,derail,脱線させる;乱す
eiken1,inflame,燃え上がらせる;炎上させる
eiken1,urine,尿;尿液
eiken1,watershed,分水領;分岐点
eiken1,intermediary,仲介の;調停の
eiken1,ultraviolet,紫外線の;UVの
eiken1,wary,警戒している;注意している
eiken1,dish out,盛り付ける;配膳する
eiken1,vigorously,精力的に;エネルギッシュに
eiken1,tint,色合い;色調
eiken1,nudge,軽くつつく;ちょんと突く
eiken1,quarrelsome,議論好きな;論争好きな
eiken1,creepy,気味悪い;不快な
eiken1,fragmentary,断片的な;部分的な
eiken1,sorely,ひどく;非常に
eiken1,vocational,職業の;仕事の
eiken1,set aside,横に置く;取っておく
eiken1,eschew,避ける
eiken1,disguise,変装させる; 見せかける
eiken1,usher,案内係;ガイド
eiken1,scattered,散らばった;散在した
eiken1,jumble,乱雑にする;乱す
eiken1,dormant,休眠中の;休止中の
eiken1,corrupt,不正行為をする;カンニングする
eiken1,crackdown,取り締まり;監視
eiken1,malaise,不快感;違和感
eiken1,bigotry,偏屈;頑固
eiken1,fanatic,狂信者;過激派
eiken1,stash,隠しておく;秘密にする
eiken1,reconnaissance,偵察;偵查
eiken1,proclamation,宣言;公言
eiken1,inhibitor,抑制する人;制御者
eiken1,to the point,適切な;要領を得た;適当な
eiken1,rancor,怨恨;憎しみ
eiken1,transcribe,複写する;複製する
eiken1,catch on,流行する;受け入れられる;人気を博す
eiken1,rift,切れ目;切り口;断ち切り
eiken1,chant,単調な歌;一本調子の歌
eiken1,edifice,建築物;構造物
eiken1,rectitude,実直さ;誠実さ
eiken1,puddle,水たまり;溜水
eiken1,flurry,突風;突然の風
eiken1,take A away from B,BからAを取る;BからAを除外する
eiken1,quartet,四人組;4人組み
eiken1,prelude,前触れ;予兆
eiken1,penchant,強い好み;強い趣味
eiken1,skew,斜めの;傾いた
eiken1,read off,を読み上げる;すらすら読む;声に出して読む
eiken1,on the run,逃走中の;走っている;逃げ足を使って
eiken1,ensemble,全体的効果;全般的な影響;全体の影響
eiken1,remedy,治療法;治療手段
eiken1,rout,敗走;撤退
eiken1,saving account,普通預金;通常の預金;銀行預金
eiken1,resurrection,復活;再生
eiken1,frost,霜;霜降り
eiken1,locus,座標;位置情報
eiken1,fatality,死者;災害;犠牲者
eiken1,pathology,病理学;疾病学
eiken1,whirl,渦巻く;旋回する
eiken1,evasion,回避;避ける
eiken1,fallacy,誤信;誤解
eiken1,marrow,骨髄;髄
eiken1,hiatus,隙間;割れ目;ひび
eiken1,convergence,収束;集約;集中
eiken1,rebuff,拒絶;拒否
eiken1,coffer,金庫;金箱
eiken1,cohort,軍隊;仲間;部隊
eiken1,retaliation,報復;仕返し
eiken1,hyperbole,誇張;過大評価
eiken1,bower,木陰;樹下
eiken1,sanitation,衛生;清潔さ
eiken1,pilgrimage,巡礼;巡り参り
eiken1,outskirt,郊外;外れ
eiken1,wince,ひるむ;後退する
eiken1,crate,箱;容器
eiken1,neutron,中性子;原子核の一部
eiken1,testimonial,証明書;表彰状;認定書
eiken1,set in,始まる;起こる;発生する
eiken1,gala,祭り;祭典
eiken1,provide A with B,AにBを供給する;AにBを提供する
eiken1,lop off,切り落とす;削除する;落とす
eiken1,clump,木立ち;木々
eiken1,perimeter,周囲;環境;周囲の状況
eiken1,repository,倉庫;蔵
eiken1,buffer,緩衝;緩和
eiken1,courtship,求愛;愛の告白
eiken1,turn down,を断る;拒む;拒絶する
eiken1,hand off,を渡す;手渡す;与える
eiken1,shackle,手錠;手枷
eiken1,prank,いたずら;悪ふざけ
eiken1,shut out,を締め出す;閉め出す;遮る
eiken1,contribute to,に貢献する;助けとなる;役立つ
eiken1,look to,を頼りにする;信頼する;頼りにする
eiken1,antipathy,反感;嫌悪
eiken1,configure,構成;設定;配置
eiken1,libel,名誉毀損;中傷
eiken1,enactment,立法;法制定
eiken1,accreditation,認定;承認
eiken1,invader,侵略者;侵入者
eiken1,caliber,口径;直径
eiken1,set off,を引き起こす;招く;原因となる
eiken1,get by,どうにか切り抜ける;何とか乗り越える;うまく乗り切る
eiken1,lighthouse,灯台;燈台
eiken1,give off,を放つ;放出する;発散する
eiken1,hang around,うろつく;徘徊する;歩き回る
eiken1,connoisseur,鑑定家;評価家
eiken1,masculinity,男らしさ;男性らしさ
eiken1,glee,歓喜;喜び
eiken1,pseudonym,偽名;偽の名前;仮名
eiken1,bane,悩みの種;問題点
eiken1,goad,つき棒;棒
eiken1,abbey,修道院;僧院
eiken1,wobble,ぐらぐらする;揺れる
eiken1,opus,作品;制作物
eiken1,quip,警句;警告の言葉
eiken1,swoon,気絶;失神
eiken1,bring out,を引き出す;引き起こす;招く
eiken1,hub,中心部;核心
eiken1,plume,飾り羽根;装飾用の羽
eiken1,feud,確執;対立
eiken1,cornerstone,礎石;基礎
eiken1,petal,花弁;花びら
eiken1,pass on,通り過ぎる;通る
eiken1,screech,金切り声;高い叫び声
eiken1,consolation,慰め;励まし
eiken1,twitch,ぐいと引く;強く引っ張る
eiken1,affirmation,断言;明言
eiken1,ramification,分岐;分岐点
eiken1,go over,を繰り返す;再び行う
eiken1,entrepreneurship,起業家精神;創業者の心
eiken1,entourage,側近;近侍
eiken1,heresy,異説;違う意見
eiken1,precursor,前触れ;予告
eiken1,maverick,異端者;外道
eiken1,misgiving,懸念;心配
eiken1,sit in,座り込む;座って抗議する
eiken1,nausea,吐き気;むかつき
eiken1,overture,序曲;前奏曲
eiken1,place limitation on,に制限を加える;限界を設ける
eiken1,abdomen,腹部;腹の部分
eiken1,down payment,頭金;手付金
eiken1,anemia,貧血症;赤血球不足
eiken1,tip over,ひっくり返る;転覆する
eiken1,clean out,を一掃する;取り除く;排除する
eiken1,contrition,悔み;後悔
eiken1,specter,妖怪;妖精
eiken1,ferocity,凶暴性;獰猛さ
eiken1,stitch,一編み;一つ編み
eiken1,law enforcement,法の執行;法の適用;法の施行
eiken1,rigor,厳格;厳重
eiken1,tad,ちびっ子;子供
eiken1,take up,を取り上げる;没収する;取り除く
eiken1,gall,憎しみ;胆汁
eiken1,caveat,警告;警戒
eiken1,fang,牙;犬歯
eiken1,trade in,を下取りに出す;下取りする;交換する
eiken1,mason,石工;石匠
eiken1,sheen,光沢;輝き
eiken1,succumb,屈する;服する
eiken1,archipelago,群島;諸島
eiken1,trudge,とぼとぼ歩く;のろのろ歩く
eiken1,incompetence,無能;無力
eiken1,asteroid,小惑星;アステロイド
eiken1,broom,ほうき;掃除道具
eiken1,porcelain,磁器;陶磁器
eiken1,torso,胴体;胴部
eiken1,repercussion,反響;反応;反射
eiken1,slouch,前かがみ;前を向く
eiken1,milieu,環境;周りの状況
eiken1,communique,公式発表;公式通知;公表
eiken1,in search of,を探して;探索して;探る
eiken1,homage,敬意;尊敬
eiken1,hump,こぶ;隆起
eiken1,efficacy,効能;効果
eiken1,ballpark,概算;おおよその計算
eiken1,plaza,大広場;広場
eiken1,clout,影響力;影響
eiken1,stay off,から離れる;距離を取る
eiken1,excursion,遠足;日帰り旅行
eiken1,hoax,悪ふざけ;いたずら
eiken1,rapprochement,和睦;平和の協定
eiken1,vindicate,疑いを晴らす;疑念を取り除く
eiken1,anesthesia,麻酔;麻酔薬
eiken1,mourning,喪中;服喪中
eiken1,barracks,兵舎;兵営
eiken1,wield,振り回す;使う
eiken1,lift off,離陸する;飛び立つ
eiken1,crescent,三日月;新月
eiken1,fragmentation,断片化;分断
eiken1,enigma,不可解なこと;理解不能なこと
eiken1,sabotage,妨害行為;邪魔
eiken1,excavation,発掘;探し出す
eiken1,get away with,を避ける;からやり過ごす
eiken1,pick through,を探る;選りすぐる
eiken1,trip up,をつまづかせる;揚げ足をとる
eiken1,gazette,官報;公報
eiken1,casket,小箱;小さな容器
eiken1,talk up,を大袈裟にほめる;過大に評価する
eiken1,mirage,蜃気楼;海市
eiken1,put in,取り付ける;取り組む
eiken1,handout,配布物;配布資料
eiken1,dogma,教義;教理
eiken1,bribe,賄賂;贈賄
eiken1,pantry,食料品室;食品庫
eiken1,psycho,精神病患者;精神障害者
eiken1,benefactor,恩人;恩を受けた人
eiken1,optics,光学;光の学問
eiken1,assortment,詰め合わせ;詰め物
eiken1,garland,花飾り;栄冠
eiken1,grid,格子;格子状
eiken1,sabbath,安息日;休息の日
eiken1,even out,平らになる;安定する
eiken1,oracle,神のお告げ;神託
eiken1,subject to,の支配下にある;によると
eiken1,corpus,文書資料の集成;文献集積
eiken1,median,中央の;中心的な
eiken1,plagiarism,盗用;窃取
eiken1,quagmire,泥沼;泥の沼
eiken1,coercion,強制;強要
eiken1,crack up,大破する;くじける
eiken1,smirk,にやにや笑う;微笑む
eiken1,carcass,死骸;遺体
eiken1,deterioration,悪化;劣化
eiken1,ark,箱舟;ノアの方舟
eiken1,ovation,熱烈な歓迎;熱心な歓迎
eiken1,ailment,病気;疾患
eiken1,burglary,強盗;住宅侵入
eiken1,jihad,聖戦;宗教的な戦争
eiken1,laureate,受賞者;授賞者
eiken1,stud,種馬;繁殖馬
eiken1,annuity,年金;退職金
eiken1,keep up with,に遅れず付いていく;ついていく
eiken1,horde,遊牧民族;移動する民
eiken1,bravado,虚勢;見せかけ
eiken1,orphanage,孤児院;孤児の家
eiken1,surcharge,追加料金;追加費用
eiken1,stepfather,継父;義父
eiken1,impunity,免責;免除
eiken1,give away,無償で配る;暴露する
eiken1,patrician,貴族;貴人
eiken1,supremacy,最高;至高
eiken1,cove,入り江;湾
eiken1,pulp,果肉;果実の肉
eiken1,debtor,債務者;借金者
eiken1,outburst,爆発;爆破
eiken1,banquet,宴会;祝宴
eiken1,head out,出発する;去る
eiken1,decency,良識;良知
eiken1,outage,停電;電力断
eiken1,snag,突起;隆起
eiken1,furrow,溝;水路
eiken1,grow on,成長する;大きくなる
eiken1,doctorate,博士号;博士の学位
eiken1,scourge,むち;天罰
eiken1,midday,正午;真昼
eiken1,come before,の前に現れる;先立って現れる
eiken1,tenor,進路;趣旨
eiken1,probation,試用期間;試験期間
eiken1,felon,重罪犯人;凶悪犯
eiken1,hygiene,衛生;清潔
eiken1,furor,激怒;怒り狂う
eiken1,pigment,顔料;色素
eiken1,swagger,いばって歩く;得意げに歩く
eiken1,what is more,さらに;さらには
eiken1,blackout,停電;電源断
eiken1,graveyard,墓地;霊園
eiken1,cognition,認知;認識
eiken1,tense,時制;時間体系
eiken1,protagonist,主人公;主役
eiken1,graft,接ぎ木;挿し木
eiken1,noun,名詞;単語
eiken1,rodent,齧歯類;小型哺乳動物
eiken1,relapse,再発;再度の発生
eiken1,lock in,を閉じ込める;隔離する
eiken1,conundrum,難問;難題
eiken1,debacle,総崩れ;崩壊
eiken1,fall back on,に頼る;信じる
eiken1,phantom,幻影;幽霊
eiken1,stagnation,停滞;滞止
eiken1,jeopardy,危機;窮地
eiken1,fetus,胎児;胎子
eiken1,quantum,量子;量子単位
eiken1,moth,蛾;衣蛾
eiken1,incarceration,投獄;監獄送り
eiken1,count on,に頼る;を当てにする
eiken1,sling,つり縄;つり紐
eiken1,predicament,苦境;困難
eiken1,magistrate,行政長官;行政官
eiken1,stealth,内密;秘密
eiken1,borough,自治区;自治体
eiken1,infringement,侵害;侵犯
eiken1,arthritis,関節炎;関節の炎症
eiken1,squadron,戦隊;部隊
eiken1,stir up,をかき混ぜる;刺激する
eiken1,burrow,隠れ場所;隠れ家
eiken1,heyday,全盛期;最盛期
eiken1,coroner,検死官;法医
eiken1,lookout,警戒;眺望
eiken1,pass over,を無視する;通り越す
eiken1,dearth,欠乏;不足
eiken1,cut in,切り込む;干渉する
eiken1,decor,装飾;装飾品
eiken1,hypertension,高血圧;高血圧症
eiken1,rationale,理論的根拠;理論的基盤
eiken1,reflex,反射;反射作用
eiken1,mounting,取り付け;取り付けること
eiken1,blast off,発射される;打ち上げられる
eiken1,renegade,反逆者;反乱者
eiken1,defamation,名誉毀損;中傷
eiken1,incest,近親相姦;近親関係
eiken1,pass out,気絶する;出ていく
eiken1,swoop,急降下する;急落する
eiken1,roster,当番表;シフト表
eiken1,biopsy,生体組織検査;生体サンプル検査
eiken1,paramedic,救急救命士;救命士
eiken1,breadth,幅;横幅
eiken1,firearm,銃器;火器
eiken1,foreground,前景;背景
eiken1,scar,傷跡;痕跡
eiken1,acquittal,無罪放免;無罪を宣告する
eiken1,adultery,姦通;不倫
eiken1,thermometer,温度計;体温計
eiken1,rampart,城壁;城の壁
eiken1,sire,雄親;父親
eiken1,jug,水差し;じょうろ
eiken1,intolerance,不寛容;偏見
eiken1,axe,斧;戦斧
eiken1,larva,幼虫;子虫
eiken1,statesman,政治家;政府の役人
eiken1,rendezvous,待ち合わせ;会合
eiken1,caravan,隊;部隊
eiken1,thug,刺客;暗殺者
eiken1,break down,を壊す;解体する
eiken1,cultivation,栽培;耕作
eiken1,stronghold,拠点;基地
eiken1,leash,ひも;くさり
eiken1,take in,を摂取する;取り入れる
eiken1,atheism,無神論;神を信じない考え
eiken1,ransom,身代金;解放金
eiken1,adjective,形容詞;形容する言葉
eiken1,fluke,まぐれ当たり;まぐれで
eiken1,guise,外観;見た目
eiken1,propensity,傾向;流れ
eiken1,squeal,悲鳴を上げる
eiken1,homicide,殺人;人を殺す行為
eiken1,in use,使用中の;利用している
eiken1,thyroid,甲状腺;頸部の腺
eiken1,replace A as B,BとしてAに取って代わる;BとしてAの位置を占める
eiken1,cache,貯蔵庫;保存場所
eiken1,due to,のせいで;の理由で
eiken1,moderation,節度;節制
eiken1,push through,押し通す;芽が出る
eiken1,stockpile,備蓄;保存物
eiken1,flagship,旗艦;主力艦
eiken1,go back on,を裏切る;約束を破る
eiken1,hypocrite,偽善者;偽善行為をする人
eiken1,battalion,大隊;部隊
eiken1,meteor,流星;流れ星
eiken1,informant,通報者;情報提供者
eiken1,retina,網膜;眼の内部の膜
eiken1,attribute A to B,AをBに依るものとする;AをBとみなす
eiken1,soothe,落ち着かせる;安定させる
eiken1,abduction,拉致;誘拐
eiken1,cliche,決まり文句;決まった言葉
eiken1,kinship,親族;家族
eiken1,respite,一休み;休憩
eiken1,snarl,唸る;吠る
eiken1,gloom,暗がり;憂鬱
eiken1,centerpiece,最重要;最も重要
eiken1,platoon,小隊;部隊
eiken1,pollen,花粉;植物の粉
eiken1,inception,始まり;開始
eiken1,genealogy,系譜;家系
eiken1,insurgency,反乱;反乱軍
eiken1,plaster,石膏;ギプス
eiken1,remorse,後悔;過ちを後悔する
eiken1,cupboard,食器棚;食器収納
eiken1,go about,歩き回る;広まる
eiken1,curator,学芸員;学芸スタッフ
eiken1,paste,のり;接着剤
eiken1,show up,姿を現す;姿を表わす
eiken1,refinery,精製所;精練工場
eiken1,iceberg,氷山;巨大な氷の塊
eiken1,savior,救い主;救済者
eiken1,prostitution,売春;売身
eiken1,crap,くだらないもの;つまらないもの
eiken1,hive,ミツバチの巣箱;巣箱のミツバチの群れ
eiken1,pediatrician,小児科医;子供の医者
eiken1,irresistible,抵抗できない;無力な
eiken1,vain,うぬぼれが強い;自惚れた
eiken1,sum up,を合計する;集計する
eiken1,decipher,解読する;暗号を解く
eiken1,exhort,勧める;推薦する
eiken1,hearten,元気づける;励ます
eiken1,shitty,くだらない;ばかばかしい
eiken1,side job,副業;アルバイト
eiken1,no better than,と変わらない;同等の
eiken1,instill,注入する;打ち込む
eiken1,intractable,手に負えない;コントロールできない
eiken1,negate,無効にする;取り消す
eiken1,faulty,欠点のある;不完全な
eiken1,murky,陰気な;暗い
eiken1,whiff,ほのかな匂い;薄い香り
eiken1,analogous,類似の;似ている
eiken1,disgruntled,不満な;不機嫌な
eiken1,idyllic,のどかな;穏やかな
eiken1,receptive,受容性のある;受け入れ可能な
eiken1,laud,称賛する;賞賛する
eiken1,miltary service,兵役;兵役の義務
eiken1,perennial,一年中続く;年間を通じて
eiken1,fraternal,兄弟の;兄妹の関係
eiken1,overt,明白な;明確な
eiken1,precocious,早熟の;早く成熟する
eiken1,utilization,利用;使用
eiken1,conjure,唱えて呼ぶ;呼びかける
eiken1,galvanize,電流を流す;通電する
eiken1,garnish,飾る;装飾する
eiken1,existential,実存の;存在する
eiken1,advise A on B,AにBについて助言する;AにBにアドバイスする
eiken1,ascribe,のせいにする;責任を転嫁する
eiken1,vengeance,復讐;報復
eiken1,brash,せっかちな;急かせる
eiken1,goofy,間抜けな;馬鹿げた
eiken1,implacable,和解しにくい;対立しやすい
eiken1,poignant,強烈な;極端な
eiken1,deterrent,抑止する;制止する
eiken1,take pride in,を誇りにする;自慢する
eiken1,just around the corner,目前に来ている;すぐ近く
eiken1,pertinent,関係がある;関連する
eiken1,punitive,懲罰的な;罰するような
eiken1,disband,解散する;ばらばらにする
eiken1,lofty,高尚な;高潔な
eiken1,glowing,白熱した;熱狂的な
eiken1,therein,その中に;内部に
eiken1,cerebral,脳の;神経の
eiken1,abet,扇動する;煽る
eiken1,vanguard,前衛;先駆者
eiken1,adjoining,隣の;隣接する
eiken1,eerie,不気味な;気味が悪い
eiken1,stagnant,停滞している;静止している
eiken1,contingent,起こりうる;発生可能な
eiken1,latent,潜在している;隠れている
eiken1,prescribed,所定の;指定された
eiken1,staggering,千鳥足の;ふらふらの
eiken1,as it stands,現状では;今のところでは;現在の状態で
eiken1,daring,大胆な;果敢な
eiken1,wreckage,残骸;遺骸;がれき
eiken1,flop,ばったり倒れる;突然倒れる
eiken1,incite,扇動する;煽る
eiken1,pursuant,に従って;従い
eiken1,warhead,弾頭;弾丸
eiken1,interdisciplinary,学際的な;多分野の
eiken1,scathing,痛烈な;厳しい
eiken1,tyrant,暴君;専制君主
eiken1,astute,鋭い;鋭敏な
eiken1,on average,平均して;平均する;平均値で
eiken1,orbital,軌道の;軌道に関する
eiken1,alias,別名は;別称は
eiken1,fumble,手探りする;取り損ねる;手間取る
eiken1,whirlwind,旋風;つむじ風;竜巻
eiken1,detach,切り離す;分断する
eiken1,unjust,不当な;不適切な
eiken1,textual,本文の;正文の;原本の
eiken1,sleek,滑らかな;艶やかな
eiken1,amply,広々と;広大に
eiken1,makeshift,その場しのぎの;仮の
eiken1,in order,順序通りに;整った;順番通りに
eiken1,unconventional,型破りな;非凡な
eiken1,writ,令状;逮捕令
eiken1,hesitant,ためらった;躊躇した
eiken1,introspective,内省的な;反省的な
eiken1,obscene,卑猥な;下劣な
eiken1,apprehend,捕らえる;捕獲する
eiken1,gasp,息をのむ
eiken1,expatriate,自国を離れる;出国する
eiken1,dim,薄暗い
eiken1,heterosexual,異性愛の
eiken1,exult,喜ぶ;うれしく思う
eiken1,coy,恥ずかしいふりをした;照れくさいふりをした
eiken1,heady,せっかちな;急かせる
eiken1,embroil,巻き込む;関与させる
eiken1,affective,優しい;親切な
eiken1,keep A out of B,AをBに入れない;AをBに含めない
eiken1,bipolar,二極ある;二極性がある
eiken1,bullish,頑固な;固執する
eiken1,adrift,漂流して;漂う;流されている
eiken1,overblown,誇張された;過大評価された
eiken1,aforementioned,前述の;先に述べた
eiken1,come off,から取れる;外れる;取り外す
eiken1,glean,集める;収集する
eiken1,brandish,振り回す;使う;利用する
eiken1,abdominal,腹部の;腹の
eiken1,curt,そっけない;無愛想な
eiken1,talk over,相談する;議論する
eiken1,annul,無効にする;無効化する
eiken1,forlorn,孤独な;寂しい
eiken1,annex,添付する;別館
eiken1,tawdry,安っぽい;安易な
eiken1,terrestrial,地球上の;地上の
eiken1,whim,気まぐれ;移り気な
eiken1,celestial,天体の;星座の
eiken1,rampant,自由奔放な;はびこった;無節操な
eiken1,devious,遠回りの;回り道の
eiken1,quirky,風変わりな;奇抜な
eiken1,sardonic,冷笑的な;皮肉な
eiken1,close in,を閉じ込める;隔離する;密閉するように閉じる
eiken1,corroborate,裏付ける;裏を取る
eiken1,confess to,を白状する;告白する;自白する
eiken1,intestinal,腸の;腸管の
eiken1,retrospective,回顧的な;振り返る
eiken1,sleazy,低級な;薄っぺらな;下品な
eiken1,forestall,先んずる;先駆ける
eiken1,forgo,差し控える;遠慮する
eiken1,canine,犬の;犬用の
eiken1,bring A in,Aを持ち込む;持参する
eiken1,savvy,分かる;理解する
eiken1,antiquated,時代遅れの;古い
eiken1,resilient,弾力性のある;柔軟な
eiken1,audacious,大胆な;勇敢な
eiken1,austere,厳格な;厳重な
eiken1,fluorescent,蛍光の;発光する
eiken1,outstrip,追い越す;先行する
eiken1,hum,鼻歌を歌う;ブーンと鳴る
eiken1,whimsical,気まぐれな;移り気な
eiken1,extol,絶賛する;高く評価する
eiken1,drizzle,霧雨が降る;細かい雨が降る
eiken1,vandalism,破壊行為;破壊的な行い
eiken1,retarded,発達の遅れた;遅滞している
eiken1,abrupt,突然の;急な
eiken1,arcane,不可思議な;神秘的な
eiken1,neural,神経の;神経系の
eiken1,vile,下劣な;卑猥な
eiken1,solemn,厳粛な;真剣な
eiken1,translucent,半透明の;透けて見える
eiken1,degenerate,退化する;後退する
eiken1,obliterate,抹消する;消去する;線を引いて消す
eiken1,falter,ためらう;躊躇する
eiken1,in excess,過度に;余分に;過剰に
eiken1,brazen,厚かましい;無礼な
eiken1,fluffy,綿毛の;フワフワした
eiken1,faded,色あせた;退色した
eiken1,pony up,お金を出す;出資する;支払う
eiken1,inundate,水浸しにする;水没させる
eiken1,meander,蛇行する;曲がりくねる
eiken1,paid vacation,有給休暇;給与付きの休暇
eiken1,luxurious,豪華な;贅沢な
eiken1,putative,推定の;予測の
eiken1,sanguine,楽天的な;楽観的な
eiken1,entrench,塹壕に入れる;防御する
eiken1,deride,あざ笑う;嘲笑する
eiken1,sort out,分類する;改善する;類別する
eiken1,volatility,揮発性;揮発しやすい
eiken1,flinch,尻込みする;躊躇する
eiken1,vindication,弁護;防御;弁明
eiken1,medical checkup,健康診断;医療診断
eiken1,diabetic,糖尿病の;高血糖の
eiken1,incendiary,放火の;火災を引き起こす
eiken1,be likely to,しそうである;する可能性が高い;ありそうな
eiken1,town twinning,姉妹都市提携;友好都市関係;姉妹都市の縁組み
eiken1,vernacular,固有の;独自の;特有の
eiken1,adjacent,隣接している;近接する
eiken1,nominal,名目上の;形式上の
eiken1,opaque,不透明な;明瞭でない
eiken1,scrupulous,良心的な;誠実な
eiken1,nourish,養う;育てる;支える
eiken1,crappy,安っぽい;安価な
eiken1,drench,ずぶぬれにする;水浸しにする
eiken1,overstate,誇張する;過大評価する
eiken1,narrow down A to B,AをBに限定する;AをBに制限する
eiken1,insidious,陰湿な;卑劣な
eiken1,lush,青々とした;生い茂った;新緑の
eiken1,send out for,お使いに出す;依頼する
eiken1,grow out of,から生じる;生まれる
eiken1,devoid,欠けている;不足している
eiken1,condone,大目に見る;寛大に扱う
eiken1,arid,乾燥した;乾いている
eiken1,deft,器用な;巧妙な
eiken1,nimble,機敏な;敏捷な
eiken1,auditory,聴覚の;聞く力
eiken1,accrue,発生する;起こる
eiken1,dearly,心から;真心で
eiken1,ostensibly,表向きは;外面的に
eiken1,incompatible,非互換の;不適合な
eiken1,obsessive,強迫観念のある;妄想的な
eiken1,prodigious,驚異的な;素晴らしい
eiken1,fickle,気まぐれな;不安定な
eiken1,inscribe,刻む;彫る
eiken1,ambivalent,相反する感情のある;矛盾した感情の
eiken1,canny,抜け目のない
eiken1,deplete,枯渇させる;使い尽くす
eiken1,charred,黒焦げになった;焦げた
eiken1,disparate,異なる;違う
eiken1,put A into place,Aを実行する;Aを遂行する
eiken1,turn away,追い返す;追放する;追い払う
eiken1,hideous,恐ろしい;恐怖な
eiken1,irate,怒った;怒る
eiken1,capitulate,降伏する;投降する
eiken1,cull,摘む;間引く;取り除く
eiken1,limit A to B,AをBに限定する;AをBに制限する
eiken1,speculative,思索的な;考察的な;思考に関する
eiken1,vet,獣医;動物医師
eiken1,frigid,極寒の;極寒地の
eiken1,push A back,Aを遅らせる;Aを抑制する
eiken1,flounder,もがく;足掻く
eiken1,leisurely,のんびりした;ゆったりした
eiken1,align,揃える;整える
eiken1,hit the books,猛勉強する;必死に勉強する;一生懸命学ぶ
eiken1,affiliated,提携した;連携した
eiken1,gild,金を塗る;金箔を貼る
eiken1,fit A with B,AにBを備え付ける;AにBを装備する
eiken1,upheaval,隆起;突起
eiken1,contemplative,瞑想的な;沈黙思考の
eiken1,dissipate,散らす;ばらまく
eiken1,respiratory,呼吸の;呼吸に関する
eiken1,hasten,急がせる;焦らせる
eiken1,amidst,の中で;内部で
eiken1,parking lot,駐車場;停車場;車を停める場所
eiken1,trinity,三位一体;三つ
eiken1,infringe,侵害する;侵犯する
eiken1,state of the art,最先端の;最先鋭の
eiken1,wrath,激怒;怒り狂う
eiken1,dazzling,眩しい;明るい
eiken1,ghastly,恐ろしい;怖い;恐ろしいほど
eiken1,intimately,親密に;密接に
eiken1,in particular,特に;特に重要な;とりわけ
eiken1,genteel,上品な;優雅な
eiken1,addictive,中毒性の;依存性の
eiken1,rabid,狂った;狂気の
eiken1,clinch,折り曲げて留める;折って固定する
eiken1,malign,有害な;有毒な
eiken1,quintessential,典型的な;一般的な
eiken1,loot,戦利品;略奪物
eiken1,martian,火星の;火星に関する
eiken1,womb,子宮;母胎
eiken1,admirable,見事な;素晴らしい
eiken1,acquit,無罪宣告する;無罪を証明する
eiken1,be laid up,寝込む;寝たきりになる;病床にある;床についている
eiken1,fret,いらいらする;怒る
eiken1,count for,の価値がある;価値の高い;（～するに）値する
eiken1,fervent,熱烈な;情熱的な
eiken1,touchy,過敏な;敏感な
eiken1,file a suit,提訴する;訴訟を提出する;告訴する
eiken1,humiliating,屈辱的な;恥ずかしい
eiken1,lavish,気前の良い;寛大な
eiken1,in development,開発中の;進行中の;現在開発されている
eiken1,disposable,使い捨ての;一回きりの
eiken1,grope,模索する;探求する
eiken1,collegiate,大学の;大学に関する
eiken1,insatiable,強欲な;貪欲な
eiken1,err,誤る;間違える
eiken1,futile,無駄な;非効率的な
eiken1,motley,雑多な;多様な
eiken1,noteworthy,注目に値する;見逃せない
eiken1,lunge,突進;急進
eiken1,brutally,残酷に;無慈悲に
eiken1,detonate,爆発させる;破裂させる
eiken1,intrude,侵入する;侵害する
eiken1,raucous,耳障りな;騒々しい;うるさい
eiken1,mortify,悔しがらせる;抑制する;嫌がらせる
eiken1,infest,横行する;はびこる
eiken1,tuberculosis,結核;肺結核
eiken1,coronary,冠状動脈の;心臓に関連した
eiken1,exacerbate,悪化させる;悪くする
eiken1,horribly,恐ろしく;怖いほど
eiken1,make it,やり遂げる;たどり着く;成し遂げる
eiken1,momentarily,瞬時に;一瞬で
eiken1,loom,ぼんやり現れる;織機;霧の中に
eiken1,nibble,少しずつ食べる;つまむ;少量ずつ摂取する
eiken1,vice versa,反対に;反対もまた;逆に
eiken1,verification,立証;証明
eiken1,deserving,値する;価値がある
eiken1,impromptu,即座に;すぐに
eiken1,show off,見せびらかす;自慢する
eiken1,insofar,その範囲で;その限りで
eiken1,ooze,にじみ出る;漏れ出る
eiken1,ballistic,弾道の;飛ぶ方向
eiken1,greasy,脂っこい;油っぽい
eiken1,crash down,崩れる;台無しになる;崩壊する
eiken1,engulf,飲み込む;ゴクリと飲む
eiken1,ceremonial,儀式上の;儀式的な
eiken1,prodigy,天才;神童
eiken1,provisional,暫定的な;仮の
eiken1,extremist,過激派;極端な
eiken1,numb,麻痺した;しびれた;無感覚な
eiken1,expose A to B,AをBにさらす;AをBに露出する
eiken1,wee,ちっぽけな;小さい
eiken1,worthy,価値のある;貴重な
eiken1,aggregate,集める;収集する
eiken1,nightly,夜間の;夜の
eiken1,overshadow,暗くする;暗にする
eiken1,application form,申込用紙;願書;申請書
eiken1,eject,追い出す;排除する
eiken1,warren,飼育場;飼育施設
eiken1,lurch,よろめき;ふらつき
eiken1,spooky,不気味な;怖い
eiken1,apprehensive,心配した;気になる
eiken1,gear up,準備を整える;ギアを高速に入れる;支度をする
eiken1,classy,上品な;優雅な
eiken1,consummate,完ぺきな;完全な
eiken1,esteem,尊重する;敬う
eiken1,glib,口達者な;話が得意な
eiken1,in mind,頭に置いて;考慮して;考えに入れる
eiken1,demur,異議を唱える;反対する
eiken1,inadvertently,うっかりと;不注意にも
eiken1,burly,たくましい;強靭な;頑強な
eiken1,ragged,ぼろぼろの;古びた
eiken1,malicious,悪意のある;敵意を持つ
eiken1,clueless,無知な;知識のない
eiken1,fetal,胎児の;胎児に関する;胎内の
eiken1,rife,流行して;人気がある
eiken1,depose,免職する;解雇する
eiken1,indelible,消えない;永続する
eiken1,proprietary,所有者の;独占の
eiken1,impeach,弾劾する;告発する
eiken1,nod off,眠り込む;眠る;深く眠る
eiken1,indispensable,欠かせない;必須の
eiken1,glossy,光沢のある;つややかな
eiken1,leach,ろ過する;濾す
eiken1,disparage,見下す;軽視する;軽蔑する
eiken1,be critical of,に批判的である;否定的な;批評的である
eiken1,glut,満たす;充足させる
eiken1,sumptuous,贅沢な;豪華な;高級な
eiken1,abrasive,すり減らす;減らす;摩耗させる
eiken1,debase,堕落させる;道を踏み外させる
eiken1,stunned,驚いた;びっくりした
eiken1,equitable,公平な;平等な
eiken1,contraceptive,避妊の;出産を防ぐ
eiken1,salient,顕著な;明らかな;明白な
eiken1,mend,繕う;修理する
eiken1,vantage,有利;得する
eiken1,clandestine,内密の;秘密の
eiken1,cobble,修繕する;修理する
eiken1,candid,率直な;正直な
eiken1,insurgent,暴動を起こした;乱れた
eiken1,hurtle,急いで行く;急ぐ
eiken1,optic,目の;視力の;視覚の
eiken1,serpent,蛇;蛇のような人
eiken1,synthesize,統合する;まとめる
eiken1,fill out,に必要事項を記入する;記載する
eiken1,dementia,認知症;記憶障害
eiken1,garrison,駐屯地;兵士が居住する場所
eiken1,threaten A with extinction,Aを絶滅の危機にさらす;Aを危機に瀕させる
eiken1,injunction,差し止め;停止命令
eiken1,contaminant,汚染物質;環境に害を与える物質
eiken1,do away with,を廃止する;除く;無くす
eiken1,quarry,採石場;石を採る場所;鉱山
eiken1,from scratch,最初から;初めから;最初から
eiken1,infusion,注入;注ぎ込む
eiken1,realtor,不動産業者;土地や建物の売買を仲介する人
eiken1,benefit from,で利益を得る;儲かる;利ざやを稼ぐ
eiken1,head off,を回避する;阻止する;避ける
eiken1,barrage,弾幕;多数の弾丸や意見
eiken1,defection,離反;背いた
eiken1,spate,多数;大部分;大勢
eiken1,brethren,義兄弟;誓いで結ばれた兄弟
eiken1,clutter,乱雑;無秩序;混乱
eiken1,thump,ゴツンと叩く;強く打つ
eiken1,civility,礼儀正しさ;マナーの良さ
eiken1,moss,苔;藻類;苔の塊
eiken1,ordinance,条例;地方自治体が制定する法律;法令
eiken1,buyout,買占め;大量に買い占める行為;買い集め
eiken1,leukemia,白血病;血液のがん;白血球症
eiken1,oxide,酸化物;酸と反応した物質;酸化化合物
eiken1,up front,前もって;率直に
eiken1,pore,細孔;小さい穴
eiken1,negligence,怠慢;怠ける;やる気がない
eiken1,loophole,抜け穴;例外や逃げ道
eiken1,braille,点字;視覚障害者用の読み書きシステム
eiken1,proliferate,増殖する;数を増やす
eiken1,tamper,改ざんする;偽装する
eiken1,lexicon,語彙;言葉の集まり;単語群
eiken1,perjury,偽証;虚偽の証言;偽り
eiken1,diarrhea,下痢;便が液状になる状態
eiken1,frankly speaking,率直に言うと;はっきりと言って;正直に言って;素直に言えば
eiken1,berth,寝台;寝る場所
eiken1,perpetrate,犯す;違反する;犯罪を犯す
eiken1,kick off,始める;追い払う;開始する
eiken1,purport,趣旨;目的;意図
eiken1,waver,揺らぐ;安定していない;ぐらつく
eiken1,luncheon,昼食;正午頃に食べる食事
eiken1,espionage,スパイ活動;情報を秘密裏に収集する活動;陰謀活動
eiken1,genesis,起源;始まり;出発点
eiken1,janitor,用務員;建物のメンテナンス等を担当する人
eiken1,alumnus,卒業生;卒業した人
eiken1,antidote,解毒剤;毒を中和する物質;解毒薬
eiken1,commandment,命令;指示;指令
eiken1,wane,欠ける;不足している;欠損している
eiken1,booty,戦利品;略奪物;盗品
eiken1,abyss,深淵;非常に深いところ;底なし
eiken1,subvert,覆す;覆い隠す;逆転させる
eiken1,cynic,皮肉屋;皮肉を言う人;ひねくれた人
eiken1,electrode,電極;電流を通す部品;電流を通す部品
eiken1,drop by,に立ち寄る;短時間訪れる;少し顔を出す
eiken1,sexist,男女差別主義者;男女間で不平等を支持する人;性差別主義者
eiken1,choreographer,振付師;ダンスや動きを設計する人;振付家
eiken1,collusion,共謀;共同で犯罪を行う行為;陰謀
eiken1,gradient,勾配;斜面;傾斜
eiken1,proffer,差し出す;提供する;出す
eiken1,stutter,口ごもる;話すのをためらう;言葉に詰まる
eiken1,lore,伝承;口頭や文書で伝えられる習慣や話;口承
eiken1,as a whole,全体の;すべてを含む;全般的
eiken1,culmination,絶頂;最高点;頂点
eiken1,attrition,消耗;使い果たす;減少
eiken1,cross over,越えて渡る;超えていく;通り過ぎる
eiken1,disparity,相違;違い;不一致
eiken1,combustion,燃焼;火を燃やす;酸化反応
eiken1,permeate,浸透する;染み込む;広がる
eiken1,sob,すすり泣く;涙声で泣く;泣く音
eiken1,glitch,小さな欠陥;小さい不備;微小な欠点
eiken1,levee,堤防;水害防止のための壁;防波堤
eiken1,sanctity,尊厳;威厳;尊重される資質
eiken1,wreak,浴びせる;たくさんかける;振りかける
eiken1,wilt,しおれる;萎む;元気をなくす
eiken1,paralysis,麻痺;感覚;動きの喪失
eiken1,pass up,逃す;失う;逸する
eiken1,reprimand,懲戒;罰すること;訓練
eiken1,die out,廃れる;流行が過ぎる;死に絶える
eiken1,rapport,信頼関係;信用と信頼に基づく関係
eiken1,plywood,合板;数枚の板を貼り合わせた材料;積層板
eiken1,apprehension,気遣い;不安;配慮や心配
eiken1,raider,急襲者;突然攻撃を仕掛ける人
eiken1,nook,隅;角や端
eiken1,genus,属;分類や所属
eiken1,secession,離脱;退出すること
eiken1,peter,細くなる;狭くなる
eiken1,relive,追体験する;再び体験する
eiken1,stand out,目立つ;注目を集める;注目を浴びる
eiken1,help out,手伝う;助ける;協力する
eiken1,scurry,せかせか動く;忙しなく動く
eiken1,reverence,敬意;尊敬;尊重
eiken1,shortfall,不足;足りないこと
eiken1,ex-husband,元夫;以前の配偶者
eiken1,pull down,取り壊す;解体する;破壊する
eiken1,preoccupation,没頭;集中すること;夢中
eiken1,luster,光沢;艶;輝き
eiken1,notation,表記;書き表示すこと
eiken1,patronage,後援;支援;援助
eiken1,mess up,台無しにする;台無しにして価値や効果を無くす;損なう
eiken1,penetration,貫通;一方から他方まで通過する
eiken1,proprietor,所有者;何らかの物や権利を持っている人
eiken1,come through,を通り抜ける;障害などを通過する;やり通す
eiken1,sinus,湾曲;曲がっていること
eiken1,clamor,喧噪;うるさい雑踏や騒音
eiken1,acronym,頭字語;初めの文字で作られる単語
eiken1,resonant,共鳴する;感じ合う;同調する
eiken1,bandit,盗賊;盗みを働く人
eiken1,at the moment,今のところ;現状;現在点
eiken1,discontent,不満;満足していない状態
eiken1,unearth,発掘する;掘り出す;新たに見つけ出す
eiken1,replenish,補充する;足りないものを追加する
eiken1,skirmish,小競り合い;小さな争いや戦い
eiken1,gust,突風;突然の風
eiken1,wisdom tooth,親知らず;知歯
eiken1,as yet,今のところ;現状;現在点
eiken1,primate,霊長類;霊長動物
eiken1,handcuff,手錠;人を拘束する装置
eiken1,hoof,蹄;馬や牛などの足の一部
eiken1,revel,楽しむ;何かを心から喜ぶ
eiken1,out of nowhere,いきなり;突然に;予告なく
eiken1,citation,引用;他人の言葉や文章を取り上げる
eiken1,complexion,顔色;肌の色調
eiken1,tout,うるさく勧誘する;しつこく誘う
eiken1,fiat,命令;指令や要求
eiken1,quell,鎮める;落ち着かせる
eiken1,envoy,使者;代理人や遣使
eiken1,fodder,飼料;動物のエサ
eiken1,comptroller,会計監査官;会計をチェックする専門家;財務諸表を確認する専門家
eiken1,speaking of which,と言えば;それについて
eiken1,excise,物品税;商品にかかる税金
eiken1,bank account,銀行口座;銀行での預金や取引のアカウント;銀行預金口座;口座
eiken1,punctuate,句読点をつける;文章に区切りを入れる
eiken1,continuum,連続体;途切れることなく続くもの
eiken1,hand out,配布する;分け与える
eiken1,diaper,おむつ;おしめ
eiken1,wear off,擦り切れる;摩耗する;徐々に減る;少なくなる
eiken1,ferment,発酵体;発酵を引き起こす物質
eiken1,pleading,嘆願;懇願;請願
eiken1,scum,薄皮;上皮
eiken1,puncture,穴を空ける;穴を開ける
eiken1,fledgling,駆け出し;初心者
eiken1,patriarch,家長;家族の主
eiken1,public official,公務員;官僚
eiken1,mower,芝刈り機;草刈り機
eiken1,compare A to B,AをBと比べる;AをBと対比する
eiken1,iteration,反復;繰り返し
eiken1,paraphrase,言い換え;再表現
eiken1,revulsion,嫌悪;反感
eiken1,beacon,のろし;目印;合図
eiken1,rectangle,長方形;四角形
eiken1,tarnish,曇らせる;濁らせる
eiken1,defiance,反抗;反発
eiken1,blister,水膨れ;水疱
eiken1,chuckle,含み笑い;ほくそ笑い
eiken1,conflagration,大火災;大規模な火事
eiken1,sham,見せかけ;仮装
eiken1,glimmer,かすかな光;微かな光
eiken1,onslaught,猛攻撃;激しい攻撃
eiken1,back up,を後援する;後退させる
eiken1,arson,放火;火をつける
eiken1,euphemism,婉曲表現;遠回しの表現
eiken1,overdose,過剰摂取;過食
eiken1,yawn,欠伸をする;あくびをする
eiken1,altruism,利他主義;無私無欲
eiken1,enclave,飛び地;飛地
eiken1,buckle down,精を出す;全力を尽くす;尽力する
eiken1,endemic,風土病;地域病;特定の地域で多く見られる病気
eiken1,sit by,傍観する;見物する;見守る
eiken1,integrate A into B,AをBに統合する;AをBに併合する;AをBに結合する
eiken1,splice,組み継ぎする;繋ぐ;接合する
eiken1,emblem,象徴;何かを代表するものや事象;権化
eiken1,farce,茶番;喜劇;茶番劇
eiken1,foray,不意打ち;突撃;急襲
eiken1,bundle,束;一揃い;一組
eiken1,compliment,褒め言葉;賞賛;称賛
eiken1,finesse,巧妙な処理;うまい対処;手腕
eiken1,fume,臭い煙;臭気;悪臭
eiken1,squander,浪費する;無駄遣いする;散財する
eiken1,tame,飼い慣らされた;家畜化された;馴染む
eiken1,absurdity,不条理;不合理;矛盾
eiken1,break through,突破する;切り抜ける;乗り越える
eiken1,smite,強打する;激打する;ぶん殴る
eiken1,lobe,耳たぶ;耳垂;耳たぼ
eiken1,scribble,落書きする;書き散らす;いたずら書きをする
eiken1,banter,冗談;笑い話;おどけ
eiken1,tangle,もつれさせる;絡ませる;混乱させる
eiken1,asylum,亡命;亡命者;亡命生活
eiken1,transmit A to B,AをBに伝染させる;感染させる
eiken1,grudge,恨み;悪意;憎しみ
eiken1,slick,滑らかな;艶やかな;平滑な
eiken1,herald,使者;使い;代表者
eiken1,revile,悪口を言う;中傷する;非難する
eiken1,ambush,待ち伏せ;待ち構え;伏兵
eiken1,parity,同等;等価;相当
eiken1,strew,ばらまく;散布する;拡散する
eiken1,replace A with B,AをBに置き換える;AをBと交換する;AをBで代用する
eiken1,bastion,要塞;城塞;砦
eiken1,deal in,取り扱う;携わる;処理する
eiken1,complicity,共犯;共謀者;仲間
eiken1,renounce,放棄する;断念する;諦める
eiken1,extradition,引き渡し;渡す;提供する
eiken1,brawl,乱闘;乱打;暴行
eiken1,clientele,依頼人;依頼者
eiken1,reinstate,復帰させる;復元する
eiken1,grant A to B,BにAを供与する;BにAを提供する
eiken1,live up to,に従って動く;期待に応える
eiken1,ascent,上昇;昇格
eiken1,gorge,峡谷;渓谷
eiken1,solace,慰め;安堵
eiken1,stop by,立ち寄る;寄る
eiken1,knack,こつ;要領
eiken1,retribution,報復;復讐
eiken1,sludge,汚泥;泥沼
eiken1,contingency,不測の事態;突発的な事態
eiken1,registry,登記;記載
eiken1,acumen,洞察力;識見
eiken1,wrangle,口論する;議論する
eiken1,associate A with B,AとBを関係づける;AとBを連携させる
eiken1,anarchy,無秩序;混沌
eiken1,labyrinth,迷宮;迷路
eiken1,let A go,Aを解雇する;自由にする
eiken1,smother,窒息させる;息を止める
eiken1,diffusion,拡散;広がり
eiken1,blight,疫病;感染症
eiken1,foyer,休憩室;待合室
eiken1,subversive,破壊する;壊す
eiken1,impediment,障害;障害物
eiken1,pawn,抵当;抵抗
eiken1,payroll,給与;給料
eiken1,quirk,変な癖;特異な癖
eiken1,curfew,門限;帰宅制限
eiken1,pamper,甘やかす;ひねくれる
eiken1,stoke,燃料をくべる;火力を増す
eiken1,at hand,手元に;近い将来
eiken1,disintegration,崩壊;崩壊状態
eiken1,impasse,行き詰まり;進行不能
eiken1,rendition,演出;舞台監督
eiken1,persecute,迫害する;圧迫する
eiken1,bounty,寛大;寛容
eiken1,hindsight,後知恵;振り返り
eiken1,avatar,権化;象徴
eiken1,brat,小僧;若者
eiken1,jettison,放棄;断念
eiken1,taunt,罵倒する;侮辱する
eiken1,wiggle,ぴくぴく動かす;ひくつかせる
eiken1,allusion,暗示;示唆
eiken1,procurement,調達;供給
eiken1,aberration,脱線行為;妨害行為
eiken1,backlash,激しい反発;強い反響
eiken1,euphoria,陶酔;夢中
eiken1,end up,最終的に;することになる
eiken1,eligibility,適格性;妥当性
eiken1,sewage,下水;排水
eiken1,dictum,意見;格言
eiken1,manure,肥料;施肥物
eiken1,populace,民衆;大衆
eiken1,bedrock,岩盤;硬層
eiken1,distance A from B,AをBから遠ざける;AをBから隔てる
eiken1,centennial,100年祭;百年祭
eiken1,stint,切り詰める;節約する
eiken1,omen,前兆;予兆
eiken1,teem,群がる;集まる
eiken1,picket,くい;柵
eiken1,acknowledgement,承認;認可
eiken1,straddle,またがる;乗り越える
eiken1,chasm,裂け目;割れ目
eiken1,complacency,自己満足;自己陶酔
eiken1,pedigree,血統;家系
eiken1,adversity,逆境;困難;窮地
eiken1,believe it or not,信じられるか;そうでないか;信頼できるか
eiken1,heap,塊;山盛り
eiken1,rationality,合理性;合理主義
eiken1,at random,無作為に;手あたり次第に
eiken1,blood vessel,血管;動脈
eiken1,philanthropy,博愛;普遍愛
eiken1,look into,を研究する;を調査する
eiken1,cynicism,皮肉;冷嘲
eiken1,mitigation,緩和;和らげる
eiken1,morgue,遺体安置所;遺体保管所
eiken1,pod,さや;刃物の保管用ケース;植物の部分
eiken1,leave off,脱いだままでいる;着ずにいる;脱衣したまま;着るのをやめる
eiken1,alienation,疎外;遠ざける;孤立させる
eiken1,corporal,伍長;軍曹;下士官
eiken1,up for,に参加しようとしている;参画しようとしている;加わろうとしている;に向けて意気込んでいる
eiken1,funk,臆病;怯える;気が小さい
eiken1,deluge,大洪水;大水害;氾濫
eiken1,intestine,腸;腸管;はらわた
eiken1,match A with B,AをBと適合させる;AをBに合わせる
eiken1,liturgy,典礼;儀式;式典
eiken1,sarcasm,皮肉;嘲笑;冷笑
eiken1,anthem,賛歌;賛美歌
eiken1,demolition,解体;崩壊;解散
eiken1,propagate,広める;拡大する
eiken1,romp,ふざけ回る;遊び回る;馬鹿騒ぎする
eiken1,obituary,死亡記事;訃報;死亡通知
eiken1,adjunct,付属物;付加物
eiken1,crusader,十字軍;聖戦;聖戦運動
eiken1,seminary,神学校;神学院
eiken1,exaggeration,誇張;過大評価;過大視
eiken1,back out,取り消す;約束を破る;撤回する
eiken1,impetus,運動力;活力;動力
eiken1,compilation,編集;修正;校正
eiken1,semiconductor,半導体;電子部品;半導体素子
eiken1,gut,腸;大腸;小腸
eiken1,measles,麻疹;発疹;斑疹
eiken1,smuggler,密輸業者;密輸人;運び屋
eiken1,miscarriage,失敗;流産
eiken1,bystander,傍観者
eiken1,epicenter,震源地
eiken1,improvisation,即興;アドリブ;即席にやること
eiken1,lineage,系統;体系;系列
eiken1,recourse,依頼
eiken1,replace A by B,AをBで置き換える;AをBで代用する;AをBに変える
eiken1,foreman,親方
eiken1,rupture,破裂;割れる;爆破
eiken1,spurn,追い払う;排除する;締め出す
eiken1,hepatitis,肝炎
eiken1,classify A as B,AをBに分類する;AをBで仕分けする
eiken1,pun,駄じゃれ
eiken1,as it turns out,結局のところ;最終的に;ついに
eiken1,hallucination,幻覚
eiken1,arithmetic,算数;算術;計算
eiken1,pitfall,落とし穴;罠;隠れた危険
eiken1,stunt,発育を妨げる;成長を阻害する
eiken1,menopause,閉経;更年期;停止
eiken1,inhibition,禁止
eiken1,to be honest,正直に言うと;実を言うと
eiken1,litigation,訴訟
eiken1,hull,外皮;船体
eiken1,exposition,展示会
eiken1,euthanasia,安楽死
eiken1,lunatic,精神異常者
eiken1,obscenity,わいせつ
eiken1,manifesto,宣言書;声明書
eiken1,absentee,欠席者;不参加者
eiken1,locale,現場
eiken1,manslaughter,過失致死
eiken1,insurrection,暴動
eiken1,enclosure,包囲;囲い
eiken1,allow for,を考慮に入れる;余裕を持つ
eiken1,placate,なだめる
eiken1,funnel,漏斗
eiken1,kettle,やかん
eiken1,pertain,関係する
eiken1,malpractice,不正行為
eiken1,dual citizenship,二重国籍;二重国籍者
eiken1,outpatient,外来患者
eiken1,secede,離脱する
eiken1,whack,打つ
eiken1,calculus,結石;微分;積分
eiken1,inoculation,予防接種
eiken1,chip in,寄付する;金を出す
eiken1,piracy,海賊行為;著作権侵害
eiken1,truce,休戦
eiken1,ruckus,大騒ぎ;騒乱
eiken1,cardiovascular,心血管の
eiken1,surrogate,代理人
eiken1,vial,ガラス瓶
eiken1,conglomerate,密集した
eiken1,palatable,美味しい
eiken1,get in on,加わる;乗り込む
eiken1,tepid,生ぬるい
eiken1,annihilate,全滅させる
eiken1,gruesome,ぞっとする
eiken1,precarious,不安定な
eiken1,cervical,頸部の
eiken1,symmetry,対称
eiken1,treasurer,会計係
eiken1,mural,壁の
eiken1,in fact,実際;実際には
eiken1,consecrate,奉献する
eiken1,bloated,むくんだ
eiken1,extradite,引き渡す
eiken1,complimentary,無料の;賞賛の;敬意を表する
eiken1,corrosive,腐食性の
eiken1,defiant,反抗的な
eiken1,palpable,さわれる
eiken1,muffle,包む
eiken1,generalized,一般化された
eiken1,tinge,色合い
eiken1,glisten,輝く;きらめく
eiken1,exacting,厳しい
eiken1,hang on,しがみつく;頑張る
eiken1,flagrant,極悪非道の
eiken1,nuptial,婚礼の
eiken1,best for,～にとって最良の;～に最適である
eiken1,predatory,肉食の
eiken1,impaired,障害のある;障害がある
eiken1,obnoxious,不愉快な
eiken1,stalwart,堅固な
eiken1,lock up,刑務所;留置所
eiken1,stately,風格のある
eiken1,shoddy,見掛け倒しの
eiken1,radiant,輝く;ぎらぎら輝く
eiken1,glint,きらめく
eiken1,infrared,赤外線の
eiken1,requisite,必要な
eiken1,toxic to,に有毒な;～に対して毒性を持つ
eiken1,autistic,自閉症の
eiken1,flit,すいすい飛ぶ
eiken1,gregarious,群生した
eiken1,in advance,前もって;あらかじめ
eiken1,majestic,雄大な
eiken1,exuberant,あふれんばかりの
eiken1,elucidate,解明する
eiken1,waiver,免除;除外
eiken1,ailing,病んでいる
eiken1,perverse,ひねくれた
eiken1,vogue,流行
eiken1,venom,毒
eiken1,ethereal,空気の様に軽やかな
eiken1,interpretive,解釈の
eiken1,let out,外に出す;解放する
eiken1,ultimatum,最終通告
eiken1,cardiac,心臓の
eiken1,zest,熱意
eiken1,posh,豪華な
eiken1,appellate,上訴の
eiken1,conflict with,と相容れない;合わない
eiken1,boldly,大胆に
eiken1,for once,今回だけ;この一回限り
eiken1,atone,償う
eiken1,obese,肥満体の
eiken1,fluctuate,変動する
eiken1,defunct,消滅した
eiken1,incarcerate,投獄する
eiken1,lax,手ぬるい
eiken1,grueling,厳しい
eiken1,supple,柔軟な
eiken1,fall out of favor with,に嫌われる;のお気に入りでなくなる
eiken1,idiosyncratic,特異な
eiken1,perceptual,知覚の
eiken1,sparse,希薄な
eiken1,sectarian,宗派の
eiken1,categorize A as B,AをBの範疇に分ける;AをBとして分類する
eiken1,tenuous,薄い
eiken1,stalemate,行き詰まり
eiken1,whereabouts,どの辺りに
eiken1,antagonize,敵に回す
eiken1,gobble,がつがつ食べる
eiken1,belligerent,好戦的な
eiken1,lubricate,潤滑させる
eiken1,vigilant,警戒した
eiken1,distraught,取り乱した
eiken1,exorcise,厄払いする
eiken1,synonymous,同義の
eiken1,sporadic,散発的な
eiken1,bode,予言する
eiken1,zinc,亜鉛
eiken1,dogged,頑固な
eiken1,inept,不適当な
eiken1,ventilation,換気
eiken1,on balance,考慮すると;結局
eiken1,taut,ぴんと張ってある
eiken1,jostle,押し合う
eiken1,stellar,星の
eiken1,exude,滲み出させる
eiken1,thorn,とげ
eiken1,stick to,にくっつく;接着する
eiken1,attentive,注意深い
eiken1,outwit,出し抜く
eiken1,blurt,うっかり話す
eiken1,encroach,侵入する
eiken1,as before,以前の様に;以前と同等に
eiken1,engender,醸し出す
eiken1,condescend,謙遜する
eiken1,on standby,待機して;キャンセル待ちをして
eiken1,distract A from B,Aの気をBからそらす
eiken1,pulmonary,肺の
eiken1,notoriously,悪名高く
eiken1,detract,損なう
eiken1,remedial,治療する;療養する
eiken1,trivia,些細な事
eiken1,discretionary,任意の
eiken1,pessimistic,悲観的な
eiken1,inside out,裏返しに;ひっくり返して
eiken1,pseudo,偽りの
eiken1,antecedent,先行する
eiken1,fleeting,つかの間の
eiken1,harrowing,悲惨な
eiken1,tantalizing,じれったい;もどかしい
eiken1,walk off with,から歩いて出る;立ち去る
eiken1,culinary,料理の
eiken1,natural disaster,自然災害;天災
eiken1,accentuate,強調する
eiken1,sordid,むさ苦しい
eiken1,pilfer,くすねる
eiken1,assail,暴行する
eiken1,airborne,空輸の
eiken1,keep A away from B,AをBから遠ざける
eiken1,fragrant,香ばしい
eiken1,innocuous,無害の
eiken1,eclectic,折衷の
eiken1,trajectory,軌道
eiken1,jut,突き出す;突出する
eiken1,converse,話す
eiken1,relentlessly,容赦なく
eiken1,a range of,様々な;色々な
eiken1,distorted,歪んだ
eiken1,tumultuous,騒然とした
eiken1,kick around,粗末に扱う;酷使する
eiken1,accede,同意する
eiken1,annual fee,年会費;年会料
eiken1,markedly,著しく
eiken1,hilarious,滑稽な
eiken1,veritable,真実の;本当の
eiken1,jeer,冷やかす
eiken1,comatose,昏睡状態の
eiken1,lewd,淫らな
eiken1,gloomy,暗い
eiken1,spontaneously,自発的に
eiken1,vigil,寝ずの番
eiken1,contravene,違反する
eiken1,soaring,舞い上がる
eiken1,impeccable,申し分のない
eiken1,laudable,称賛に値する
eiken1,patriarchal,家長の
eiken1,dour,陰気な
eiken1,slip up,やり損なう;うっかり誤る
eiken1,tangled,もつれた
eiken1,headlong,真っ逆さまに
eiken1,corrode,腐食する
eiken1,speck,斑点
eiken1,transmitter,送信機
eiken1,spree,酒宴
eiken1,outspoken,率直な
eiken1,hark,聞く
eiken1,tarp,防水シート
eiken1,germinate,発芽する
eiken1,get down to,に下りる;取り組む
eiken1,quadruple,4倍の
eiken1,scant,乏しい;不足している
eiken1,instigate,扇動する
eiken1,burst into,乱入する;急にし始める
eiken1,affable,親しみの持てる
eiken1,in detail,詳細に;詳しく
eiken1,cumbersome,面倒な;扱いづらい
eiken1,be located in,に位置している;に立っている
eiken1,strident,かん高い
eiken1,uproar,大騒ぎ
eiken1,flawless,完璧な
eiken1,adept,熟達した
eiken1,bulky,かさばった;嵩高な
eiken1,glitter,きらきら輝く
eiken1,intrepid,勇敢な
eiken1,impersonate,役を演じる
eiken1,lisp,舌足らずに発音する
eiken1,taint,腐敗;汚点
eiken1,deceptive,だまそうとする;当てにならない
eiken1,contextual,文脈上の
eiken1,grandiose,壮大な
eiken1,meager,貧弱な
eiken1,anew,新たに
eiken1,conceivable,考えられる
eiken1,verbally,口頭で
eiken1,pacify,なだめる
eiken1,turbulent,荒れ狂った
eiken1,peruse,熟読する
eiken1,erratic,不安定な
eiken1,smug,独り善がり
eiken1,congregate,集まる
eiken1,cower,縮み上がる
eiken1,torrent,急流
eiken1,uncanny,不気味な
eiken1,manifest,明白な
eiken1,abhor,嫌悪する
eiken1,call on,を訪問する;要求する
eiken1,moot,議論する
eiken1,have access to,を利用できる;を利用可能
eiken1,tremor,震動
eiken1,squabble,つまらない口論
eiken1,wand,杖
eiken1,hydraulic,油圧の
eiken1,buoyant,浮力のある
eiken1,sales quota,売上ノルマ;販売割当
eiken1,dissect,解剖する
eiken1,seductive,魅惑的な
eiken1,stringent,厳格な
eiken1,overdue,延滞した
eiken1,ablaze,燃え立っている
eiken1,aggrieved,感情を害した
eiken1,jagged,角立った
eiken1,rustic,田舎の
eiken1,gritty,砂の入った
eiken1,flimsy,薄っぺらな
eiken1,heartfelt,心からの;本心からの
eiken1,at fault,落ち度がある;咎められるべき
eiken1,boisterous,騒々しい
eiken1,play at,起用する;遊ぶ
eiken1,whore,売春婦;娼婦
eiken1,enunciate,明瞭に発音する
eiken1,conciliate,調停する
eiken1,sulfur,硫黄
eiken1,mashed,つぶした
eiken1,sink in,浸透する;理解される
eiken1,prolific,多産の
eiken1,ashore,岸へ
eiken1,insulate,絶縁する
eiken1,concerted,申し合わせた
eiken1,dilate,膨張する
eiken1,munch,むしゃむしゃ食べる
eiken1,to date,これまで;現在まで
eiken1,terse,簡潔な
eiken1,wayward,わがままな
eiken1,come to a head,山場を迎える;クライマックスを迎える
eiken1,eclipse,日食;月食
eiken1,transient,一時的な
eiken1,come into,に入る;受け継ぐ
eiken1,nonpartisan,無所属の
eiken1,inexorable,容赦ない
eiken1,intently,熱心に
eiken1,zealot,熱狂者
eiken1,preposterous,途方もない
eiken1,rectangular,長方形の
eiken1,unanimously,全会一致で
eiken1,tenet,主義
eiken1,tier,段;階層
eiken1,moribund,瀕死の
eiken1,ludicrous,ばかげた
eiken1,squint,斜視
eiken1,intravenous,静脈内の;静脈の範囲内で
eiken1,sedative,鎮静効果のある
eiken1,divergent,分岐した
eiken1,prenatal,出生前の
eiken1,recalcitrant,反抗的な
eiken1,avid,熱心な
eiken1,glum,ふさぎ込んだ
eiken1,daunt,脅す
eiken1,beget,子供を授かる
eiken1,acclaim,称賛する
eiken1,evocative,呼び起こした
eiken1,hapless,不運な
eiken1,stigma,汚名
eiken1,suspense,不確かな状態
eiken1,exploratory,探検の
eiken1,delusional,妄想的な
eiken1,bequeath,遺言で譲る
eiken1,genital,生殖の
eiken1,drab,単調な
eiken1,all the time,いつも;いつでも
eiken1,confederate,連合した
eiken1,apiece,一つに付き
eiken1,gush,湧き出る
eiken1,temper,気性
eiken1,dislodge,無理に押しのける
eiken1,split off A from B,AをBから切り離す
eiken1,oscillate,振動する
eiken1,douse,ずぶぬれにする
eiken1,put A to sleep,Aを眠らせる;安楽死させる
eiken1,unilateral,片側の
eiken1,extricate,救い出す
eiken1,idiotic,ばかげた
eiken1,dissident,反体制派の
eiken1,in the first place,最初に;元々
eiken1,call it a day,終わる;終了する
eiken1,expound,解説する
eiken1,alluring,魅惑的な
eiken1,manageable,扱いやすい
eiken1,rowdy,乱暴な
eiken1,fight back,応戦する;やり返す
eiken1,cede,譲る
eiken1,impinge,衝突する
eiken1,varsity,代表;大学
eiken1,stained,汚れた
eiken1,horrendous,恐ろしい
eiken1,combine A with B,AとBを組み合わせる;AとBを組み混ぜる
eiken1,improbable,ありそうもない
eiken1,pernicious,有害な
eiken1,constrict,狭める;締め付ける
eiken1,circumscribe,取り巻く
eiken1,swollen,腫れた
eiken1,blare,鳴り響かせる
eiken1,abiding,永続的な;永久の
eiken1,back-to-back,背中合わせに
eiken1,regal,王者らしい;堂々とした
eiken1,thirst,渇き;のどの渇き
eiken1,tally,集計
eiken1,vigor,活力
eiken1,flamboyant,色鮮やかな
eiken1,point out,を指摘する;指示する
eiken1,nostalgic,懐かしい
eiken1,tenacious,粘り強い
eiken1,lurid,赤く輝いた;毒々しい
eiken1,sluggish,鈍い
eiken1,donate A to B,AをBに寄付する;AをBに寄贈する
eiken1,profane,不敬の
eiken1,intertwine,絡み合わせる
eiken1,devout,信心深い
eiken1,supernova,超新星
eiken1,null,無効の
eiken1,rueful,悔んでいる
eiken1,insolvent,支払い不能の
eiken1,whine,鼻を鳴らす声;すすり泣く声
eiken1,forthright,単刀直入の
eiken1,gleam,きらめく
eiken1,wellness,健康
eiken1,disproportionate,不均衡な
eiken1,edify,啓発する
eiken1,efface,拭い去る
eiken1,plump,ふっくらした
eiken1,hemorrhage,出血
eiken1,incinerator,焼却炉
eiken1,javelin,投げやり
eiken1,outlay,支出
eiken1,deterrence,抑止
eiken1,prowess,武勇
eiken1,conduit,導管
eiken1,forte,十八番
eiken1,pomp,華やかさ
eiken1,mane,たてがみ
eiken1,approximation,近似
eiken1,kudos,称賛
eiken1,pull together,力を結集する;協力する
eiken1,swindle,騙す
eiken1,rostrum,演壇
eiken1,ruffle,波立たせる
eiken1,exasperation,憤慨
eiken1,gusto,大きな喜び
eiken1,abstinence,禁欲
eiken1,place a ban on,を禁止する;禁じる
eiken1,fiasco,大失態
eiken1,merriment,陽気な騒ぎ
eiken1,cadence,韻律
eiken1,drudgery,骨折り仕事
eiken1,eddy,渦
eiken1,totter,よろめく
eiken1,sell out,売りつくす;売却する
eiken1,atheist,無神論者
eiken1,cordon,非常線
eiken1,superimpose,重ね合わせる
eiken1,rejuvenate,若返らせる
eiken1,sequester,隔離する
eiken1,tune up,を調整する;整備する
eiken1,carousel,メリーゴーランド
eiken1,mortuary,遺体
eiken1,armpit,脇の下
eiken1,pillage,略奪
eiken1,rudder,舵
eiken1,obstacle to,への障壁;の妨害
eiken1,parchment,羊皮紙
eiken1,pedagogy,教育学
eiken1,brevity,簡潔さ;時間の短さ
eiken1,saliva,唾液
eiken1,fit in,うまく馴染む;溶け込む
eiken1,secrete,分泌する
eiken1,brunt,矛先
eiken1,dame,貴婦人
eiken1,ruminate,反芻する
eiken1,muck,肥やし
eiken1,convalescence,回復期
eiken1,restitution,返却
eiken1,longitude,経度
eiken1,insecticide,殺虫剤
eiken1,drop off,外れる;降りる
eiken1,physiology,生理学
eiken1,cubicle,小部屋
eiken1,make out,理解する;うまくやる
eiken1,acne,にきび
eiken1,froth,あぶく
eiken1,roost,ねぐら
eiken1,anteroom,控え室
eiken1,antic,ふざけた
eiken1,offshoot,支流
eiken1,trample,踏み付ける
eiken1,ovary,卵巣
eiken1,lie on,責任がある;のしかかる;横になる
eiken1,snip,はさみで切る
eiken1,ploy,策略
eiken1,a touch of,ほんの少しの;一抹の
eiken1,destitution,貧困
eiken1,before long,まもなく;遠からず
eiken1,pang,激痛
eiken1,pendulum,振り子
eiken1,in prospect,予期されて;見込みがあって
eiken1,for the rest,残りについては;後は
eiken1,waft,漂わせる;ふわりと運ぶ
eiken1,condolence,お悔み
eiken1,ointment,軟膏
eiken1,torment,苦しめる
eiken1,without so much as doing,さえしないで;すらしない
eiken1,infringe on,侵害する;侵犯する
eiken1,cant,うわべの言葉
eiken1,bran,ふすま;ぬか
eiken1,assailant,加害者
eiken1,frugality,倹約
eiken1,congratulate on,祝う;祝いの言葉を述べる
eiken1,convince A of B,BについてAを納得させる
eiken1,repellent,虫よけ
eiken1,thrash,打ち据える
eiken1,vouch,保証する
eiken1,be badly off,貧乏している;お金のない
eiken1,carnage,虐殺
eiken1,flare up,急に燃え上がる;勃発する
eiken1,naught,無価値
eiken1,quay,ふ頭
eiken1,haphazard,偶然
eiken1,calamity,災害
eiken1,buttocks,臀部
eiken1,learn by heart,暗記する;体で覚える
eiken1,reiterate,繰り返し言う
eiken1,angst,不安
eiken1,pay regard to,を尊重する;尊敬する
eiken1,cadre,幹部集団
eiken1,at the sacrifice of,の犠牲によって;を犠牲にして
eiken1,reimburse,弁償する
eiken1,expand on,について詳しく話す;詳述する
eiken1,just as well,差支えない;ちょうど良い
eiken1,twirl,くるくる回る
eiken1,in the midst of,の真っただ中;する中で
eiken1,insomnia,不眠症
eiken1,consider A as B,AをBと見なす;AをBと考える
eiken1,tell off,小言を言う;叱りつける
eiken1,decadence,退廃
eiken1,as it happens,それが起こるとき;その際に
eiken1,incongruity,違和感
eiken1,bring down,降ろす;仕留める
eiken1,colitis,大腸炎
eiken1,and yet,それなのに;尚且つ
eiken1,protrude,突き出る
eiken1,bet on,に賭ける;賭けをする
eiken1,right off,すぐに;直ちに
eiken1,squirt,噴出する
eiken1,interlude,間奏
eiken1,worlds apart,別世界の;非常に異なって
eiken1,pounce,飛び掛かる
eiken1,premonition,予感
eiken1,bruise,あざ
eiken1,carve up,切り分ける;分割する
eiken1,doldrums,無風地帯
eiken1,illustrate A with B,BでAを描く;BでAを表現する
eiken1,ostracism,排斥
eiken1,domicile,住居
eiken1,consignment,委託
eiken1,hemp,麻;大麻
eiken1,bromide,臭化物
eiken1,beef up,強化する;増強する
eiken1,reproach A for B,BのことでAを非難する;咎める
eiken1,bronchitis,気管支炎
eiken1,osteoporosis,骨粗鬆症
eiken1,take a beating,負ける;敗北する
eiken1,boon,恩恵
eiken1,in one's absence,不在中に;留守中に
eiken1,confetti,紙吹雪
eiken1,articulation,調音
eiken1,stow,詰め込む
eiken1,debit,借り方
eiken1,split the bill,割り勘をする/割り勘
eiken1,slip A's mind,Aから忘れられる;～をAがうっかり忘れる
eiken1,recompense,報いる
eiken1,altercation,口論
eiken1,chaff,もみ殻
eiken1,compare A with B,AとBを比較する
eiken1,profusion,豊富
eiken1,decorum,礼儀正しさ
eiken1,fiddle,バイオリン
eiken1,in haste,急いで;慌てて
eiken1,gaunt,やせこけた;荒涼とした
eiken1,periscope,潜望鏡
eiken1,be destitute of,に困窮する;を持っていない
eiken1,plod,とぼとぼ歩く
eiken1,plethora,過多
eiken1,prognosis,予後
eiken1,at worst,最悪の場合;もっとも悪い状況
eiken1,ring a bell,思い出させる;聞いたことのある
eiken1,immersion,没入;熱中
eiken1,unfurl,広げる
eiken1,chauvinism,愛国心
eiken1,plumb,おもり
eiken1,oneness,一体感
eiken1,boil down to,煮詰める;結局～になる
eiken1,embankment,堤防
eiken1,in years,年間で;一年を通して
eiken1,for the benefit of,のために;の(利益の)ために
eiken1,on bail,保釈中の;出所中の
eiken1,sleep in,寝床に入る;ゆっくり寝る
eiken1,itinerary,旅程
eiken1,alive and well,健在で;元気で;健全で
eiken1,beggar,乞食
eiken1,welsh,踏み倒す
eiken1,corroboration,確証
eiken1,canteen,売店
eiken1,furlough,休暇
eiken1,step in,介入する;立ち入る
eiken1,egalitarian,平等主義者
eiken1,take A for granted,Aを当然と思う;Aを当たり前と考える
eiken1,in so far as,する限りにおいて;～でありさえすれば
eiken1,filibuster,議事妨害
eiken1,cavern,洞窟
eiken1,barrow,手押し車
eiken1,pentagon,五角形
eiken1,neurosis,神経症
eiken1,hegemony,覇権
eiken1,propulsion,推進
eiken1,subjugate,征服する
eiken1,biceps,上腕二頭筋
eiken1,iniquity,不正
eiken1,succumb to,に負ける;で死ぬ
eiken1,ransack,捜しまわる
eiken1,tear down,解体する;分解する
eiken1,with open arms,両手を広げて;心から喜んで
eiken1,under construction,建設中で;工事中
eiken1,in dispute,論争中の;議論の的となっている
eiken1,pan out,砂金が出る;成功する
eiken1,get wet to the skin,ずぶ濡れになる;びしょ濡れになる
eiken1,recrimination,非難し返す
eiken1,encryption,暗号化
eiken1,true to life,写実的;そっくりの
eiken1,genotype,遺伝子型
eiken1,autism,自閉症
eiken1,on the subject of,に関して;について
eiken1,inquire of,を問い合わせる;尋ねる
eiken1,promontory,岬
eiken1,curio,骨董品
eiken1,diction,言い回し
eiken1,take pains,苦労する;骨を折る
eiken1,under consideration,検討中の;審議中の
eiken1,esophagus,食道
eiken1,speak well of,の事を良く言う;ほめる
eiken1,rut,轍
eiken1,hermit,世捨て人
eiken1,lathe,旋盤
eiken1,precipice,絶壁
eiken1,out and about,出歩いて;外に出られる
eiken1,epitome,典型;縮図
eiken1,gait,歩行
eiken1,rump,臀部
eiken1,accomplice,共犯者
eiken1,beyond question,疑いもなく;確かに
eiken1,exponent,解説者
eiken1,puberty,思春期
eiken1,squeak,きしむ
eiken1,buy out,買い取る;株を買い取る
eiken1,introspection,内省
eiken1,owing to,のために;のおかげで
eiken1,pick up the pieces,欠片を拾う;事態を修復する
eiken1,fall in with,と知り合いになる;交際する
eiken1,crony,旧友
eiken1,iron out,解決する;しわを伸ばす
eiken1,blow in,風が吹き込む;突然現れる
eiken1,emissary,密偵
eiken1,fable,寓話
eiken1,ratification,批准
eiken1,sleep on,を一晩寝て考える;決定を一日延ばす
eiken1,fade away,消えていく;消滅していく
eiken1,pique,憤慨させる
eiken1,gain on,追い上げる;侵食する
eiken1,escapade,いたずら
eiken1,mischief,いたずら
eiken1,forgery,偽造
eiken1,in doubt,疑って;迷って
eiken1,take root,根付く;定着する
eiken1,shell out,支払う;大金を払う
eiken1,whimper,しくしく泣く
eiken1,rebuttal,反論
eiken1,in a million,最高の;かけがえのない
eiken1,pass through,を通る;通り抜ける
eiken1,retract,撤回する
eiken1,make for,へ向かう;に役立つ
eiken1,die of,で死ぬ;亡くなる
eiken1,be devoid of,を持っていない;に欠いている
eiken1,elation,得意げ
eiken1,hatchet,手斧
eiken1,infertility,不妊
eiken1,provocation,挑発
eiken1,high and low,高きも低きも;あらゆる人達
eiken1,be weary of,にうんざりしている;飽き飽きしている
eiken1,node,節
eiken1,dune,砂丘
eiken1,circumference,外周
eiken1,with A start,はっとして;ビクッとして
eiken1,infatuation,夢中
eiken1,mulch,根覆い
eiken1,for life,一生の;生きるために
eiken1,parson,牧師
eiken1,inflict A on B,BにAを与える;負わせる
eiken1,malady,病気
eiken1,pellet,小粒
eiken1,oddly enough,奇妙なことに;おかしなことに
eiken1,transpire,蒸発する
eiken1,amity,親善
eiken1,dichotomy,二分法;両方
eiken1,in a second,すぐに;一瞬で
eiken1,dike,堤防
eiken1,nomad,遊牧民
eiken1,caprice,気まぐれ
eiken1,recuperate,回復する
eiken1,manipulator,操縦者
eiken1,break the news,悲報を伝える;悲しみを知らせる
eiken1,proscribe,禁ずる
eiken1,ethos,気風
eiken1,hole up,冬眠する;隠れる
eiken1,dung,糞
eiken1,tell A apart,Aを区別する;Aを見分ける
eiken1,orator,講演者
eiken1,fission,分裂
eiken1,as much as to say,と言わんばかりに;と言っているかのように
eiken1,resurgence,復活
eiken1,cutback,削減
eiken1,forfeit,没収
eiken1,anorexia,拒食症
eiken1,work off,徐々に取れる;減らす
eiken1,aviary,鳥小屋
eiken1,migraine,偏頭痛
eiken1,crevice,隙間
eiken1,quarantine,隔離
eiken1,raze,跡形もなく破壊する
eiken1,break into tears,涙が出る;泣き出す
eiken1,cistern,貯水槽
eiken1,wrest,もぎ取る
eiken1,draw into,引き込む;引き入れる
eiken1,innuendo,暗示
eiken1,jubilee,記念祭
eiken1,lagoon,環礁
eiken1,by dint of,によって;の力で
eiken1,mutiny,反乱
eiken1,rummage,かき回して探す
eiken1,aperture,隙間、開口部
eiken1,in addition to,に加えて;のほかに
eiken1,take leave of,と告別する;別れる
eiken1,twitter,さえずる
eiken1,crash into,衝突する;ぶち当たる
eiken1,amends,償い
eiken1,billow,うねり
eiken1,revere,尊敬する
eiken1,citadel,城塞
eiken1,carry over,持ち越す;繰り返す
eiken1,hearsay,伝聞
eiken1,repudiate,否認する
eiken1,remission,免除;除外
eiken1,hedonism,快楽主義
eiken1,under cover,内密に;隠れて
eiken1,least of all,とりわけ;最も～ない
eiken1,cot,小屋
eiken1,denunciation,非難
eiken1,ascribe A to B,AからBに帰する
eiken1,make allowance for,を大目に見る;を考慮に入れる
eiken1,plaid,格子柄
eiken1,hold still,止まる;座る
eiken1,apex,頂上
eiken1,barley,大麦;麦
eiken1,claustrophobia,閉所恐怖症
eiken1,out of order,故障中で;順番が乱れて
eiken1,confederation,連合
eiken1,and the like,など;および同類の物
eiken1,ledger,原簿
eiken1,weed out,取り除く;引き抜く
eiken1,municipality,自治体
eiken1,pick up the thread,再び続ける;再開する
eiken1,duchy,公国
eiken1,hang over,持ち越される;継続する
eiken1,moratorium,猶予
eiken1,kick back,逆襲する;見返り
eiken1,bile,胆汁
eiken1,now and again,時々;時折
eiken1,classify A into B,AをBに分類する
eiken1,brute,畜生
eiken1,out of the picture,目立たない;重要でない
eiken1,conservatory,温室
eiken1,roll in,たくさん入る;転がり入る
eiken1,eat away,食い荒らす;侵食する
eiken1,supersede,取って代わる
eiken1,turn pale,青ざめる;血色が悪くなる
eiken1,fluff,綿毛
eiken1,at close quarters,間近に;接近して
eiken1,tantalize,じらす
eiken1,tend to,する傾向がある;しがちである
eiken1,at the end of the day,一日の終わりに;最終的に
eiken1,devolution,委譲
eiken1,fall behind,遅れる;追い越される
eiken1,pedestal,台座
eiken1,reverie,夢想
eiken1,dream on,夢を見続ける;(命令文で)夢でも見てろ
eiken1,forage,飼料
eiken1,murmur,ささやき
eiken1,panacea,万能薬
eiken1,welter,転がりまわる
eiken1,set at,評価する;設置する
eiken1,consternation,驚き
eiken1,reprieve,猶予する
eiken1,watch over,見守る;見張る
eiken1,presage,予兆
eiken1,pore over,を凝視する;熟読する
eiken1,prerequisite,前提条件
eiken1,accolade,栄誉
eiken1,chlorine,塩素
eiken1,environs,周辺
eiken1,be reckless of,を気に掛けない;気にしない
eiken1,ligament,靱帯
eiken1,cheat on,でずるをする;裏切る
eiken1,whet,研ぐ
eiken1,avail oneself of,を利用する;を活用する
eiken1,keep down,身を低くする;大きな声を出さずにいる
eiken1,crux,核心
eiken1,squirm,身もだえる
eiken1,canister,金属容器
eiken1,delineation,輪郭の描写
eiken1,pity,同情
eiken1,have a clue,手がかりがある;見当がつく
eiken1,trifle with,ぞんざいに扱う;いい加減にあしらう
eiken1,avarice,貪欲
eiken1,peal,鐘の響き
eiken1,clear away,取り除く;片づける
eiken1,strip A of B,AからBを取り去る;奪う
eiken1,faucet,蛇口
eiken1,recoil,後ずさりする
eiken1,embroidery,刺繍
eiken1,run off,流出する;逃げる
eiken1,in diameter,直径で;径で
eiken1,lair,隠れ家
eiken1,poke fun at,をからかう;を馬鹿にする
eiken1,lesion,傷害
eiken1,arbitration,仲裁
eiken1,interfere in,に干渉する;介入する
eiken1,get past,のそばを通る;通り抜ける
eiken1,slacken,速度を落とす
eiken1,go after,を追いかける;を求める
eiken1,sterilize,殺菌する
eiken1,phase out,段階的に廃止する;撤去する
eiken1,attire,服装
eiken1,rouse,目を覚まさせる
eiken1,scowl,顔をしかめる
eiken1,connotation,言外の意味
eiken1,recluse,世捨て人
eiken1,cataclysm,激変
eiken1,conformity,適合
eiken1,repulse,追い払う
eiken1,iris,虹彩
eiken1,pull into,引き入れる;引き込む
eiken1,blasphemy,冒涜
eiken1,come to a halt,一旦停止する;一時的に止める
eiken1,fiend,悪魔
eiken1,magnate,有力者
eiken1,muzzle,鼻口部
eiken1,chivalry,騎士道
eiken1,husk,殻
eiken1,in contrast with,とは対照的に;～に対して
eiken1,matrimony,結婚
eiken1,prostrate,腹ばいになった
eiken1,around the clock,一日中;24時間体制
eiken1,wring,絞る
eiken1,adage,格言
eiken1,matron,既婚の人;既婚の女性
eiken1,turn out for,に向かう;の方向に進む
eiken1,divergence,分岐
eiken1,caricature,風刺画
eiken1,entrust A to B,AからBに委託する;任せる
eiken1,cataract,瀑布
eiken1,pay down,頭金として払う;即金で払う
eiken1,seethe,沸騰する
eiken1,yet again,再び;またまた
eiken1,armistice,休戦
eiken1,set forth,説明する;を明らかにする
eiken1,incursion,侵入
eiken1,cryptic,秘密の
eiken1,pert,生意気な
eiken1,agile,機敏な
eiken1,insipid,味のない
eiken1,catch A's eye,Aの目を引く;Aの興味を引く
eiken1,sleep over,外泊する;を見落とす
eiken1,interminable,果てしない
eiken1,anterior,前部の
eiken1,no sweat,容易に;お安い御用で
eiken1,legible,読みやすい
eiken1,stench,悪臭
eiken1,slough,ぬかるみ
eiken1,inert,不活性の
eiken1,saturation,飽和
eiken1,put through,やり遂げる;に電話を繋ぐ
eiken1,diagonal,対角線の
eiken1,ever since,それ以来;それ以降
eiken1,insolent,横柄な
eiken1,perfunctory,形式的な（形だけの)
eiken1,diffident,自信のない
eiken1,screw up,失敗する;しくじる
eiken1,haggard,やつれた
eiken1,fall on,降りかかる;突然やってくる
eiken1,be applicable to,に当てはまる;に適している
eiken1,shed light on,に光を放つ;当てる
eiken1,whisker,頬ひげ
eiken1,sprig,小枝
eiken1,point up,強調する;際立たせる
eiken1,precipitous,切り立った
eiken1,without reserve,遠慮せず;遠慮なく
eiken1,be distinguished for,と区別される;名高い
eiken1,demure,控えめな
eiken1,leave out,を省略する;を除外する
eiken1,judicious,賢明な
eiken1,obtrusive,押しつけがましい
eiken1,get over with,を乗り越える;克服する
eiken1,shin,すね
eiken1,adjust A to B,AとBを調整する;AをBに合わせる
eiken1,asunder,バラバラに
eiken1,brittle,壊れやすい
eiken1,specious,見掛け倒しの;尤もらしい
eiken1,sheath,鞘
eiken1,polemic,論争の
eiken1,write out,書きつくす;書くことがなくなる
eiken1,furry,毛皮の
eiken1,smudge,汚れ
eiken1,buy off,お金で解決する;金を払って免れる
eiken1,jack up,吊り上げる;ジャッキで上げる
eiken1,sew up,縫合する;うまくまとめる
eiken1,condescending,恩着せがましい
eiken1,copious,豊富な
eiken1,talk back to,に口答えする;言い返す
eiken1,callous,硬くなった
eiken1,incandescent,白熱の
eiken1,rest on,に基づく;に頼る
eiken1,tantrum,かんしゃく
eiken1,an eye for an eye,目には目を;同じことをやり返す
eiken1,slander,中傷
eiken1,infallible,間違いのない;確実な
eiken1,crop up,突然現れる;生じる
eiken1,stallion,種馬
eiken1,ponderous,重々しい
eiken1,shoal,浅瀬
eiken1,thatch,わら
eiken1,be apt to,しがちである;する癖がある
eiken1,engage in,に従事する;～に携わる
eiken1,soggy,水浸しの
eiken1,impassive,無表情の
eiken1,tenement,長屋
eiken1,stay put,入れたまま;元のままで
eiken1,give A credit for B,BについてAを信用する;AのBを認める
eiken1,day in; day out,明けても暮れても;毎日毎日
eiken1,capricious,気まぐれな
eiken1,impertinent,生意気な
eiken1,lateral,側面の
eiken1,hit it off,仲良くやる;ウマが合う
eiken1,sieve,ふるい
eiken1,take offense at,に怒る;腹を立てる
eiken1,talon,爪
eiken1,out of hand,手を離れて;手に負えなくなって
eiken1,cranky,気難しい
eiken1,wash up,顔や手を洗う;皿洗いをする
eiken1,ingenious,器用な;創造性のある
eiken1,disheveled,乱れた
eiken1,renal,腎臓の
eiken1,vector,ベクトル
eiken1,be doomed to,運命づけられる;の運命にある
eiken1,carry off,運び去る;誘拐する
eiken1,lucid,明快な
eiken1,go to extremes,極端に行く;行き過ぎる
eiken1,pagan,異教の
eiken1,trough,水桶
eiken1,spore,胞子
eiken1,think better of,よく考える;見直す
eiken1,glaring,ぎらぎら輝く
eiken1,ambient,周囲の
eiken1,intrusive,煩わしい
eiken1,porous,穴の多い
eiken1,at a premium,特別に;割増の
eiken1,acrid,刺激的な
eiken1,under the table,こっそりと;そでの下で
eiken1,build out,構築する;増築する
eiken1,egregious,悪質な
eiken1,write off,すぐに書く;即座に記述する
eiken1,peevish,気難しい
eiken1,fastidious,気難しい
eiken1,omnivorous,雑食の
eiken1,scruffy,みすぼらしい
eiken1,swine,豚
eiken1,kinetic,運動の
eiken1,cursory,大ざっぱな
eiken1,pull the plug,停止させる;終わらせる
eiken1,rapt,没頭した
eiken1,surrender to,に降伏する;屈服する
eiken1,slapstick,ドタバタ喜劇
eiken1,zenith,頂点
eiken1,to be frank,率直に言って;正直なところ
eiken1,dilapidated,老朽化した
eiken1,hardy,丈夫な
eiken1,malevolent,悪意のある;意地悪な
eiken1,syndicate,企業連合
eiken1,tether,綱
eiken1,transgression,違反
eiken1,derive from,から派生する
eiken1,ostentatious,派手な
eiken1,with a vengeance,すさまじい勢いで;猛烈に
eiken1,ruddy,血色の良い
eiken1,frivolous,軽薄な
eiken1,miscellaneous,雑多な
eiken1,stricture,非難
eiken1,depraved,堕落した
eiken1,let off,降ろす;放つ
eiken1,petite,小柄な;華奢な
eiken1,end up with,で終わる;の羽目になる
eiken1,kill oneself,自殺する;自害する
eiken1,out in the cold,冷たくされて;無視されて
eiken1,let on,漏らす;白状する
eiken1,susceptibility,感受性
eiken1,abhorrent,忌まわしい
eiken1,dingy,薄汚い
eiken1,exert oneself to,するために努力する;するために尽力する
eiken1,zero in on,に的を絞る;照準を合わせる
eiken1,go nuts,気がふれる;怒り狂う
eiken1,shard,破片
eiken1,drum up,呼び集める;募集する
eiken1,sprite,妖精
eiken1,impetuous,猛烈な
eiken1,bite on,に真剣に取り組む;に噛みつく
eiken1,noxious,有害な
eiken1,drink in,吸収する;見とれる
eiken1,tort,不法行為
eiken1,deplorable,嘆かわしい
eiken1,sprightly,快活な
eiken1,smack,ピシャリと打つこと;風味
eiken1,gullible,騙されやすい
eiken1,facetious,ふざけた
eiken1,boil over,沸騰してこぼれる;憤慨する
eiken1,tenancy,借地権
eiken1,be incongruous with,と矛盾する;と不一致である
eiken1,ostensible,表向きの
eiken1,go into effect,影響が始まる;発行される
eiken1,so as to,するように;なるように
eiken1,bear down,圧迫する;制圧する
eiken1,seldom if ever,めったに;しない
eiken1,antarctic,南極の
eiken1,plenary,最大限の;完全な
eiken1,sedentary,座りがちな
eiken1,hear out,最後まで聞く;傾聴する
eiken1,rumor has it that,噂によると;らしい;との噂である
eiken1,chaste,純潔な
eiken1,fish for,聞き出す;誘い出す
eiken1,anthropological,人類学
eiken1,by coincidence,偶然に;たまたま
eiken1,equestrian,馬術の
eiken1,omniscient,全知の
eiken1,solvent,溶媒;溶剤
eiken1,topography,地形学
eiken1,buck for,得ようと努める;求める
eiken1,lusty,元気な
eiken1,kick out,追い出す;追放する
eiken1,vulgarity,下品
eiken1,pedantic,学者ぶった
eiken1,set A apart,Aを離す
eiken1,prodigal,浪費した
eiken1,make do with,で間に合わせる;でやりくりする
eiken1,wad,柔らかい塊
eiken1,fraught,いっぱいの、緊張をはらんだ
eiken1,do A harm,Aに害を及ぼす;傷つける
eiken1,somber,憂鬱な
eiken1,flabby,たるんだ
eiken1,quarrel with,とけんかする;口論する
eiken1,scruple,良心の呵責
eiken1,pensive,物思いに沈んだ
eiken1,primordial,原始的な
eiken1,spurious,偽の
eiken1,immaterial,重要でない
eiken1,sediment,堆積物
eiken1,bottom out,底をつく;底値に達する
eiken1,cast away,投げ捨てる;処分する
eiken1,ancillary,付属の
eiken1,feeble,弱々しい
eiken1,sonic,音の
eiken1,stenographer,速記者
eiken1,put up at,に泊まる;宿泊する
eiken1,hoarse,しわがれ声の
eiken1,a bunch of,たくさんの;多量の
eiken1,opinionated,頑固な;意固地な
eiken1,be distinct from,とは区別する;とは異なって
eiken1,emeritus,名誉の;名誉退職の
eiken1,canonical,正規の
eiken1,in consequence,結果として;その結果
eiken1,xenophobia,外国人恐怖症
eiken1,senile,老年の
eiken1,spruce,気の利いた
eiken1,make haste,急ぐ;手早くする
eiken1,pharmaceutical,医薬品の
eiken1,first and last,総じて;概して
eiken1,in disguise,変装した;～したふり
eiken1,tummy,おなか
eiken1,seismic,地震の
eiken1,petulant,拗ねた
eiken1,privy,内情に通じた
eiken1,upholstery,室内装飾
eiken1,ecstatic,夢中の
eiken1,sap,樹液
eiken1,incredulous,疑い深い
eiken1,to excess,過剰に;過度に
eiken1,pungent,舌や鼻を刺激する
eiken1,scuffle,乱闘
eiken1,for real,本物の;本気で
eiken1,wipe out,を一掃する;全滅させる
eiken1,drink to,を祝って飲む;偲んで酒を飲む
eiken1,garish,飾り立てた
eiken1,reciprocal,相互の
eiken1,languid,だるい
eiken1,despotic,専制的な
eiken1,come away,から離れていく;遠ざかる
eiken1,nonchalant,無関心な
eiken1,bashful,内気な
eiken1,brusque,無愛想な
eiken1,spit it out,白状する;吐き出すように言う
eiken1,serum,リンパ液;血清
eiken1,veterinarian,獣医
eiken1,sluice,水門
eiken1,take the plunge,思い切ってやる;やってみる
eiken1,hazy,霞んだ
eiken1,jovial,陽気な
eiken1,bear the brunt of,の矢面に立つ;まともに受ける
eiken1,rise and fall,上下する;起伏する
eiken1,tentacle,触手
eiken1,be liable to,責任がある;責任を持つ
eiken1,be in for,に直面しそうな;に参加する
eiken1,effervescent,発泡性の
eiken1,sedate,落ち着いた
eiken1,perpendicular,直立した
eiken1,think much of,を尊重する;評価する
eiken1,on the occasion of,に際して;にあたって
eiken1,thimble,指ぬき
eiken1,clerical,事務職の
eiken1,on hand,近くに;手元に
eiken1,put it briefly,簡単に言うと;短く言うと
eiken1,tang,ぴりっとした味
eiken1,be disappointed at,にがっかりして;に期待外れで
eiken1,all thumbs,手先が不器用な;ぶざまな
eiken1,spire,尖塔
eiken1,arable,耕作可能な
eiken1,convict of,で有罪判決とする;有罪を宣告する
eiken1,associate with,と関連付ける;を関連させる
eiken1,uterus,子宮
eiken1,slovenly,だらしない
eiken1,make an end of,で済ませる;終わらせる
eiken1,omnipotent,全能の
eiken1,smallpox,天然痘
eiken1,close call,間一髪;際どいところ
eiken1,synopsis,あらすじ
eiken1,turnpike,有料高速道路
eiken1,litigant,係争中の
eiken1,tandem,縦に並んで
eiken1,be faithful to,に忠義を尽くす;付いていく
eiken1,be prone to,する傾向がある;しがちである
eiken1,insurmountable,乗り越えられない
eiken1,despondent,落胆した
eiken1,hold on to,にすがりつく;放さない
eiken1,plaintive,哀れな;かわいそうな
eiken1,volition,意志
eiken1,stare at,をじっと見つめる;を凝視する
eiken1,tear off,引きちぎる;脱ぎ捨てる
eiken1,sacrilegious,罰当たりの
eiken1,ephemeral,はかない
eiken1,urn,骨壷
eiken1,come in contact with,と接触する;連絡する
eiken1,up in the air,漠然とした;未決定の
eiken1,onerous,厄介な
eiken1,docile,扱いやすい
eiken1,oblique,斜めの
eiken1,touch off,発射させる;誘発する
eiken1,thesaurus,知識の宝庫
eiken1,in a passion,情熱を持って;熱心に
eiken1,furtive,こそこそした
eiken1,schematic,概略図の
eiken1,elaborate on,を詳しく述べる;詳しく話す
eiken1,syntax,構文
eiken1,tens of thousands,何万もの;数万の
eiken1,ease up,緩む;和らぐ
eiken1,in the mood for,したい気分である;する気になっている
eiken1,sortie,出撃
eiken1,intermittent,間欠的な;断続の
eiken1,torpedo,魚雷
eiken1,confide in,信じる;許す
eiken1,catch a glimpse of,をちらっと見る;垣間見る
eiken1,dignified,威厳のある
eiken1,wicker,小枝
eiken1,be proficient in,に精通している;熟知している
eiken1,assertive,断定的な
eiken1,dos and don'ts,規則集;注意事項
eiken1,subsistence,生計
eiken1,illiterate,文盲の
eiken1,bound for,行きの;向けの
eiken1,sleigh,そり
eiken1,wart,いぼ
eiken1,amenable,従順な
eiken1,antiseptic,殺菌の
eiken1,derisive,嘲笑的な
eiken1,seclude,引きこもらせる、隠とんさせる
eiken1,in anticipation of,を予期して;見込んで
eiken1,sorcerer,魔術師
eiken1,serene,穏やかな
eiken1,abject,卑劣な
eiken1,walk away with,と一緒に歩いて出る;と一緒に歩いて去る
eiken1,bow out,お辞儀して退出する;身を引く
eiken1,far cry from,叫び声から遠い;からほど遠い
eiken1,stratum,地層
eiken1,vagabond,放浪者
eiken1,ring out,退出時間を記録する;鳴り響く
eiken1,sewerage,下水
eiken1,go overboard,極端に走る;夢中になる
eiken1,tableau,心を打つ描写
eiken1,stupor,昏迷
eiken1,free of charge,無料で;タダで;無償で
eiken1,seedling,苗木
eiken1,compulsory,強制的な;強制力のある
eiken1,in recognition of,の認識で;理解して
eiken1,lean over,寄りかかる;屈む
eiken1,keep at,を根気よく続ける;継続する
eiken1,posthumous,死後の
eiken1,lethargic,無気力な
eiken1,conciliatory,調停的な
eiken1,thoroughfare,幹線道路
eiken1,take A into consideration,Aを考慮に入れる
eiken1,typhoid,腸チフス
eiken1,syringe,注射器
eiken1,submit A to B,AをBに提出する
eiken1,stubble,無精ひげ
eiken1,eviction,立ち退き;明け渡し
eiken1,demarcation,境界
eiken1,diva,女性歌手;歌姫
eiken1,lay in,蓄える;仕入れる
eiken1,culminate,最高潮に達する
eiken1,from top to bottom,上から下まで
eiken1,close out,締め切る;売り払う
eiken1,deference,尊敬
eiken1,bail out,脱出する;救済する
eiken1,plop,ボチャンと落ちる
eiken1,procrastinate,先延ばしにする
eiken1,flora,植物群
eiken1,futility,無益
eiken1,sticking point,障害;行き詰り
eiken1,abomination,憎悪
eiken1,be alien to,と調和せずに;相容れなくて
eiken1,compost,混合物
eiken1,surmise,推測する
eiken1,coddle,甘やかす
eiken1,hand down,を伝える;を降ろす
eiken1,constipation,便秘
eiken1,fix on,を固定する;取り付ける
eiken1,whittle,削ぐ
eiken1,vouch for,を保証する;約束する
eiken1,tranquilize,静める
eiken1,when it comes to,のことになると;(話が)…ということになると
eiken1,writhe,身もだえる
eiken1,up to now,今まで;現在まで
eiken1,admonition,訓戒
eiken1,diatribe,痛烈な非難
eiken1,hiccup,しゃっくり
eiken1,add up,足し合わせる;合計する
eiken1,warble,さえずる
eiken1,bargain for,について交渉する;話し合う
eiken1,voluptuous,官能的な
eiken1,embellish,飾る
eiken1,underpin,下から支える
eiken1,blunder,大失敗
eiken1,dispensary,診療所
eiken1,din,騒音;喧噪
eiken1,cinch,有力候補
eiken1,go in for,に参加する;携わる
eiken1,be obsessed with,に取り付かれる;で頭がいっぱい
eiken1,epilepsy,てんかん
eiken1,first and foremost,まず第一に;真っ先に
eiken1,be worthy to,に値する;価値がある
eiken1,dishevel,振り乱す
eiken1,map out,綿密に計画する;地図に精密に示す
eiken1,lug,力を込めて引く
eiken1,pull off,もぎ取る;成功を掴む
eiken1,be keen to,やる気がある;乗り気になっている
eiken1,meddle,お節介を焼く
eiken1,from A to Z,最初から最後まで;終始
eiken1,"on trial, under trial",試用中で;審理中で
eiken1,contagion,伝染
eiken1,rebuke,注意する
eiken1,exclamation,感嘆
eiken1,cash in,現金に変える;現金を投入する
eiken1,purr,のどを鳴らす
eiken1,slit,切り開く
eiken1,come around,遠回りする;立ち寄る
eiken1,expropriate,没収する
eiken1,contrivance,工夫
eiken1,bear out,裏付ける;支持する
eiken1,feat,偉業
eiken1,enshrine,祀る
eiken1,unkempt,もじゃもじゃの
eiken1,land A with B,AにBを引き受けさせる
eiken1,cavalier,騎士
eiken1,abstain from,を控える;慎む
eiken1,for the good of,のために;の(利益の)ために
eiken1,eulogy,賛辞
eiken1,go through with,で通り抜ける;通過する
eiken1,look through,に目を通す;一通り調べる
eiken1,be inferior to,より劣って;下回って
eiken1,beyond number,数えきれないほど;無数の
eiken1,imposition,課税
eiken1,wacky,突飛な
eiken1,pout,口をとがらせる
eiken1,abound in,であふれている;に富む
eiken1,voluble,おしゃべりな
eiken1,at home with,慣れて;精通して
eiken1,off duty,非番の;勤務時間外の
eiken1,in one's presence,目の前で;～のいる所で
eiken1,wheedle,上手い言葉で誘う
eiken1,in an instant,瞬時に;一瞬で
eiken1,implode,内部破壊する
eiken1,inculcate,教え込む
eiken1,foreclose,除外する
eiken1,be addicted to,の中毒になる;癖になる
eiken1,avenger,復讐者
eiken1,bridle,手綱
eiken1,hide out,隠れる;潜伏する
eiken1,dreary,悲しくさせる
eiken1,on edge,イライラして;もどかしくて
eiken1,make a fuss,大騒ぎする;騒ぎ立てる
eiken1,stigmatize,汚名を着せる
eiken1,strain,引っ張る
eiken1,complain of,を訴える;の不平を言う
eiken1,appall,ぞっとさせる
eiken1,postulate,仮定する
eiken1,assure A of B,BのAを保証する;AにBを保証する
eiken1,excruciate,苦しめる
eiken1,mother tongue,母国語;母語
eiken1,bog,沼地
eiken1,at ease,気楽に;気負いなく
eiken1,in the abstract,理論上は;理論的には
eiken1,carcinoma,がん
eiken1,no offense,悪気はなく;悪気なく
eiken1,herbicide,除草剤
eiken1,in the affirmative,肯定の;賛成の
eiken1,convulsion,けいれん
eiken1,legitimize,正当化する
eiken1,puke,吐く
eiken1,as is,そのまま;現状のままで
eiken1,can afford to do,する余裕がある;～を買うお金がある
eiken1,in due time,やがて;いつかは
eiken1,deviate,逸脱する
eiken1,pulverize,粉砕する;破砕する
eiken1,gun for,を追い求める;必死になる
eiken1,balm,香油
eiken1,apathy,無関心
eiken1,lean on,に寄りかかる;にもたれる
eiken1,blob,柔らかく小さい塊
eiken1,on second thought,考え直してみると;再考した結果
eiken1,impel,駆り立てる
eiken1,blurb,推薦広告
eiken1,wheeze,息を切らす
eiken1,notify A of B,AにBを通知する
eiken1,cessation,中止
eiken1,in excess of,より過度に;を上回って
eiken1,allegiance,忠誠
eiken1,brothel,売春宿;遊廓
eiken1,groin,鼠径部
eiken1,at no time,決して～しない;～することはない
eiken1,apprenticeship,見習い
eiken1,originate in,に端を発する;起因する
eiken1,crotch,股
eiken1,pretend to do,するふりをする;～だと見せかける
eiken1,take A by surprise,Aを驚かせる
eiken1,in a vacuum,真空で;真空中で
eiken1,audacity,大胆さ
eiken1,embezzle,横領する
eiken1,ellipse,楕円
eiken1,rise and shine,起き上がる;起床する
eiken1,critter,生き物
eiken1,blatantly,露骨に
eiken1,glare at,睨みつける
eiken1,blanch,漂白する
eiken1,flip-flop,サンダル;パタパタ鳴る音
eiken1,roundup,切り上げる;駆り集める
eiken1,nullify,無効にする
eiken1,irk,いらいらさせる
eiken1,thrifty,倹約な
eiken1,annotation,注釈
eiken1,beseech,懇願する;嘆願する
eiken1,halfway house,中盤;妥協点
eiken1,chronology,年表
eiken1,hesitate to,をためらう;躊躇する
eiken1,usurp,奪う
eiken1,agitate,かき立てる
eiken1,spring from,から生じる;から生まれる
eiken1,commotion,騒動
eiken1,on principle,原則として;道徳的見地から
eiken1,emancipate,解放する
eiken1,crank up,刺激する;始動する
eiken1,rumble,ゴロゴロ鳴る
eiken1,regurgitate,吐き戻す
eiken1,visceral,内臓の
eiken1,put emphasis on,に重点を置く;を重んじる
eiken1,jingle,リンリン鳴らす
eiken1,contention,争い
eiken1,gratuity,心付け
eiken1,sneak up on,忍び寄る;こっそり近づく
eiken1,creak,キーキー鳴る
eiken1,quench,渇きをいやす;抑制する
eiken1,fling,投げる
eiken1,be suitable for,に適している;に適した
eiken1,teeter,ぶらぶらする
eiken1,finery,華美な装飾
eiken1,admire A for B,BについてAを賞賛する
eiken1,cleave,割る
eiken1,in all probability,十中八九
eiken1,fabrication,製作
eiken1,be indebted to,に負債がある;恩義がある
eiken1,drool,よだれを垂らす
eiken1,amputation,切断
eiken1,not necessarily,必ずしも必要でなく;必ずしも～ない
eiken1,vascular,管の
eiken1,wrestle with,取っ組み合う;取り組む
eiken1,at face value,額面通り;表面通りの価値で
eiken1,transitory,一時的な
eiken1,put A into practice,Aを実践する;実行する
eiken1,prowl,うろつく
eiken1,once and for all,これを最後に;最終的に
eiken1,resuscitate,蘇生させる
eiken1,espouse,信念や主張を支持する
eiken1,concordance,一致
eiken1,emancipation,解放
eiken1,down to earth,分別のある;現実的な
eiken1,gaffe,失策
eiken1,enumerate,列挙する
eiken1,crack down,厳しく取り締まる;処罰する
eiken1,hip to,に気づいている;認識している
eiken1,water down,水で薄める;和らげる
eiken1,mutilate,切断する
eiken1,stop off,途中下車する;寄り道する
eiken1,by force,力ずくで;無理やり
eiken1,head over heels,真っ逆さまに;逆さまに
eiken1,perforate,穴を空ける
eiken1,no less than,と同じほど;に劣らず
eiken1,scamper,ふざけ回る;あわてて逃げる
eiken1,tardy,遅れた
eiken1,mingle with,と混ざる;交じる
eiken1,repatriate,送還する
eiken1,enthrall,魅了する
eiken1,crucifixion,はりつけ
eiken1,crypt,地下室
eiken1,denigrate,侮辱する
eiken1,grail,聖杯
eiken1,at intervals,飛び飛びに;時々
eiken1,have a flat tire,タイヤがパンクする;パンクしている
eiken1,amplitude,広さ;振幅
eiken1,make matters worse,問題を悪化させる;問題をよくない方向に導く
eiken1,virile,男らしい
eiken1,budge,少し動く
eiken1,filth,汚物
eiken1,chastise,懲らしめる
eiken1,fart,おならをする
eiken1,to death,死ぬまで;生涯
eiken1,sputter,唾を飛ばして喋る
eiken1,come out with,を見せる;口に出す
eiken1,become of,となる;になる
eiken1,ensconce,快適に座る
eiken1,saunter,ぶらつく
eiken1,hang in,頑張る;持ちこたえる
eiken1,conform A to B,AをBに合わせる
eiken1,unequivocal,明確な
eiken1,build A into B,AをBに組み入れる
eiken1,loiter,ぶらぶら歩く
eiken1,be akin to,に似ている;と同種である
eiken1,pervade,染み込む
eiken1,stupendous,途方もない
eiken1,arousal,覚醒
eiken1,concentrate A on B,AをBに集中させる;AをBに専念させる
eiken1,discomfiture,挫折
eiken1,in succession,連続して;引き続き
eiken1,tie into,結び付ける;調和させる
eiken1,detest,忌み嫌う
eiken1,consent to,に納得する;を許す
eiken1,pick up the tab,勘定を払う;支払いをする
eiken1,gird,締める
eiken1,aegis,保護
eiken1,either way,どちらにしても;どのみち
eiken1,absolve,免除する;免許する
eiken1,be obliged to,義務を負う;責任を持つ
eiken1,faze,心を騒がせる
eiken1,prohibit A from doing,Aがすることを禁止する
eiken1,fruition,結実;実現
eiken1,epitomize,縮める
eiken1,buttock,臀部;お尻
eiken1,uncouth,粗野な
eiken1,reminiscent,思い出させる
eiken1,mesmerize,魅了する
eiken1,not absolutely,絶対ではない;必ず;ではない
eiken1,hone,砥石
eiken1,belittle,見くびる
eiken1,aptitude,適性
eiken1,belie,食い違う
eiken1,in a bad temper,不機嫌に;機嫌の悪い
eiken1,in focus,焦点があっている;ピントが合っている
eiken1,gist,要旨
eiken1,have a tendency to,する傾向がある;しがちである
eiken1,coop,鳥かご
eiken1,touch down,着陸する;降り立つ
eiken1,consummation,完結
eiken1,allegory,たとえ話;比喩
eiken1,antigen,抗原
eiken1,sojourn,短期滞在する
eiken1,commit suicide,自殺する;自害する
eiken1,pertain to,に関係する;にふさわしい
eiken1,colt,子馬
eiken1,at one's disposal,自由に;好きなように
eiken1,projectile,発射される
eiken1,at length,長い間;長々と
eiken1,blemish,傷
eiken1,deadlock,行き詰まり
eiken1,equate A with B,AとBを等しくする;AをBと同等にする
eiken1,speak ill of,の悪口を言う;を悪く言う
eiken1,exchequer,国庫
eiken1,in parallel,並行して;並んで
eiken1,allele,対立遺伝子
eiken1,allot,割り当てる
eiken1,exonerate,無罪放免する
eiken1,nag,小言を言う
eiken1,get hold of,を手に入れる;に連絡を取る
eiken1,honk,警笛
eiken1,imbue,吹き込む
eiken1,good for nothing,何の役にも立たない;能なしの
eiken1,catch on with,に追いつく;届く
eiken1,rescind,取り消す
eiken1,broach,先の尖ったもの
eiken1,behind the scenes,舞台裏で;陰で
eiken1,lurk,潜む
eiken1,be identical to,と同一である;と同じである
eiken1,conjure up,素早く出す;呪文で呼び出す
eiken1,redress,矯正する
eiken1,rustle,さらさら音を立てる
eiken1,the lion's share,最大の分け前;大きすぎる分け前
eiken1,backdrop,背景幕
eiken1,rule of thumb,親指で計測すること;大雑把な方法
eiken1,resonate,反響する
eiken1,round and round,グルグルと;うろうろと
eiken1,aquifer,帯水層
eiken1,cartilage,軟骨
eiken1,reminisce,思い出話をする
eiken1,succulent,多液の
eiken1,herein,この場所で
eiken1,unscrupulous,悪質な;実にひどい
eiken1,hand in hand with,手を取り合って;手を取って
eiken1,all told,全体で;結局
eiken1,renege,誓いに背く
eiken1,take heart,勢い付く;元気になる
eiken1,vanquish,征服する
eiken1,to some degree,ある程度;一定程度
eiken1,exemplar,模範
eiken1,decimate,殺す
eiken1,figment,作りごと
eiken1,run errands,使い走りをする;お使いをする
eiken1,inquire after,の安否を尋ねる;を見舞う
eiken1,echelon,梯形編成
eiken1,as far as A is concerned,Aに関すると;Aに関する限りでは
eiken1,epiphany,悟り
eiken1,wriggle,体をくねらせる
eiken1,brook,小川
eiken1,crease,折り目
eiken1,duchess,公爵夫人;女公爵
eiken1,in abundance,大量に;豊富に
eiken1,sundry,雑多な
eiken1,debunk,正体を暴露する
eiken1,camaraderie,仲間意識
eiken1,be innocent of,無罪の;罪のない
eiken1,exhortation,勧め
eiken1,quaver,震える
eiken1,acupuncture,鍼
eiken1,way to go,良い調子;順調な状態
eiken1,barge in,入り込む;押しかける
eiken1,veer,方向を変える
eiken1,pull up to,追いつく;並ぶ
eiken1,canopy,天蓋;張り出し屋根
eiken1,subterranean,地下の
eiken1,keep abreast of,を常に把握している;通じている
eiken1,surly,不機嫌な
eiken1,pelt,投げて攻撃する
eiken1,be about to do,やろうとしている;まさに何かをしようとしている
eiken1,set a precedent,先例を作る;前例を作る
eiken1,artifice,巧みさ;狡猾
eiken1,on the decline,衰退中の;下降中の
eiken1,exponentially,指数関数的に
eiken1,slither,するする滑る
eiken1,daub,塗りつぶす
eiken1,eavesdrop,盗聴する
eiken1,compunction,良心の呵責
eiken1,berate,叱りつける
eiken1,chew on,かじりつく;しゃぶり付く
eiken1,exhilarating,爽快にさせる
eiken1,affliction,苦痛
eiken1,bard,吟遊詩人
eiken1,bear fruit,実を結ぶ;効果を生み出す
eiken1,succinct,簡潔な
eiken1,benevolence,慈悲
eiken1,dally,弄ぶ
eiken1,concussion,脳震盪
eiken1,wear and tear,磨耗;摩滅
eiken1,to no purpose,何の目的もなく;無駄に
eiken1,tremulous,震えた
eiken1,at issue,問題の;未解決の
eiken1,loud and clear,はっきりと;明確に
eiken1,extortion,恐喝
eiken1,fortress,要塞
eiken1,concomitant,付随する
eiken1,black out,消灯する;黒く塗りつぶす
eiken1,diverge,分岐する
eiken1,ship out,出荷する;積み出しする
eiken1,claimant,申立人
eiken1,gill,えら
eiken1,in vogue,流行している;流行っている
eiken1,ingest,摂取する
eiken1,stick up,上に突き出る;両手を挙げさせる
eiken1,constellation,星座
eiken1,be qualified to,の資格がある
eiken1,heirloom,家宝
eiken1,doze,居眠りをする
eiken1,on trial,試用中で;審理中で
eiken1,cuddle,抱きしめる
eiken1,enjoin,命じる
eiken1,amnesia,健忘症
eiken1,capitalize on,に資本を投下する;を利用する
eiken1,chum,仲良し;親友
eiken1,be vulnerable to,に弱い;傷つきやすい
eiken1,all in one,全て含んで;一致して
eiken1,oftentimes,しばしば
eiken1,promulgate,公布する
eiken1,in a nutshell,一言で言えば;極めて簡単に言えば
eiken1,glide,滑る
eiken1,forget oneself,我を忘れる;夢中になる
eiken1,confluence,合流
eiken1,scold A for B,BのことでAを叱る
eiken1,in radius,半径で;内半径で
eiken1,smolder,燻る
eiken1,rank and file,兵卒;一般人
eiken1,infatuate,夢中にする
eiken1,venerate,崇拝する
eiken1,operate on,を運営する;操作する
eiken1,under fire,攻撃を受けて;批判を受けて
eiken1,hereby,ここに
eiken1,extoll,称える
eiken1,starve to death,飢え死にする;餓死する
eiken1,fiduciary,受託者
eiken1,trite,ありふれた
eiken1,conjecture,推測
eiken1,rectify,修正する;正す
eiken1,annexation,付加
eiken1,by default,既定では;初期段階から
eiken1,cramp,けいれん;引きつれ
eiken1,heterogeneity,異種
eiken1,binge,どんちゃん騒ぎ
eiken1,deity,神
eiken1,fissure,亀裂
eiken1,give way,道を譲る;くじける
eiken1,up-to-date,最新の
eiken1,ill at ease,落ち着かない;不安な
eiken1,wean,離乳させる
eiken1,shrivel,萎ませる
eiken1,glutton,食いしん坊
eiken1,for the purpose of,の目的で;を目的に
eiken1,up to speed,事情を理解している;状況を把握している
eiken1,dab,軽くたたく
eiken1,heretic,異端者
eiken1,want for,に欠ける;必要とする
eiken1,hypnosis,催眠;催眠術
eiken1,fixate,定着させる
eiken1,inquire into,に尋ねる;を取り調べる
eiken1,derelict,浮浪者
eiken1,acquiescence,黙認
eiken1,none the less,それでもなお;それにも関わらず
eiken1,extrapolate,推定する;外挿する
eiken1,irrespective of,に関わりなく;に関係なく
eiken1,live through,生き延びる;切り抜ける
eiken1,fortitude,不屈の精神
eiken1,sulk,拗ねる
eiken1,in conclusion,結論として;最終的に
eiken1,dribble,滴る
eiken1,out of the woods,森の外へ;困難を脱して
eiken1,elucidation,解明
eiken1,buy up,全部買う;買収する
eiken1,foundry,鋳造所
eiken1,snap out of,から素早く脱出する;抜け出す
eiken1,apparition,亡霊
eiken1,in a breath,一息で;一気に
eiken1,annotate,注釈を付ける
eiken1,hook up,つなぐ;引っかける
eiken1,alloy,合金
eiken1,baloney,たわ言
eiken1,acrimony,辛辣さ
eiken1,leer,横目;流し目
eiken1,indemnity,補償
eiken1,top off,仕上げをする;終える
eiken1,hackneyed,使い古した
eiken1,out of bounds,立入禁止で;境界線を越えて
eiken1,entrenched,定着した
eiken1,gubernatorial,総督の
eiken1,free up,解放する;自由にする
eiken1,pancreatic,膵臓の
eiken1,fretting,イライラしている
eiken1,trot out,持ち出す;言い出す
eiken1,prosaic,散文の
eiken1,word for word,一言一句;文字通りに
eiken1,kindred,親族;家族
eiken1,as A as ever,いつものようにAな;相変わらずAな
eiken1,draw out,引き抜く;引き伸ばす
eiken1,apathetic,無関心な
eiken1,hardly before,～するやいなや;～するかしないうちに
eiken1,repentance,懺悔
eiken1,pop in,飛び込む;飛び入る
eiken1,rafter,垂木
eiken1,back down on,撤回する;取り消す
eiken1,call down,下に向って叫ぶ;叱りつける
eiken1,auspicious,縁起の良い
eiken1,lay down,を横たえる;倒す
eiken1,prerogative,特権
eiken1,leeway,進路のずれ
eiken1,bestow A on B,BにAを授ける;BにAを費やす
eiken1,on the brink of,の危機に瀕して;の寸前で
eiken1,the bottom line,最低限;最低ライン
eiken1,primacy,優位性
eiken1,flippant,軽薄な
eiken1,as a last resort,最後の手段として;切羽詰まって
eiken1,valor,武勇
eiken1,branch out,枝を出す;手を広げる
eiken1,shroud,経帷子;覆い
eiken1,be consistent with,に首尾一貫している;一貫して
eiken1,take delight in,喜びを得る;面白がる
eiken1,inscrutable,不可解な
eiken1,prim,きちんとした
eiken1,valet,係員
eiken1,vignette,飾り模様
eiken1,ebriate,興奮させる
eiken1,lithe,しなやかな
eiken1,catch up on,に追い付く;距離を詰める
eiken1,ecclesiastical,教会の
eiken1,lenient,寛大な;寛容な
eiken1,obdurate,頑固な
eiken1,spell out,綴りを書く;綴りを言う
eiken1,submissive,従順な
eiken1,compete with,と競争する;と競う
eiken1,spearhead,先陣
eiken1,direct A to B,AにBへの道を教える;AをBへ誘導する
eiken1,estranged,疎遠になった
eiken1,burst into laughter,吹き出す;どっと笑い出す
eiken1,cast off,投げ捨てる;縄を解く
eiken1,irrepressible,抑えきれない
eiken1,genially,和やかに
eiken1,locomotive,機関車
eiken1,drink up,飲み干す;飲み尽くす
eiken1,triad,三人組
eiken1,vat,おけ
eiken1,retorted,言い返した
eiken1,stumbling block,障害;障害物
eiken1,nil,無
eiken1,expedient,都合の良い
eiken1,utensil,器具
eiken1,extemporaneous,即席の;その場しのぎの
eiken1,indolent,怠惰な
eiken1,preponderance,優勢
eiken1,do an injustice to,誤解する;価値を見誤る
eiken1,sinew,腱;筋
eiken1,appalled,不安でいっぱいの
eiken1,humdrum,平凡な
eiken1,nascent,初期の
eiken1,put down,下へ降ろす;下に置く
eiken1,frantic,気が狂ったような
eiken1,fall victim to,の犠牲になる;犠牲となる
eiken1,vicarious,想像して感じた
eiken1,sit back,深く座る;傍観する
eiken1,wind up,巻き上げる;終わりにする
eiken1,spatula,へら
eiken1,filial,子の
eiken1,one and only,たった一つだけ;一つ限りの
eiken1,preemptive,先制の
eiken1,trident,三つ又の鉾
eiken1,in the suburbs of,の郊外で;の近郊で
eiken1,laity,信徒たち
eiken1,serviceman,軍人
eiken1,in the middle of nowhere,辺ぴな所に;何もない所に
eiken1,valiant,勇敢な;勇ましい
eiken1,intangible,触れられない
eiken1,check up on,調べる;照合する
eiken1,vestige,痕跡
eiken1,incongruous,一致しない
eiken1,be crowded with,で混んでいる;混雑している
eiken1,residual,残りの
eiken1,be obliged to do,する義務がある;必要な行動
eiken1,to no avail,無駄に;役に立たずに
eiken1,live out,生き延びる;残りの人生を生きる
eiken1,rigorous,厳格な
eiken1,auxiliary,補助の
eiken1,draw back,引き戻す;取り消す
eiken1,aboveboard,公明正大な
eiken1,ask A out,Aを誘い出す;Aをデートに誘う
eiken1,bump into,に突き当たる;偶然会う
eiken1,vivacious,快活な
eiken1,gluttonous,食いしん坊の
eiken1,nothing much,大したことはない;特に何もない
eiken1,ball up,混乱する;台無しにする
eiken1,ravage,破壊
eiken1,nocturnal,夜行性の
eiken1,might as well do,するかもしれない;起こり得る
eiken1,kiln,窯
eiken1,ten to one,10対1で;十中八九
eiken1,abridged,要約された
eiken1,follow through,最後までやり遂げる;計画を遂行する
eiken1,monastic,修道院の
eiken1,quite a bit,たくさんの;かなりの
eiken1,overtly,あからさまに
eiken1,edge out,徐々に押しのける;辛勝する
eiken1,truant,不登校
eiken1,give of,分け与える;配布する
eiken1,on the verge of,寸前で;今にも;しようとして
eiken1,daft,まぬけの
eiken1,urbane,洗練された
eiken1,vigilante,自警団員
eiken1,foolhardy,無鉄砲な
eiken1,level out,平らげる;平らにする
eiken1,memorabilia,記憶に値する事柄
eiken1,be versed in,に精通している;に詳しい
eiken1,mint,造幣局;貨幣製造
eiken1,infirm,虚弱な
eiken1,take cover,隠れる;避難する
eiken1,issue A to B,AをBに支給する;AをBに発行する
eiken1,rabies,狂犬病
eiken1,stead,代わり
eiken1,at a standstill,停止中の;行き詰って
eiken1,lattice,格子
eiken1,interstellar,星間の
eiken1,watch one's step,足元を見る;注意する
eiken1,from hand to mouth,その日暮らしで;将来の備えをしないで
eiken1,exponential,指数関数的な
eiken1,in token of,の証拠に;のしるしとして
eiken1,awry,歪んで
eiken1,in all likelihood,おそらく;ほぼ確実に
eiken1,coarsely,粗雑に
eiken1,incision,切開
eiken1,minion,子分
eiken1,queasy,吐き気のする
eiken1,stamp out,踏み消す;鎮圧する
eiken1,onus,重荷
eiken1,look beyond,視野を広げる;先を見据える
eiken1,duly,正当に
eiken1,to all appearances,どうみても;明らかに
eiken1,wanton,理由のない;多情な
eiken1,kerosene,灯油
eiken1,pull away from,から引き離す;分離する
eiken1,faltered,行き詰まった
eiken1,refrain from,を控える;を慎む
eiken1,in obedience to,従順で;応じて
eiken1,solstice,至点
eiken1,profanity,冒涜
eiken1,come in handy,助けになる;便利な
eiken1,contractual,契約上の
eiken1,be into,に夢中になる;に嵌っている
eiken1,talisman,お守り
eiken1,at large,自由で;捕らわれないで
eiken1,shelf life,保存可能期間;賞味期限
eiken1,rejoinder,返答;言い返し
eiken1,culpable,過失のある
eiken1,mayhem,大混乱;身体傷害
eiken1,ulterior,隠された
eiken1,cordial,心のこもった
eiken1,hinge on,決定する;定まる
eiken1,memento,記念品
eiken1,kitty,子猫
eiken1,reckoning,計算;清算
eiken1,to the full,いっぱいに;心ゆくまで
eiken1,quandary,難局
eiken1,leaden,鉛の
eiken1,militantly,好戦的に
eiken1,as A as any,Aで誰にも劣らず;Aで際立って
eiken1,melancholy,憂鬱
eiken1,go astray,行方不明になる;堕落する
eiken1,daunting,ひるんでいる
eiken1,mumps,おたふく風邪
eiken1,glacial,氷河の
eiken1,protocol,外交儀礼
eiken1,at the cost of,の代償を払って;を犠牲にして
eiken1,ditto,同上
eiken1,plumage,羽毛
eiken1,sidekick,相棒
eiken1,menial,くだらない
eiken1,blithe,軽快な
eiken1,sentry,衛兵
eiken1,rind,外皮
eiken1,be oblivious of,忘れがちな;気づかないで
eiken1,throng,群衆;群れ
eiken1,veal,子牛の肉
eiken1,none the more,それでもなお;それにも関わらず
eiken1,downcast,意気消沈した
eiken1,provided that,である限り;という条件で
eiken1,be bent on,熱心で;決意を持って
eiken1,drag out,引き出す;長引かせる
eiken1,blurry,ぼやけた
eiken1,in large,大規模に;概して
eiken1,kiosk,売店
eiken1,pelvis,骨盤
eiken1,sultry,蒸し暑い
eiken1,satchel,学生かばん
eiken1,piecemeal,少しずつ
eiken1,insufferable,我慢できない
eiken1,come up with,を思いつく;を考え出す
eiken1,fall prey to,の餌食になる;犠牲になる
eiken1,back away,後退する;バックさせる
eiken1,impervious,通さない
eiken1,extrovert,外向的な
eiken1,ravine,渓谷
eiken1,posterior,後部の
eiken1,tempestuous,大嵐の;激しい
eiken1,frugal,質素な
eiken1,delirious,錯乱した
eiken1,mirth,陽気
eiken1,prospectus,目論見書
eiken1,isotope,同位元素
eiken1,painstaking,骨の折れる
eiken1,be bound up with,と密接な関係のある;深く関係した
eiken1,payload,有効荷重
eiken1,ups and downs,浮き沈み;上昇と下降
eiken1,shank,すね
eiken1,be impatient with,イライラして;もどかしくて
eiken1,bowl over,を打ち倒す;仰天させる
eiken1,incubation,ふ化
eiken1,mockery,嘲り
eiken1,down the road,この先;将来
eiken1,in substance,実質上;実際には;事実上
eiken1,monoxide,一酸化物
eiken1,paradigm,規範
eiken1,glance at,一瞥する;ちらっと見る
eiken1,muffled,音を殺した
eiken1,moat,堀
eiken1,precept,戒律
eiken1,contemptible,軽蔑的な
eiken1,adroit,器用な
eiken1,effusive,感情むき出しの
eiken1,by any chance,もしかして;万が一
eiken1,pastime,気晴らし
eiken1,praise A for B,AをBについて賞賛する;AをBでほめる
eiken1,think out,考え抜く;熟考する
eiken1,piety,信仰心
eiken1,moniker,名前;あだ名
eiken1,tear up,引き裂く;引き剝がす
eiken1,complicit,共犯の
eiken1,quorum,定数
eiken1,in the red,赤字で;赤字経営で
eiken1,wavelength,波長;波動の周期的な長さ
eiken1,take pity on,に同情する;哀れむ
eiken1,haphazardly,偶然に
eiken1,attend on,に参加する;付き添う
eiken1,clairvoyant,千里眼の
eiken1,break the ice,話の口火を切る;切り出す
eiken1,desolate,荒涼とした
eiken1,up for grabs,容易に手に入る;誰が勝つかわからない
eiken1,tycoon,大物
eiken1,magnanimous,寛大な
eiken1,threadbare,着古した
eiken1,improve on,を改善する;改良する
eiken1,strictly speaking,厳密に言えば;正確には
eiken1,be incapable of,出来ない;不可能な
eiken1,variegated,まだら模様の
eiken1,juxtaposition,並置;並列
eiken1,to say the least,控えめに言っても;遠からず
eiken1,irksome,退屈な
eiken1,keep an eye on,を見ておく;目を離さない
eiken1,schism,分裂
eiken1,sagacious,賢い
eiken1,set back,後退する;戻す
eiken1,struggle with,と闘う;争う
eiken1,indulgent,寛大な
eiken1,morsel,一口
eiken1,impudent,厚かましい
eiken1,go places,遊びまわる;出世する
eiken1,negligent,怠慢な
eiken1,cough up,咳払いする;咳き込む
eiken1,repressive,抑圧的な
eiken1,be appropriate to,にふさわしい;適している
eiken1,mercenary,金目当ての
eiken1,serendipity,思わぬ物を偶然に発見すること
eiken1,cut out for,に向いている;向き
eiken1,underhand,秘密の
eiken1,hard of hearing,難聴の;耳の遠い
eiken1,concave,凹面の
eiken1,nutty,木の実の多い
eiken1,at the outset,最初に;初めは
eiken1,chubby,ぽっちゃりした
eiken1,keep in,抑える;閉じ込める
eiken1,grim,険しい
eiken1,be devoted to,に専念した;に夢中な
eiken1,quizzical,訝しげな
eiken1,palliative,緩和的な
eiken1,sclerosis,硬化
eiken1,discerning,洞察力のある;鋭い理解力
eiken1,penitence,懺悔
eiken1,penance,苦行
eiken1,vested,既得の
eiken1,bountiful,気前の良い
eiken1,gaze at,を見つめている;をじっと見ている
eiken1,morose,不機嫌な
eiken1,squalid,むさ苦しい
eiken1,vote for,に賛成する;に投票する
eiken1,sod,芝
eiken1,take up with,と仲良くなる;と親しくなる
eiken1,roll out,製品投入する;水平展開する
eiken1,upshot,結果
eiken1,wash out,洗い流す;洗い落とす
eiken1,potency,効力
eiken1,sullen,不機嫌な
eiken1,oscillation,発振
eiken1,reparation,賠償
eiken1,be reluctant to,気が進まない;嫌がる
eiken1,precedence,優先
eiken1,rubric,注釈;題目
eiken1,starch,でんぷん
eiken1,impend,差し迫った
eiken1,odds and ends,がらくた;半端なもの
eiken1,steal the show,話題をさらう;人気をさらう
eiken1,polyglot,数ヶ国語に通じている人や物
eiken1,averse,嫌っている
eiken1,stand to reason,筋が通る;道理にかなう
eiken1,tide over,乗り切る;切り抜ける
eiken1,knell,鐘の音
eiken1,schema,図解
eiken1,head on,正面から;真向かいに
eiken1,abreast,横に並んで
eiken1,down the drain,排水路に流されて;失われて
eiken1,shingle,こけら板;屋根板
eiken1,around the corner,間もなく;曲がり角のあたりに
eiken1,fussy,小うるさい
eiken1,contend with,と戦う;張り合う
eiken1,visage,顔
eiken1,obstetrician,産科医
eiken1,serve up,仕える;食卓に出す
eiken1,tuft,ふさ
eiken1,lie with,の役目である;次第である;
eiken1,saline,塩気のある
eiken1,servile,奴隷の
eiken1,altruistic,利他的な
eiken1,fence in,を囲い込む;さくで囲い込む
eiken1,root out,根絶する;一掃する
eiken1,inveterate,常習的な
eiken1,loosen up,緩める;ほぐす
eiken1,have off,取り外す;休暇を取る
eiken1,rudimentary,初歩的な
eiken1,rub off,こすり落とす
eiken1,buy over,買収する;味方に抱き込む
eiken1,embroil in,に巻き込む;関与させる
eiken1,pliant,しなやかな
eiken1,meek,おとなしい
eiken1,beware of,注意する;気を付ける
eiken1,taciturn,無口の
eiken1,out of place,場違いの;不適切な
eiken1,marquee,テント;ひさし
eiken1,insist on,を主張する;を要求する
eiken1,montage,合成写真
eiken1,tacky,べとついた
eiken1,interfere with,に干渉する;介入する
eiken1,vociferous,騒々しい
eiken1,swallow up,飲み込む;使い尽くす
eiken1,padlock,南京錠
eiken1,entrust A with B,AにBを委託する;任せる
eiken1,hail from,の出身である;(船が)から来る
eiken1,overcast,曇った
eiken1,slip of the tongue,失言;口を滑らせる
eiken1,parochial,狭い
eiken1,all ears,耳を傾ける;熱心に聴く
eiken1,spasm,けいれん
eiken1,pompous,尊大な
eiken1,draw a line,線を引く;一線を引く
eiken1,vehement,猛烈な
eiken1,periphery,周辺
eiken1,take steps,順序を踏む;対策を打つ
eiken1,complacent,自己満足の
eiken1,live off,によって生きる;で生計を立てる
eiken1,membrane,膜
eiken1,nepotism,縁故主義
eiken1,out of the ordinary,並外れた;普通でない
eiken1,illegible,判読不能の
eiken1,in the concrete,具体的に;具体化すると
eiken1,tactile,触角の
eiken1,predisposition,素因
eiken1,scribe,書記
eiken1,manic,躁病の
eiken1,modality,法性
eiken1,unscathed,無傷の
eiken1,vale,谷
eiken1,diabolic,悪魔のような
eiken1,instantaneous,瞬時の
eiken1,yank someone's chain,人をからかう;困らせる
eiken1,tetanus,破傷風
eiken1,contrived,わざとらしい、不自然な
eiken1,meticulously,細心の注意を払って
eiken1,hedge bets,賭けを保険する;危険性を減らす
eiken1,pinnacle,頂点
eiken1,quadrant,四分円
eiken1,inadvertent,不注意な
eiken1,pathological,病理学の
eiken1,euphoric,陶酔している
eiken1,circumspect,慎重な
eiken1,inlet,入り江
eiken1,subservient,役立って;へつらって
eiken1,walk on eggshells,非常に慎重に行動する
eiken1,molten,溶けた
eiken1,opulent,豊富な
eiken1,diligently,精を出して
eiken1,remuneration,報酬
eiken1,distal,末端の
eiken1,immaculate,真っ白な;汚れのない
eiken1,maiden,乙女
eiken1,whirlpool,渦巻
eiken1,banal,平凡な
eiken1,bilateral,両側の
eiken1,indignation,憤慨
eiken1,ignoble,下劣な
eiken1,nebulous,漠然とした
eiken1,renunciation,放棄;棄却
eiken1,skid,横滑り
eiken1,resplendent,華やかな
eiken1,tripod,三脚
eiken1,intact,そのままの
eiken1,relish,風味;持ち味
eiken1,decrepit,老朽化した
eiken1,peddler,行商人
eiken1,jump on the bandwagon,流行に乗る;人気のものに飛びつく
eiken1,yolk,卵黄
eiken1,suffrage,投票;参政権
eiken1,assiduous,勤勉な
eiken1,promiscuous,乱雑な
eiken1,widget,機械装置;部品
eiken1,replete,堪能した
eiken1,juvenile,少年の
eiken1,mire,湿原
eiken1,take something with a grain of salt,疑いの目で何かを受け取る;懐疑的に
eiken1,bereaved,先立たれた;遺族
eiken1,engross,注意を向け集中させる
eiken1,toy with,いじくる;遊ぶ
eiken1,undue,過度の
eiken1,zodiac,干支
eiken1,amphibian,両生類の
eiken1,extant,現存の
eiken1,heinous,凶悪な
eiken1,sheepishly,気弱な手段で
eiken1,materialism,唯物論
eiken1,size up,評価する;見極める
eiken1,thumb a ride,ヒッチハイクする
eiken1,transcendent,卓越した
eiken1,foolproof,誰にでも理解できる
eiken1,rasp,やすり
eiken1,untenable,耐えられない
eiken1,lay down the law,法則を定める;厳命する
eiken1,agrarian,農地の
eiken1,chronically,慢性的に
eiken1,tactful,機転の利く
eiken1,snippet,切れ端
eiken1,caustic,腐食性の
eiken1,derogatory,軽蔑的な
eiken1,treacherous,背いた
eiken1,passbook,通帳
eiken1,proviso,但し書き
eiken1,pallid,蒼白な
eiken1,vindictive,執念深い
eiken1,ruefully,悲しそうに
eiken1,rogue,悪党
eiken1,inquisitive,詮索好きの
eiken1,semen,精液
eiken1,fitful,気まぐれな
eiken1,vacuous,空虚な;中身のない
eiken1,resurgent,再び盛り返す;復活の
eiken1,harangue,長い演説をする;説教する
eiken1,truncate,切り詰める;短縮する
eiken1,cut to the chase,要点にすぐに入る;遠慮せず話す
eiken1,zephyr,そよ風;軽い風
eiken1,have a whale of a time,楽しい時を過ごす;大いに楽しむ
eiken1,juxtapose,並置する;並べる
eiken1,crass,鈍感な;無神経な
eiken1,dogmatic,教条的な;固執する
eiken1,obfuscate,わかりにくくする;混乱させる
eiken1,on a wing and a prayer,危険で不確実な状況で;祈りながら
eiken1,sacrosanct,神聖視される;絶対的な
eiken1,lackluster,無気力な;平凡な
eiken1,iconoclast,偶像破壊者;伝統に反抗する人
eiken1,xenophile,外国人愛好者;異文化愛好者
eiken1,nefarious,邪悪な;極悪な
eiken1,fallacious,誤った;不正確な
eiken1,jubilant,歓喜に満ちた;大喜びの
eiken1,veracity,真実;正直
eiken1,ferret out,探し出す;暴く
eiken1,virtuoso,名人;達人
eiken1,dawdle,ぐずぐずする;ぶらぶらする
eiken1,yeasty,発酵する;活発な
eiken1,knave,悪党;いたずら者
eiken1,ebullient,沸き立つような;元気いっぱいの
eiken1,pugnacious,好戦的な;争い好きな
eiken1,solemnity,厳粛;荘重
eiken1,invigorate,活気づける;元気づける
eiken1,litigate,訴訟する;裁判にかける
eiken1,querulous,不平を言う;文句が多い
eiken1,obstinate,頑固な;しつこい
eiken1,sanctimonious,偽善的な;うぬぼれた
eiken1,rambunctious,やかましい;騒がしい
eiken1,unflappable,動じない;冷静な
eiken1,verbose,冗長な;言葉遣いが多い
eiken1,beleaguer,包囲する;困らせる
eiken1,put up with,我慢する;耐える
eiken1,quibble,あら探し;些細な異議
eiken1,knoll,小丘;小山
eiken1,gerrymander,選挙区を操作する;不正に変更する
eiken1,iconoclastic,偶像破壊的な;慣習を打破する
eiken1,horticulture,園芸;庭園作り
eiken1,hone in on,特定の対象に集中する
eiken1,calumny,誹謗;中傷
eiken1,bellicose,好戦的な;攻撃的な
eiken1,loquacious,おしゃべりな;多弁な
eiken1,neophyte,初心者;新参者
eiken1,quixotic,非現実的な;夢想的な
eiken1,spill the beans,秘密を漏らす;口を滑らせる
eiken1,winsome,魅力的な;愛らしい
eiken1,rake over the coals,厳しく注意する
eiken1,vexation,悔しさ;苛立ち
eiken1,feign,偽る;装う
eiken1,mete out,分配する;割り当てる
eiken1,vacillate,ためらう;迷う
eiken1,pull someone's leg,冗談で誰かをからかう;いたずらする
eiken1,opulence,富裕;豊かさ
eiken1,torpid,不活発な;鈍い
eiken1,let the cat out of the bag,秘密を漏らす;バラす
eiken1,zestful,精力的な;元気いっぱいの
eiken1,malleable,可鍛性の;柔軟な
eiken1,ardor,情熱;熱意
eiken1,cut down on,削減する;減らす
eiken1,abnegation,自己否定;自己犠牲
eiken1,lament,嘆く;悲しむ
eiken1,yeoman,忠実な働き手;農夫
eiken1,grapple with,取り組む;闘う
eiken1,garrulous,おしゃべりな;話好きな
eiken1,obviate,取り除く;防ぐ
eiken1,bilk,だます;欺く
eiken1,jocose,ふざけた;冗談めいた
eiken1,yonder,向こう側の;遠くの
eiken1,dodge a bullet,危機を回避する
eiken1,cavalcade,馬車の行列;大行進
eiken1,hubris,傲慢;尊大
eiken1,malice,悪意;恨み
eiken1,ravenous,飢えた;極度に空腹な
eiken1,chalk up to,帰する;起因すると考える
eiken1,nebula,星雲;霧のような
eiken1,allay fears,恐怖を和らげる
eiken1,fit as a fiddle,非常に健康で元気
eiken1,on the fence,決断を保留する;中立である
eiken1,emaciated,やつれた;痩せ衰えた
eiken1,at the drop of a hat,すぐに;躊躇せず
eiken1,gauche,ぎこちない;不器用な
eiken1,enervate,弱める;奪う
eiken1,brush aside,無視する;軽視する
eiken1,flabbergast,驚かせる;仰天させる
eiken1,mawkish,感傷的な;過剰に感動する
eiken1,sully,汚す;名誉を傷つける
eiken1,guffaw,大笑いする;ヒヒンと笑う
eiken1,queue,列を作る;並ぶ
eiken1,profuse,豊富な;たっぷりの
eiken1,quash rumors,噂を抑制する;否定する
eiken1,indomitable,屈しない;不屈の
eiken1,augment,増やす;強化する
eiken1,jargon,専門用語;隠語
eiken1,keep something at bay,何かを抑える;遠ざける
eiken1,zeppelin,飛行船;ジェット
eiken1,vituperate,激しく非難する;罵倒する
eiken1,serrated,ギザギザの;鋸状の
eiken1,abate,減少する;和らげる
eiken1,trepidation,恐れ;不安
eiken1,vehemently,激しく;熱烈に
eiken1,cacophony,不協和音;騒音
eiken1,effigy,肖像;像
eiken1,fallible,誤りやすい;欠点がある
eiken1,hedonistic,快楽主義的;享楽的な
eiken1,juggernaut,押し寄せる大勢力;圧倒的な力
eiken1,laconic,簡潔な;寡黙な
eiken1,nip something in the bud,初めのうちに何かを抑止する;未然に防ぐ
eiken1,parsimonious,けちな;吝嗇な
eiken1,surreptitious,秘密裏の;ひそかな
eiken1,yearn,切望する;強く望む
eiken1,abdicate,退位する;辞める
eiken1,stave off,避ける;防ぐ
eiken1,calamitous,災害の;悲惨な
eiken1,dauntless,恐れ知らず;大胆な
eiken1,idiosyncrasy,特異性;個人的な特徴
eiken1,narcissistic,自己愛的な;自己中心的
eiken1,quaint,風変わりな;古風な
eiken1,xenophobic,外国人恐怖症;排外的な
eiken1,jockey for position,位置を取り合う;競争する
eiken1,yield,産出する;与える
eiken1,zeal,熱意;情熱
eiken1,belabor,冗長に述べる;くどくど言う
eiken1,fabricate,作り上げる;でっち上げる
eiken1,halcyon,穏やかな;平穏な
eiken1,obtuse,鈍感な;理解が遅い
eiken1,tantamount,同等の;等価の
eiken1,umbrage,立腹;不機嫌
eiken1,twist someone's arm,強く説得する;押し付ける
eiken1,yawp,大声で叫ぶ;どなる
eiken1,convoluted,複雑な;入り組んだ
eiken1,nip in the bud,初期に阻止する;未然に防ぐ
eiken1,dexterous,器用な;巧妙な
eiken1,ignominy,恥辱;不名誉
eiken1,lackadaisical,元気のない;無気力な
eiken1,bite the bullet,勇気を振り絞る;我慢する
eiken1,mendacious,嘘つきの;不誠実な
eiken1,paucity,少なさ;不足
eiken1,stymie,妨害する;阻止する
eiken1,unctuous,へつらう;おせじの
eiken1,yoke,くびき;束縛
eiken1,aberrant,異常な;変わった
eiken1,deleterious,有害な;害を及ぼす
eiken1,exasperate,いら立たせる;怒らせる
eiken1,miss the boat,機会を逃す;失敗する
eiken1,histrionic,演技が過剰な;大げさな
eiken1,ineffable,言葉で言い表せない;言葉では言い尽くせない
eiken1,kindle,着火する;興奮させる
eiken1,obstreperous,騒々しい;手に負えない
eiken1,throw in the towel,降参する;あきらめる
eiken1,sycophantic,おべっか使いの;ごますりの
eiken1,fend off,防ぐ;避ける
eiken1,zealous,熱心な;情熱的な
eiken1,diaphanous,透明な;薄っぺらい
eiken1,immutable,不変の;永遠の
eiken1,labyrinthine,迷路のような;複雑な
eiken1,palpitate,動悸する;鼓動する
eiken1,rhapsodize,熱狂的に語る;賛美する
eiken1,vainglorious,自己過剰な;うぬぼれの強い
eiken1,yore,昔;過去
eiken1,ignominious,恥ずべき;不名誉な
eiken1,jocular,冗談好きな;陽気な
eiken1,smell a rat,うさんくさいと感じる;疑う
eiken1,wily,ずる賢い;策略のある
eiken1,abstain,控える;慎む
eiken1,cavort,はね回る;跳ねる
eiken1,feral,野生の;人嫌いの
eiken1,hew,切り倒す;切断する
eiken1,impede,妨げる;邪魔する
eiken1,squander opportunities,機会を無駄にする
eiken1,lilt,軽快なリズム;メロディ
eiken1,paltry,取るに足らない;価値のない
eiken1,vex,困惑させる;いらいらさせる
eiken1,pass the buck,責任を転嫁する;逃げる
eiken1,xylophone,木琴;楽器
eiken1,bedraggled,ぼろぼろの;汚れた
eiken1,cajole,なだめる;ごまかす
eiken1,equivocate,あいまいに言う;二枚舌
eiken1,up in arms,怒って;反対して
eiken1,gesticulate,身振り手振りで話す
eiken1,hobnob,親しく交際する;つるむ
eiken1,imbibe,飲む;吸収する
eiken1,maelstrom,大渦;混沌
eiken1,palliate,緩和する;軽減する
eiken1,yelp,高い鳴き声;悲鳴
eiken1,bluster,大ぼらを吹く;威嚇する
eiken1,effulgent,輝かしい;明るい
eiken1,macabre,恐ろしい;気味の悪い
eiken1,obsequious,へつらいの;こびへつらう
eiken1,x marks the spot,目印;正確な位置
eiken1,wan,青白い;元気ない
eiken1,hit the hay,寝る;床につく
eiken1,abysmal,奈落のような;ひどい
eiken1,jeJune,子供っぽい;稚拙な
eiken1,keep at bay,距離を保つ;抑制する
eiken1,rapacious,強欲な;貪欲な
eiken1,get a kick out of something,何かから楽しみや興奮を感じる
eiken1,abscond,逃亡する;忍び去る
eiken1,bereft,奪われた;失った
eiken1,decadent,堕落した;衰退した
eiken1,feckless,無気力な;責任感のない
eiken1,grotesque,奇怪な;異様な
eiken1,recumbent,横たわる;寝そべる
eiken1,give in to,屈する;譲歩する
eiken1,mull over,よく考える;熟考する
eiken1,xenolith,岩石中の異質鉱物;捕獲岩
eiken1,hermetic,密封された;秘密主義の
eiken1,voracious,貪欲な;がつがつした
eiken1,sniff out,見つけ出す;嗅ぎつける
eiken1,holistic,全体論的な;総体的な
eiken1,in the nick of time,ぎりぎりのところで;間一髪で
eiken1,ambiguous,曖昧な;多義的な
eiken1,tangible,具体的な;実体のある
eiken1,cunning,狡猾な;ずるい
eiken1,adulation,お世辞;過剰な賞賛
eiken1,inanimate,無生物の;生命のない
eiken1,incorrigible,非常に悪い;改善できない
eiken1,vapid,抜けた;風味のない
eiken1,xenial,接待上の;主客関係の
eiken2,as a result,結果として;その結果(接続詞)
eiken2,look up,を調べる(熟語)
eiken2,available,利用できる;使用可能な(形容詞)
eiken2,at first,最初は;初めに(熟語)
eiken2,in the past,過去に(熟語)
eiken2,nowadays,最近;近頃(副詞)
eiken2,information,情報(名詞)
eiken2,drop by,ちょっと立ち寄る; 立ち寄る(熟語)
eiken2,gain,得る;獲得する(動詞)
eiken2,traditional,伝統的な;慣習的な(形容詞)
eiken2,quality,質;特性(名詞)
eiken2,improve,を改善する;改良する(動詞)
eiken2,however,しかしながら;どんなに～でも(副詞)
eiken2,collect,集める;収集する(動詞)
eiken2,extra,余分の;特別の(形容詞)
eiken2,clothing,衣料品;服(名詞)
eiken2,comfortable,心地の良い;快適な(形容詞)
eiken2,disappoint,がっかりさせる;失望させる(動詞)
eiken2,instead,代わりに;その代わり(副詞)
eiken2,originally,はじめは;元々は(副詞)
eiken2,take part in,に参加する;参与する(熟語)
eiken2,dress up,着飾る(熟語)
eiken2,certainly,確かに;間違いなく(副詞)
eiken2,find out,見つけ出す(熟語)
eiken2,search for,を探索する(熟語)
eiken2,come up with,を思いつく;を考え出す(熟語)
eiken2,company,会社(名詞)
eiken2,details,詳細;詳しく説明する(名詞)
eiken2,melt,溶ける;を溶かす(動詞)
eiken2,direction,方向;方角(名詞)
eiken2,injury,怪我;負傷(名詞)
eiken2,silence,沈黙(名詞)
eiken2,tight,狭い;締まった(形容詞)
eiken2,protect,を守る;保護する(動詞)
eiken2,sharp,鋭い;先鋭的な(形容詞)
eiken2,behind,背後に;後方に(副詞)
eiken2,bother,面倒;迷惑をかける(動詞)
eiken2,emergency,緊急;急ぎ(名詞)
eiken2,waste,を浪費する/浪費;廃棄物(名詞)
eiken2,amount,量;額(名詞)
eiken2,advantage,有利;利点(名詞)
eiken2,object,物体;実体(名詞)
eiken2,add,足し算する;合計する(動詞)
eiken2,surface,表面;水面(名詞)
eiken2,destroy,を破壊する;を壊す(動詞)
eiken2,knowledge,知識;学識(名詞)
eiken2,continue,をし続ける;続ける(動詞)
eiken2,immediately,即座に;直ちに(副詞)
eiken2,correct,正確な/を訂正する(形容詞)
eiken2,government,政府;行政府;内閣(名詞)
eiken2,raise,を上げる;持ち上げる(動詞)
eiken2,hurt,を傷つける(動詞)
eiken2,experiment,実験;試み(名詞)
eiken2,fail,失敗する;うまくいかない(動詞)
eiken2,material,材料;原料(名詞)
eiken2,recently,最近;このごろ(副詞)
eiken2,spread,を広げる;広がる(動詞)
eiken2,traffic,交通;運輸(名詞)
eiken2,modern,現代的な;現代の(形容詞)
eiken2,reduce,を減らす;縮小する(動詞)
eiken2,distance,距離;間隔(名詞)
eiken2,opportunity,機会;好機(名詞)
eiken2,activity,活動(名詞)
eiken2,abroad,外国で;外国へ(副詞)
eiken2,prefer,より好む;好む(動詞)
eiken2,mention,言及する;参照する(動詞)
eiken2,although,だけれども;しかし(接続詞)
eiken2,climate,気候;天候(名詞)
eiken2,condition,状態;条件;情勢(名詞)
eiken2,impression,印象;感じ(名詞)
eiken2,item,項目;要点(名詞)
eiken2,profit,利益;もうけ(名詞)
eiken2,survey,調査/を見渡す(名詞)
eiken2,sink,沈む;沈没する(動詞)
eiken2,illness,病気;疾患(名詞)
eiken2,flavor,風味;味(名詞)
eiken2,expert,専門家(名詞)
eiken2,borrow,を借りる;を借用する(動詞)
eiken2,notice,気づく/通知(動詞)
eiken2,quit,やめる;中止する(動詞)
eiken2,silly,馬鹿な;愚かな(形容詞)
eiken2,wealthy,裕福な;豊かな(形容詞)
eiken2,behave,振る舞う;立ち振舞う(動詞)
eiken2,decrease,減少する;を減らす/減少(動詞)
eiken2,divide,を分割する;分ける(動詞)
eiken2,ignore,を無視する;見逃す(動詞)
eiken2,judge,を判断する/裁判官(動詞)
eiken2,organize,を組織する;を編成する(動詞)
eiken2,overcome,を克服する;乗り越える(動詞)
eiken2,narrow,幅が狭い;細い(形容詞)
eiken2,attract,引きつける;魅了する(動詞)
eiken2,breathe,呼吸をする(動詞)
eiken2,confuse,を混乱させる;区別がつかない(動詞)
eiken2,reserve,を取っておく;を保管する(動詞)
eiken2,asleep,眠っている;寝ている(形容詞)
eiken2,nervous,神経質な;びくびくして(形容詞)
eiken2,discuss,について議論する;検討する(動詞)
eiken2,rarely,めったに～ない;稀に(副詞)
eiken2,thanks to,のおかげで;感謝して(熟語)
eiken2,anyway,ともかく(副詞)
eiken2,by the time,するまでには(接続詞)
eiken2,in particular,特に;とりわけ(熟語)
eiken2,take over,を引き継ぐ; 継承(熟語)
eiken2,in addition,追加として;さらに(熟語)
eiken2,be filled with,で満たされている;充実している(熟語)
eiken2,even though,～だけれども;～であるのに(接続詞)
eiken2,refrigerator,冷蔵庫(名詞)
eiken2,and so on,などなど(熟語)
eiken2,at most,多くとも;せいぜい(熟語)
eiken2,do me a favor,お願いをする(熟語)
eiken2,get along with,とうまくやっていく(熟語)
eiken2,get back,取り戻す(熟語)
eiken2,in spite of,にも関わらず;けれども(熟語)
eiken2,keep in mind,を心に留めておく(熟語)
eiken2,on the way to,道の途中で(熟語)
eiken2,put down,置く(熟語)
eiken2,rely on,に頼る;を当てにする(熟語)
eiken2,run out of,を使い果たす;使い尽くす(熟語)
eiken2,so far,これまでは(熟語)
eiken2,appeal to,に訴える(熟語)
eiken2,as well,同様に;その上(熟語)
eiken2,be good at,～が上手である(熟語)
eiken2,be responsible for,に対して責任がある(熟語)
eiken2,call off,を中止する(熟語)
eiken2,in case,万一に備えて;予防するために(接続詞)
eiken2,on average,平均して;平均値で(熟語)
eiken2,on foot,歩いて(熟語)
eiken2,out of order,故障して(熟語)
eiken2,on purpose,故意に;わざと(熟語)
eiken2,stay away from,離れている;距離がある(熟語)
eiken2,suffer from,で苦しむ;悩まされる(熟語)
eiken2,apologize,謝る;謝罪する(動詞)
eiken2,succeed in,に成功する(熟語)
eiken2,after all,結局;最終的に(熟語)
eiken2,be popular with,に人気がある(熟語)
eiken2,be sick of,にうんざりしている(熟語)
eiken2,be unlikely to,起こりそうにない(熟語)
eiken2,catch up with,に追いつく;付いていく(熟語)
eiken2,differ from,とは違って;との違い(熟語)
eiken2,in advance,前もって;事前に(熟語)
eiken2,in a hurry,急いで(熟語)
eiken2,participate in,に参加する;に加わる(熟語)
eiken2,sooner or later,遅かれ早かれ(熟語)
eiken2,try on,試着する(熟語)
eiken2,similar to,に似ている;類似している(熟語)
eiken2,show off,見せびらかす(熟語)
eiken2,turn down,断る(熟語)
eiken2,fill out,書き込む;記入する(熟語)
eiken2,mostly,主に;ほとんど(副詞)
eiken2,dig,を掘る;採掘する(動詞)
eiken2,muscle,筋肉;筋力(名詞)
eiken2,bite,を噛む;かじる(動詞)
eiken2,treat,を扱う;待遇する(動詞)
eiken2,rather,むしろ;どちらかといえば(副詞)
eiken2,apparently,見たらわかる、一見すると(副詞)
eiken2,spend,を費やす;使う(動詞)
eiken2,discover,を発見する;見つける(動詞)
eiken2,discovery,発見;見つけること(名詞)
eiken2,arrival,到着;到達(名詞)
eiken2,degree,程度;度(名詞)
eiken2,achieve,を達成する;到達する(動詞)
eiken2,attitude,態度;姿勢(名詞)
eiken2,explain,を説明する;を解説する(動詞)
eiken2,establish,を設立する;創設する(動詞)
eiken2,tax,税金;税収(名詞)
eiken2,belief,信念;信条(名詞)
eiken2,demonstrate,実証する;証明する(動詞)
eiken2,ancient,古代の;大昔の(形容詞)
eiken2,formal,正式な;公式の(形容詞)
eiken2,allow,を許可する;許す(動詞)
eiken2,article,記事;論文(名詞)
eiken2,contain,を含む;が入っている(動詞)
eiken2,temperature,温度;気温(名詞)
eiken2,common,共通の;共同の(形容詞)
eiken2,mean,を意味する;を示す(動詞)
eiken2,hardly,ほとんどない;少ない(副詞)
eiken2,unable,できない;不能である(形容詞)
eiken2,argument,議論;口論(名詞)
eiken2,ancestor,祖先;先祖(名詞)
eiken2,capital,資本;首都(名詞)
eiken2,disaster,災害;災難(名詞)
eiken2,height,高さ;高度(名詞)
eiken2,ideal,理想;目指すべき状態(名詞)
eiken2,popularity,人気;流行(名詞)
eiken2,blow,吹く;吹き飛ばす(動詞)
eiken2,decision,決定;結論(名詞)
eiken2,agent,代理人;代表者(名詞)
eiken2,praise,をほめる/賞賛(動詞)
eiken2,punish,を罰する;懲らしめる(動詞)
eiken2,chemical,化学物質/化学の(名詞)
eiken2,negative,否定の;拒否(形容詞)
eiken2,consist,成り立つ;構成する(動詞)
eiken2,criticize,を批評する;を評価する(動詞)
eiken2,import,輸入する;直輸入する(動詞)
eiken2,promote,を促進する;を推進する(動詞)
eiken2,recover,回復する;元に戻る(動詞)
eiken2,release,解き放つ;解放する(動詞)
eiken2,translate,を翻訳する;通訳する(動詞)
eiken2,warn,警告する;警戒する(動詞)
eiken2,childhood,子供時代;幼少期(名詞)
eiken2,thought,考えること;意見(名詞)
eiken2,accomplish,を成し遂げる;完成する(動詞)
eiken2,combine,を結合させる;合同する(動詞)
eiken2,complain,不満を言う;不平を言う(動詞)
eiken2,favorite,特に好きな;お気に入りの(形容詞)
eiken2,responsible,責任がある;責任が伴う(形容詞)
eiken2,tiny,ごく小さい;微小な(形容詞)
eiken2,look down on,を下に見る(熟語)
eiken2,get rid of,を取り除く;除去する(熟語)
eiken2,instead of,の代わりに;代わって(熟語)
eiken2,plenty of,たくさんの(熟語)
eiken2,stomach,腹(名詞)
eiken2,vision,未来像(名詞)
eiken2,expansion,拡張;拡大;増幅(名詞)
eiken2,occur,発生する;起こる(動詞)
eiken2,indeed,実に;全く(副詞)
eiken2,solution,解決法;解明(名詞)
eiken2,ease,容易さ;気楽さ(名詞)
eiken2,elect,を選出する(動詞)
eiken2,unit,単位;員数(名詞)
eiken2,fact,事実(名詞)
eiken2,educational,教育の;教授の(形容詞)
eiken2,manner,やり方;方法(名詞)
eiken2,suffering,苦しみ;悩み(名詞)
eiken2,crucial,重要な;決定的な(形容詞)
eiken2,tear,を引き裂く;を裂く(動詞)
eiken2,govern,統治する;支配する(動詞)
eiken2,enforcement,執行;実施(名詞)
eiken2,brain,頭脳;脳(名詞)
eiken2,talented,才能のある(形容詞)
eiken2,research,研究/研究する(名詞)
eiken2,firm,しっかりした;堅い(形容詞)
eiken2,community,共同社会;共同体(名詞)
eiken2,force,力;勢い(名詞)
eiken2,past,過去の;終わった(形容詞)
eiken2,right,正しい;正確な(形容詞)
eiken2,impressive,印象的な;鮮烈な(形容詞)
eiken2,salary,給与;報酬(名詞)
eiken2,deal,を扱う;分配する(動詞)
eiken2,prompt,即座の;直ちに(形容詞)
eiken2,let A do,Aにさせる(熟語)
eiken2,vote,投票する/投票権(動詞)
eiken2,president,社長;大統領(名詞)
eiken2,range,範囲;幅(名詞)
eiken2,vital,極めて重要な;生命の(形容詞)
eiken2,estate,財産;資産(名詞)
eiken2,responsibility,責任;義務(名詞)
eiken2,unknown,未知の;未明らかな(形容詞)
eiken2,grant,給付金(名詞)
eiken2,perceive,知覚する;感じる(動詞)
eiken2,especially,特に;格段に(副詞)
eiken2,client,顧客(名詞)
eiken2,mysterious,不可解な;不思議な(形容詞)
eiken2,steel,鋼鉄;鉄(名詞)
eiken2,concept,概念;観念(名詞)
eiken2,nevertheless,にも関わらず;けれども(副詞)
eiken2,attribute,に帰する(動詞)
eiken2,prevent,を妨げる;予防する(動詞)
eiken2,manufacturer,製造元;製造業者(名詞)
eiken2,effect,効果;影響;結果(名詞)
eiken2,million,100万(名詞)
eiken2,encounter,遭遇する;出会う(動詞)
eiken2,accuse,告発する;告発(動詞)
eiken2,briefly,簡単に;手短に(副詞)
eiken2,so-called,いわゆる;通称(形容詞)
eiken2,global,地球の;世界の(形容詞)
eiken2,according to,によると;との情報によれば(熟語)
eiken2,lack,不足;欠乏(名詞)
eiken2,essay,論文;随筆(名詞)
eiken2,approach,に近づく;接近する(動詞)
eiken2,bear,我慢する;を圧迫する(動詞)
eiken2,natural,当然の;自然の(形容詞)
eiken2,administration,機関;運営(名詞)
eiken2,audience,聴衆;観客(名詞)
eiken2,production,生産;製造(名詞)
eiken2,qualify,に資格を与える;認可する(動詞)
eiken2,intention,意図;目的(名詞)
eiken2,previously,以前は;前もって(副詞)
eiken2,language,言語;言葉(名詞)
eiken2,fee,料金;手数料(名詞)
eiken2,nor,もない(接続詞)
eiken2,negotiation,交渉;話し合い(名詞)
eiken2,automobile,自動車;乗用車(名詞)
eiken2,dust,ほこり;塵(名詞)
eiken2,extremely,極端に;過度に(副詞)
eiken2,echo,こだま;反響(名詞)
eiken2,detailed,詳細の;具体的な(形容詞)
eiken2,maximum,最大;最大の(形容詞)
eiken2,pan,フライパン(名詞)
eiken2,improvement,改善;改良(名詞)
eiken2,genius,天才;才人(名詞)
eiken2,credit,信用;信頼(名詞)
eiken2,debt,借金;負債(名詞)
eiken2,resource,資源;資産(名詞)
eiken2,therapy,治療;療法(名詞)
eiken2,glance,一目見る/一目(名詞)
eiken2,storage,保管場所;倉庫(名詞)
eiken2,academic,学術の;大学の(形容詞)
eiken2,permit,を許可する;を認める(動詞)
eiken2,concern,心配する;に関係する(動詞)
eiken2,strain,張る;伸ばす(動詞)
eiken2,role,役割;職務(名詞)
eiken2,nowhere,どこにも;どこにでも(副詞)
eiken2,recent,最近の;新しい(形容詞)
eiken2,mate,友達;仲間(名詞)
eiken2,distinguish,を区別する;識別する(動詞)
eiken2,sophisticated,洗練された;高雅な(形容詞)
eiken2,upset,気持ちが動揺した;ひっくり返す(形容詞)
eiken2,disturb,を阻害する;(人の)邪魔をする(動詞)
eiken2,invest,に投資する;資本をつぎ込む(動詞)
eiken2,intense,激しい;熱心な(形容詞)
eiken2,retire,退職する;引退する(動詞)
eiken2,wildlife,野生動物;野生生物(名詞)
eiken2,polite,礼儀正しい;丁寧な(形容詞)
eiken2,entertain,を楽しませる(動詞)
eiken2,competition,競争(名詞)
eiken2,inquiry,問い合わせ;質問(名詞)
eiken2,period,期間;周期(名詞)
eiken2,bind,縛りつける;束ねる(動詞)
eiken2,certain,ある;確信している(形容詞)
eiken2,passenger,乗客;客(名詞)
eiken2,behavior,振る舞い;態度(名詞)
eiken2,meanwhile,一方で;他方で(副詞)
eiken2,earn,稼ぐ;得る(動詞)
eiken2,enter,入る;入場する(動詞)
eiken2,complex,複雑な;複合の(形容詞)
eiken2,moreover,さらに;その上(副詞)
eiken2,structure,構造;建造物(名詞)
eiken2,annoy,いらだたせる;怒らせる(動詞)
eiken2,direction,方向;方角(名詞)
eiken2,influence,影響;影響力;波及/影響を及ぼす(名詞)
eiken2,rapidly,素早く;迅速に(副詞)
eiken2,detail,詳細;具体的な情報(名詞)
eiken2,culture,文化;教養(名詞)
eiken2,prior,優先の;前の(形容詞)
eiken2,fire,首にする;火をつける/火;火事(動詞)
eiken2,assessment,評価;査定(名詞)
eiken2,engaged,に従事して;忙しくして(形容詞)
eiken2,regret,後悔する/後悔;遺憾(動詞)
eiken2,excuse,言い訳;弁解/を許す(名詞)
eiken2,court,裁判所;法廷(名詞)
eiken2,solve,を解決する;解消する(動詞)
eiken2,threaten,を脅かす(動詞)
eiken2,enable,に可能にさせる(動詞)
eiken2,unfortunately,残念なことに;不幸にも(副詞)
eiken2,representation,表現;表示(名詞)
eiken2,procedure,手続き;手順(名詞)
eiken2,expectation,期待;予想(名詞)
eiken2,asset,資産;財産(名詞)
eiken2,dump,投げ捨てる;捨てる(動詞)
eiken2,citizen,市民;国民(名詞)
eiken2,occupation,職業;仕事(名詞)
eiken2,restore,を元に戻す;を修復する(動詞)
eiken2,significance,重要性;意義(名詞)
eiken2,flow,流れる;流す(動詞)
eiken2,failure,失敗;挫折(名詞)
eiken2,earnings,収益;稼ぎ(名詞)
eiken2,disease,病気;疾患(名詞)
eiken2,peer,同僚;仲間(名詞)
eiken2,strategy,戦略;戦術(名詞)
eiken2,remarkable,目立った;際立った(形容詞)
eiken2,heel,かかと;きびす(名詞)
eiken2,definitely,絶対に;確実に(副詞)
eiken2,ordinary,ふつうの;いつもの(形容詞)
eiken2,isolate,を孤立させる;隔離する(動詞)
eiken2,competitive,競争力のある;競争による(形容詞)
eiken2,progress,進歩;前進(名詞)
eiken2,typical,典型的な;代表的な(形容詞)
eiken2,compete,競争する;争う(動詞)
eiken2,assault,暴行;攻撃(名詞)
eiken2,conviction,信念;確信(名詞)
eiken2,terrible,ひどい;恐ろしい(形容詞)
eiken2,bill,請求書;勘定書(名詞)
eiken2,pain,痛み;苦痛(名詞)
eiken2,emphasize,を強調する;力説する(動詞)
eiken2,weather,天候;天気(名詞)
eiken2,immigrant,移民;移住者(名詞)
eiken2,interpret,を解釈する;受け取る(動詞)
eiken2,thick,厚い;肥厚な(形容詞)
eiken2,merchant,商人;販売者(名詞)
eiken2,physics,物理学;物理科学(名詞)
eiken2,trigger,引き金;誘因(名詞)
eiken2,status,状態;身分(名詞)
eiken2,worth,の価値がある;（～するに）値する(形容詞)
eiken2,relation,関係性;相互作用(名詞)
eiken2,later,後に;以後(副詞)
eiken2,political,政治の(形容詞)
eiken2,truth,真実;事実(名詞)
eiken2,partly,部分的に;一部分(副詞)
eiken2,observe,を観察する;を監視する(動詞)
eiken2,stream,流れ;水流(名詞)
eiken2,oppose,反対する;抵抗する(動詞)
eiken2,quite,かなり;相当に(副詞)
eiken2,conscious,意識して;気をつけて(形容詞)
eiken2,intend,意図する;意図して(動詞)
eiken2,operation,操作;作用(名詞)
eiken2,recommend,を推薦する;を勧める(動詞)
eiken2,feature,特徴;特性/を目玉とする(名詞)
eiken2,consideration,考慮;考察(名詞)
eiken2,diet,食事;食事療法(名詞)
eiken2,horror,恐怖;怖さ(名詞)
eiken2,population,人口;国民(名詞)
eiken2,necessarily,必然的に;必ず(副詞)
eiken2,agree,同意する;承認する(動詞)
eiken2,whether,どちらか;いずれか(接続詞)
eiken2,analysis,分析;解析(名詞)
eiken2,conflict,対立;争い(名詞)
eiken2,extreme,極端な;過激な(形容詞)
eiken2,wherever,どこでも;どの場所でも(接続詞)
eiken2,source,情報源;原因(名詞)
eiken2,objective,目標;目的(名詞)
eiken2,rural,田舎の;農村の(形容詞)
eiken2,headline,見出し;表題(名詞)
eiken2,analyst,分析者(名詞)
eiken2,sign,標識;印;合図(名詞)
eiken2,clue,手がかり;糸口(名詞)
eiken2,controversial,議論の的になる;論争上の(形容詞)
eiken2,realize,だとわかる;実現する(動詞)
eiken2,surround,を取り囲む;を包囲する(動詞)
eiken2,commission,手数料;委任状(名詞)
eiken2,seek,求める;捜し出す(動詞)
eiken2,independent,独立した;自立した(形容詞)
eiken2,proposed,提案した;提供した(形容詞)
eiken2,international,国際的な;国際レベルの(形容詞)
eiken2,several,幾つかの;いくらかの(形容詞)
eiken2,theory,理論;学説(名詞)
eiken2,fellow,仲間;友人(名詞)
eiken2,elderly,年配の;高齢の(形容詞)
eiken2,extension,拡張;展開(名詞)
eiken2,proper,適切な;ふさわしい(形容詞)
eiken2,enhance,強調する;(さらに)高める(動詞)
eiken2,beyond,～を越えたところに;～を超えた場所に(前置詞)
eiken2,hear from,から便りがある;連絡をもらう(熟語)
eiken2,due,期限の;納期の(形容詞)
eiken2,existing,既存の;現存の(形容詞)
eiken2,expand,拡大する;広がる(動詞)
eiken2,wrong,間違い;誤った(形容詞)
eiken2,rebel,反逆者;造反者(名詞)
eiken2,suffer,を患う;苦しむ(動詞)
eiken2,within,以内で;内部で(前置詞)
eiken2,taste,味;風味/な味がする(名詞)
eiken2,democrat,民主主義者;民主派(名詞)
eiken2,personally,個人的に;本人自ら(副詞)
eiken2,throughout,至るところに;終始(前置詞)
eiken2,preserve,保存/を保存する(動詞)
eiken2,intelligent,かしこい;知能の高い(形容詞)
eiken2,slide,滑る;滑走する(動詞)
eiken2,popular,人気のある;評判の良い(形容詞)
eiken2,murder,殺人;凶行(名詞)
eiken2,attend,出席する;付き添う(動詞)
eiken2,constantly,常に;いつも(副詞)
eiken2,drift,漂流;流れる(名詞)
eiken2,result,結果(名詞)
eiken2,priority,優先度;優越性(名詞)
eiken2,joint,継目;関節(名詞)
eiken2,viewer,観察者;視聴者;監視人(名詞)
eiken2,satellite,衛星;人工衛星(名詞)
eiken2,distant,遠く離れた; 遠隔の(形容詞)
eiken2,delivery,配達;送付(名詞)
eiken2,anxious,心配した;不安な(形容詞)
eiken2,towards,の方へ;向かって(前置詞)
eiken2,employee,従業員;社員(名詞)
eiken2,significant,重要な;大切な(形容詞)
eiken2,particular,特定の;明確な(形容詞)
eiken2,float,浮かぶ(熟語)
eiken2,criticism,批判;評価(名詞)
eiken2,appear,現れる;出現する(動詞)
eiken2,permission,許可;認可(名詞)
eiken2,virus,ウイルス;病原体(名詞)
eiken2,deny,を否定する;拒否する(動詞)
eiken2,valuable,貴重な;価値のある(形容詞)
eiken2,comprehensive,包括的な;理解力のある(形容詞)
eiken2,till,まで;至る(接続詞)
eiken2,properly,適切に;適当に(副詞)
eiken2,vulnerable,傷つきやすい;繊細(形容詞)
eiken2,directly,直接;直接的に(副詞)
eiken2,occupy,占める;取る(動詞)
eiken2,curious,好奇心が強い;探究心が強い(形容詞)
eiken2,vary,多様化する;異なる(動詞)
eiken2,stare,じっと見つめる;しきりに観察する(動詞)
eiken2,decade,10年間(名詞)
eiken2,armed,武装した;装備した(形容詞)
eiken2,seem,の様に見える;思われる(動詞)
eiken2,fate,運命;宿命(名詞)
eiken2,convince,を納得させる;説得する(動詞)
eiken2,criminal,犯罪の;違法の(名詞)
eiken2,stable,安定した;安泰な(形容詞)
eiken2,naked,裸の;無防備な(形容詞)
eiken2,Jewish,ユダヤ人;ユダヤ教徒(形容詞)
eiken2,senate,上院;上院議会(名詞)
eiken2,hide,隠す;隠れる(動詞)
eiken2,recovery,回復;復元(名詞)
eiken2,bond,拘束;束縛(名詞)
eiken2,portrait,肖像画;顔の絵(名詞)
eiken2,intervention,介在;仲裁(名詞)
eiken2,consistent,一貫した;矛盾のない(形容詞)
eiken2,investigator,捜査官;探偵(名詞)
eiken2,normally,通常は;普通に(副詞)
eiken2,conclude,を締めくくる;終える(動詞)
eiken2,well-known,よく知られた;有名な(形容詞)
eiken2,development,発展;発達;開発(名詞)
eiken2,desire,願望/切望する(名詞)
eiken2,probably,おそらく;大抵(副詞)
eiken2,respond,反応する;と返答する(動詞)
eiken2,involvement,関与;関わり合い(名詞)
eiken2,minister,大臣;牧師(名詞)
eiken2,patch,当て布;布切れ(名詞)
eiken2,chairman,会長(名詞)
eiken2,ethnic,民族の;民族特有の(形容詞)
eiken2,lap,ひざ;膝小僧(名詞)
eiken2,refer,を参考にする;参照する(動詞)
eiken2,repair,を修理する;修繕する(動詞)
eiken2,current,現在の;現行の(形容詞)
eiken2,obviously,明らかに;明白に(副詞)
eiken2,ceiling,天井;屋根(名詞)
eiken2,philosopher,哲学者(名詞)
eiken2,suicide,自殺;自害(名詞)
eiken2,social,社会の;共同体の(形容詞)
eiken2,potential,潜在的な;潜伏している(形容詞)
eiken2,sum,合計;総計(名詞)
eiken2,draw,描く;引っ張る(動詞)
eiken2,rough,ごつごつした;粗い(形容詞)
eiken2,fundamental,基本的な;基礎の(形容詞)
eiken2,association,協会;連合(名詞)
eiken2,yield,産出する;生ずる(動詞)
eiken2,politician,政治家;政府要人(名詞)
eiken2,department,部門;課(名詞)
eiken2,palm,手のひら;（動物の）前足の裏(名詞)
eiken2,phenomenon,現象;事象(名詞)
eiken2,admit,を認める;入ることを許す(動詞)
eiken2,critical,極めて重要な;非常に大事な(形容詞)
eiken2,throat,のど;咽喉(名詞)
eiken2,adapt,に適合させる;調整する(動詞)
eiken2,largely,主として;主に(副詞)
eiken2,belong,に属する;所属する(動詞)
eiken2,attempt,試み;試練(名詞)
eiken2,impress,感銘を与える;感動させる(動詞)
eiken2,submit,を提出する;に服従する(動詞)
eiken2,bored,退屈した;つまらない(形容詞)
eiken2,electric,電気の;電力の(形容詞)
eiken2,civilized,発達した文明をもつ;教養の高い(形容詞)
eiken2,combat,戦闘;闘争(名詞)
eiken2,destruction,破壊;壊滅(名詞)
eiken2,ally,と同盟する;連合する(動詞)
eiken2,similarly,同様に;一様に(副詞)
eiken2,complete,完全な;全部の(形容詞)
eiken2,complicated,複雑な;繁雑な(形容詞)
eiken2,mad,狂った;狂気じみた(形容詞)
eiken2,hate,ひどく嫌う;深く憎む(動詞)
eiken2,urban,都会の;市内の(形容詞)
eiken2,reputation,評判;評価(名詞)
eiken2,phase,段階;レベル(名詞)
eiken2,philosophy,哲学(名詞)
eiken2,shooting,撮影;射撃(名詞)
eiken2,include,を含む;内包する(動詞)
eiken2,medium,中間の;中央の(形容詞)
eiken2,contemporary,現在の;現代の(形容詞)
eiken2,jury,陪審員;審査員(名詞)
eiken2,huge,巨大な;広大な(形容詞)
eiken2,awful,ひどい;恐ろしい(形容詞)
eiken2,examine,を検査する;調査する(動詞)
eiken2,element,要素;元素(名詞)
eiken2,mainly,主に;もっぱら(副詞)
eiken2,success,成功;達成(名詞)
eiken2,exist,存在する;実在する(動詞)
eiken2,gentle,穏やかな;物柔らかな(形容詞)
eiken2,occasion,特定の時;行事;祭典(名詞)
eiken2,accompany,に付き添う;に同行する(動詞)
eiken2,virtually,実質的に;事実上(副詞)
eiken2,withdraw,を撤回する;引き下がる/引き出す(動詞)
eiken2,leisure,余暇;自由時間(名詞)
eiken2,representative,代表者;代理人(名詞)
eiken2,mass,塊;大部分(名詞)
eiken2,honest,正直な(形容詞)
eiken2,imply,をほのめかす;暗示する(動詞)
eiken2,mixture,混合物;複合体(名詞)
eiken2,aware,気づいている;知っている(形容詞)
eiken2,device,装置;仕掛け(名詞)
eiken2,deputy,代理;代わり(名詞)
eiken2,smell,においがする;臭いがする(動詞)
eiken2,overall,全体的な;全部の(形容詞)
eiken2,custom,習慣;慣例(名詞)
eiken2,roll,転がる; 転ぶ(動詞)
eiken2,exposure,暴露;さらすこと(名詞)
eiken2,term,期間;専門用語(名詞)
eiken2,industry,産業;工業(名詞)
eiken2,otherwise,さもなければ(副詞)
eiken2,electronic,電子の;電子式の(形容詞)
eiken2,proud,自慢に思って;誇らしげな(形容詞)
eiken2,task,仕事;職業(名詞)
eiken2,concentration,集中;専念(名詞)
eiken2,debate,討論;議論(名詞)
eiken2,suggest,を提案する;勧める(動詞)
eiken2,derive,を引き出す;取り出す(動詞)
eiken2,lawn,芝生;草地(名詞)
eiken2,compose,を構成する;作曲する(動詞)
eiken2,react,反応する;返答する(動詞)
eiken2,proportion,比率;割合(名詞)
eiken2,confident,自信のある;確信している(形容詞)
eiken2,manufacturing,製造している(動詞)
eiken2,multiple,掛け算する;乗算する(動詞)
eiken2,chest,たんす;チェスト(名詞)
eiken2,authority,権威;権力(名詞)
eiken2,creature,生き物;生物(名詞)
eiken2,wear,身につけている;着用している(動詞)
eiken2,swear,誓う;宣誓する(動詞)
eiken2,survival,生存/生き延びる(名詞)
eiken2,attractive,魅力的な;興味をそそる(形容詞)
eiken2,union,統合;一致(名詞)
eiken2,prisoner,囚人;受刑者(名詞)
eiken2,sight,見ること;視力(名詞)
eiken2,expose,明らかにする;明示する(動詞)
eiken2,therefore,それゆえ;だから(副詞)
eiken2,prosecutor,検察官;検事(名詞)
eiken2,present,現在の;出席して(形容詞)
eiken2,publication,出版物;刊行物(名詞)
eiken2,dull,面白みのない;鈍い(形容詞)
eiken2,aspect,局面;側面;表情(名詞)
eiken2,advice,助言;忠告(名詞)
eiken2,fair,公平な;平等な(形容詞)
eiken2,via,～経由で(前置詞)
eiken2,mayor,市長;町長(名詞)
eiken2,lose,失う;無くす(動詞)
eiken2,judgement,判断(名詞)
eiken2,observer,観察者;傍観者(名詞)
eiken2,tongue,言葉;舌(名詞)
eiken2,defendant,被告人;告発される人(名詞)
eiken2,handle,を手で扱う;に対処する/取っ手(動詞)
eiken2,component,成分(名詞)
eiken2,declare,を宣言する;公表する(動詞)
eiken2,squeeze,絞る;押しつぶす(動詞)
eiken2,maintain,を維持する;保つ(動詞)
eiken2,passage,一節;節分(名詞)
eiken2,bitter,苦い;えぐい(形容詞)
eiken2,whom,誰を(代名詞)
eiken2,split,割る;裂く(動詞)
eiken2,capable,可能性がある;才能のある(形容詞)
eiken2,habit,習慣;慣行(名詞)
eiken2,concrete,具体的な;明確な(形容詞)
eiken2,remaining,残りの;残余の(形容詞)
eiken2,depend,依存する;頼る(動詞)
eiken2,dependent,依存している;頼っている(形容詞)
eiken2,so ～ that ～,とても…なので(接続詞)
eiken2,argue,だと主張する;感情的に論じる(動詞)
eiken2,consequence,結果;影響(名詞)
eiken2,outcome,結果;成果(名詞)
eiken2,heritage,遺産;相続財産(名詞)
eiken2,ban,を禁止する/禁止(動詞)
eiken2,steam,蒸気;湯気(名詞)
eiken2,biological,生物学上の;生物的な(形容詞)
eiken2,voter,投票者;選挙人(名詞)
eiken2,landscape,風景;眺め(名詞)
eiken2,moment,瞬間;瞬時(名詞)
eiken2,occasionally,時折;稀に(副詞)
eiken2,practical,実用的な;有用な(形容詞)
eiken2,wipe,を拭く;拭き取る(動詞)
eiken2,tradition,伝統;慣習(名詞)
eiken2,affair,事柄;問題(名詞)
eiken2,reward,褒美;報酬(名詞)
eiken2,award,賞(名詞)
eiken2,purpose,目的;目標(名詞)
eiken2,gather,を集める;収集する(動詞)
eiken2,respect,尊敬;敬意(名詞)
eiken2,advertise,宣伝する;広告する(動詞)
eiken2,eventually,結局は;やがて(副詞)
eiken2,approval,承認;認可(名詞)
eiken2,reach,到着する;辿り着く(動詞)
eiken2,afraid,心配して;恐れて(形容詞)
eiken2,commercial,商業の;商取引の(形容詞)
eiken2,harmful,有害な;害のある(形容詞)
eiken2,suggestion,提案;案(名詞)
eiken2,contrast,対照;比較(名詞)
eiken2,coal,石炭;炭(名詞)
eiken2,headquarters,本部;中心(名詞)
eiken2,absorb,を吸収する;吸い取る(動詞)
eiken2,proposal,提案;勧告(名詞)
eiken2,consumer,消費者;利用者(名詞)
eiken2,historic,由緒のある;歴史に残る(形容詞)
eiken2,pursue,追い求める;追跡する(動詞)
eiken2,immediate,即座の;瞬時の(形容詞)
eiken2,knee,膝(名詞)
eiken2,apply,適用する;応用する(動詞)
eiken2,existence,存在;実在(名詞)
eiken2,dismiss,を退出させる(動詞)
eiken2,regional,地方の;地域の(形容詞)
eiken2,war,戦争;衝突(名詞)
eiken2,factor,要因;原因(名詞)
eiken2,constant,絶え間ない;一定の(形容詞)
eiken2,encourage,を勇気づける;励ます(動詞)
eiken2,prayer,祈り;礼拝(名詞)
eiken2,forward,前方へ;前に(副詞)
eiken2,principle,原理(名詞)
eiken2,bravely,勇気をもって(副詞)
eiken2,stimulate,を刺激する;元気づける(動詞)
eiken2,address,住所;居住地(名詞)
eiken2,accept,受け入れる;受け取る(動詞)
eiken2,increase,を増やす;増大させる(動詞)
eiken2,remind,に思い出させる;に気付かせる(動詞)
eiken2,proof,証拠(名詞)
eiken2,appropriate,適当な(形容詞)
eiken2,deserve,値する;価値がある(動詞)
eiken2,establishment,設立;創立(名詞)
eiken2,definition,定義;明確な説明(名詞)
eiken2,economic,経済の;財政の(形容詞)
eiken2,introduce,紹介する;引き合わす(動詞)
eiken2,convey,伝える;運ぶ(動詞)
eiken2,partnership,共同;提携(名詞)
eiken2,attorney,弁護士;代理人(名詞)
eiken2,index,索引;目次(名詞)
eiken2,circumstance,状況;環境(名詞)
eiken2,conversation,会話;対話(名詞)
eiken2,poet,詩人;作詩者(名詞)
eiken2,craft,工芸;技能(名詞)
eiken2,spill,をこぼす;溢れる(動詞)
eiken2,reject,拒絶する;断る(動詞)
eiken2,province,州;地方(名詞)
eiken2,admission,入場;入場料(名詞)
eiken2,consumption,消費;消費高(名詞)
eiken2,bishop,司教;教会の指導者(名詞)
eiken2,fuel,燃料;燃えやすいもの(名詞)
eiken2,guess,推測する;予想する(動詞)
eiken2,economy,経済;節約(名詞)
eiken2,construct,を組み立てる;建設する(動詞)
eiken2,assistance,支援;手伝い(名詞)
eiken2,implement,実施する/道具;手段(動詞)
eiken2,peak,頂上;頂点(名詞)
eiken2,sculpture,彫刻;彫像(名詞)
eiken2,various,様々な;多様な(形容詞)
eiken2,symptom,症状;兆候(名詞)
eiken2,tribe,部族;種族(名詞)
eiken2,agriculture,農業;耕作(名詞)
eiken2,dealer,販売業者;売り手(名詞)
eiken2,unlike,と異なって;とは違って(前置詞)
eiken2,invent,を発明する;創造する(動詞)
eiken2,treaty,条約(名詞)
eiken2,trust,信頼;信用(名詞)
eiken2,instruction,指示;指導(名詞)
eiken2,comedy,喜劇;茶番(名詞)
eiken2,absolutely,絶対に;必ず(副詞)
eiken2,alliance,同盟;協定(名詞)
eiken2,law,法律;制度(名詞)
eiken2,evil,邪悪な;悪しき(形容詞)
eiken2,chamber,小部屋;個室(名詞)
eiken2,suppose,だと思う;と仮定する(動詞)
eiken2,develop,を発達させる;を開発する(動詞)
eiken2,remember,覚えている;を思い出す(動詞)
eiken2,entitle,と題する;と名づける(動詞)
eiken2,significantly,かなり;相当に(副詞)
eiken2,confidence,自信;信頼(名詞)
eiken2,national,国の;国民の(形容詞)
eiken2,whenever,する時はいつでも;する際は常に(接続詞)
eiken2,rush,突進する;急ぐ;急ぎ(動詞)
eiken2,female,雌の;女性の(形容詞)
eiken2,identity,同一性;一致性(名詞)
eiken2,independence,独立;自立(名詞)
eiken2,match,試合;競技(名詞)
eiken2,fix,固定する;固める(動詞)
eiken2,cooperation,協力;共同作業(名詞)
eiken2,coalition,連立;連合(名詞)
eiken2,detect,を検出する;を感知する(動詞)
eiken2,interior,内部の;内側の(形容詞)
eiken2,alter,を変える;を改変する(動詞)
eiken2,retirement,退職;引退(名詞)
eiken2,sensitive,敏感な;感じやすい(形容詞)
eiken2,reply,返答する;応答する(動詞)
eiken2,opposition,反対;対立(名詞)
eiken2,export,を輸出する;輸送する(動詞)
eiken2,psychologist,心理学者;精神科学者(名詞)
eiken2,pension,年金;老後の資金(名詞)
eiken2,correspondent,特派員(名詞)
eiken2,duty,職務;関税(名詞)
eiken2,attach,を貼り付ける;を貼る(動詞)
eiken2,personality,人格;性格(名詞)
eiken2,fully,十分に;完全に(副詞)
eiken2,scheme,計画;企画(名詞)
eiken2,install,導入する;導く(動詞)
eiken2,ingredient,材料;原料;成分(名詞)
eiken2,flood,洪水;氾濫(名詞)
eiken2,folk,人々;群衆(名詞)
eiken2,election,選挙;投票(名詞)
eiken2,despite,にも関わらず;けれども(前置詞)
eiken2,revolution,革命;変革(名詞)
eiken2,promotion,昇進;進級(名詞)
eiken2,industrial,産業の;工業の(形容詞)
eiken2,dramatic,劇的な;感動的な(形容詞)
eiken2,lean,傾く;寄りかかる(動詞)
eiken2,exhibition,展示;展覧(名詞)
eiken2,compromise,妥協;和解(名詞)
eiken2,anxiety,心配;不安(名詞)
eiken2,relevant,関連のある;適切な(形容詞)
eiken2,observation,観察;観測(名詞)
eiken2,manager,部長;支配人(名詞)
eiken2,defeat,負かす;打ち破る(動詞)
eiken2,surgery,手術;外科(名詞)
eiken2,reaction,反応;反響(名詞)
eiken2,abandon,を捨て去る;放棄する(動詞)
eiken2,crisis,危機;困難(名詞)
eiken2,comfort,快適さ/慰める(名詞)
eiken2,wise,賢い;賢明な(形容詞)
eiken2,sustain,保持する;維持する(動詞)
eiken2,hire,雇う;採用する(動詞)
eiken2,slip,滑る(動詞)
eiken2,entirely,完全に;全く(副詞)
eiken2,totally,完全に;全く(副詞)
eiken2,extensive,広範な;広い範囲の(形容詞)
eiken2,represent,を表す;を代表する(動詞)
eiken2,receive,を受理する;受け取る(動詞)
eiken2,employ,雇う;採用する(動詞)
eiken2,hang,つるす;掛ける(動詞)
eiken2,context,文脈;背景(名詞)
eiken2,famous,有名な;著名な(形容詞)
eiken2,assumption,想定;仮説(名詞)
eiken2,charge,非難;料金;管理/に請求する(名詞)
eiken2,civilization,文明;文明社会(名詞)
eiken2,aid,援助/助ける(名詞)
eiken2,poll,投票;選挙(名詞)
eiken2,scientific,科学の;理科の(形容詞)
eiken2,pleasure,楽しみ;喜び(名詞)
eiken2,dislike,嫌がる;嫌い(動詞)
eiken2,environment,環境;状況(名詞)
eiken2,architect,建築家(名詞)
eiken2,coast,海岸;沿岸地域(名詞)
eiken2,evolution,進化;発展(名詞)
eiken2,recall,呼び戻す;思い出す(動詞)
eiken2,agreement,同意;賛成(名詞)
eiken2,county,州;郡(名詞)
eiken2,nation,国家;国土(名詞)
eiken2,negotiate,交渉する;協議する(動詞)
eiken2,depth,深さ(名詞)
eiken2,astronaut,宇宙飛行士(名詞)
eiken2,threat,脅威;危機(名詞)
eiken2,transform,を変える;を改変する(動詞)
eiken2,method,方法;手段(名詞)
eiken2,jail,刑務所;拘置所(名詞)
eiken2,university,大学;大学校(名詞)
eiken2,primitive,原始的な;先史的な(形容詞)
eiken2,emerge,現れる(動詞)
eiken2,physical,身体の;肉体の(形容詞)
eiken2,　false,誤った;間違った(形容詞)
eiken2,highlight,目立たせる;最も明るい部分(動詞)
eiken2,estimate,を推定する;評価する(動詞)
eiken2,rational,理性のある(形容詞)
eiken2,efficient,効率のいい;効率的な(形容詞)
eiken2,initiative,主導権;自発性(名詞)
eiken2,recommendation,推薦;推奨(名詞)
eiken2,according,による;準じて(前置詞)
eiken2,implication,含み;裏の意味(名詞)
eiken2,seldom,めったに～しない;稀に(副詞)
eiken2,pregnant,妊娠している;妊娠中の(形容詞)
eiken2,society,社会;共同体(名詞)
eiken2,breath,息;呼吸(名詞)
eiken2,employer,雇用者;雇い主(名詞)
eiken2,advertising,広告;宣伝(名詞)
eiken2,equipment,装置;設備(名詞)
eiken2,universe,宇宙;宙域(名詞)
eiken2,addition,追加;付加(名詞)
eiken2,visible,目に見える; 可視的(形容詞)
eiken2,opinion,意見;考え(名詞)
eiken2,decline,断る;拒否する(動詞)
eiken2,male,男性;雄(名詞)
eiken2,somehow,どうにか;何とか(副詞)
eiken2,suit,適合する;合致する(動詞)
eiken2,latter,後者の;後半の(形容詞)
eiken2,merely,単に;ただ(副詞)
eiken2,appearance,出現;外見(名詞)
eiken2,fairly,かなり;公平に(副詞)
eiken2,chapter,章;区切り(名詞)
eiken2,nearby,近くの;隣近所の(形容詞)
eiken2,settle,決着させる;解決する(動詞)
eiken2,contribute,に寄付する;捧げる(動詞)
eiken2,foreign,外国の;海外の(形容詞)
eiken2,extend,延びる;延長する(動詞)
eiken2,policy,政策;方針(名詞)
eiken2,cope,対処する;処理する(動詞)
eiken2,religion,宗教;信仰(名詞)
eiken2,conclusion,結論;最終的な判断(名詞)
eiken2,treatment,扱い;処理(名詞)
eiken2,alternative,代替物;代案(名詞)
eiken2,reverse,反対の;裏側の(形容詞)
eiken2,former,前の;以前の(形容詞)
eiken2,victim,犠牲者;被害者(名詞)
eiken2,distinction,区別;相違(名詞)
eiken2,lab,研究室;研究所(名詞)
eiken2,literary,文学の;文芸の(形容詞)
eiken2,feed,えさを与える(名詞)
eiken2,patient,我慢強い;患者(名詞)
eiken2,state,状態;状況(名詞)
eiken2,forever,永遠に;ずっと(副詞)
eiken2,propose,を提案する;申し出る(動詞)
eiken2,pleasant,楽しい;愉快な(形容詞)
eiken2,content,中身;内容;目次(名詞)
eiken2,order,命令;指令(名詞)
eiken2,superior,より優れた;優越な(形容詞)
eiken2,pretend,のふりをする;に成りすます(動詞)
eiken2,unique,他に類を見ない;唯一の(形容詞)
eiken2,preparation,準備;用意(名詞)
eiken2,afford,余裕がある;ゆとりがある(動詞)
eiken2,congress,会議;集会(名詞)
eiken2,nuclear,核の;中心の(形容詞)
eiken2,regarding,に関して;について(前置詞)
eiken2,party,政党;党派(名詞)
eiken2,finance,財政;財務(名詞)
eiken2,financial,財政の;財務に関する(形容詞)
eiken2,intelligently,かしこく(副詞)
eiken2,describe,を述べる;描写する(動詞)
eiken2,operate,操作する;操る(動詞)
eiken2,embrace,を抱きしめる;擁する(動詞)
eiken2,resistance,抵抗;反対(名詞)
eiken2,dozen,12の(名詞)
eiken2,corridor,廊下;通路(名詞)
eiken2,bend,曲げる(動詞)
eiken2,strike,叩く;打つ(動詞)
eiken2,educate,教育する;訓練する(動詞)
eiken2,fabric,織物;布地(名詞)
eiken2,clerk,事務員;社員(名詞)
eiken2,evidence,証拠;証明(名詞)
eiken2,concentrate,に集中する(動詞)
eiken2,funding,資金調達;資本集め(名詞)
eiken2,extraordinary,普通でない;異常な(形容詞)
eiken2,civilian,民間人;一般市民(名詞)
eiken2,broadcast,放送する(動詞)
eiken2,maintenance,持続;保全(名詞)
eiken2,faith,信頼;信用(名詞)
eiken2,alike,よく似た;類似の(形容詞)
eiken2,grammar,文法;文法規則(名詞)
eiken2,vehicle,乗り物;車(名詞)
eiken2,remain,のままである;残る(動詞)
eiken2,benefit,利益/に利益をもたらす(名詞)
eiken2,length,長さ;延長(名詞)
eiken2,carbon,炭素;炭素素子(名詞)
eiken2,useful,役に立つ;有用な(形容詞)
eiken2,fat,太った;肥満した(形容詞)
eiken2,provision,供給;支給(名詞)
eiken2,subject,教科;主題(名詞)
eiken2,region,地域;領域(名詞)
eiken2,boundary,境界;限界(名詞)
eiken2,adopt,を自分のものにする;を取り入れる(動詞)
eiken2,wisdom,知恵;賢明さ(名詞)
eiken2,express,表現する;を言い表す(動詞)
eiken2,brick,れんが;れんが状のもの(名詞)
eiken2,creation,創造;創作(名詞)
eiken2,greet,を出迎える;に挨拶する(動詞)
eiken2,block,を妨げる;を阻害する(動詞)
eiken2,escape,逃れる;脱走する(動詞)
eiken2,obtain,を手に入れる;を獲得する(動詞)
eiken2,gradually,次第に;だんだんに(副詞)
eiken2,obvious,明白な;明瞭な(形容詞)
eiken2,innocent,罪のない;無罪の(形容詞)
eiken2,distribution,分布;配分(名詞)
eiken2,exactly,正確に;正確で(副詞)
eiken2,continent,大陸;陸地(名詞)
eiken2,arms,武器;兵器(名詞)
eiken2,compound,調合する;調合品を作る(動詞)
eiken2,public,公共の;共有の(形容詞)
eiken2,awareness,気づき;認識(名詞)
eiken2,remove,を取り除く;を除去する(動詞)
eiken2,opponent,相手;対象(名詞)
eiken2,neighborhood,近所;近隣(名詞)
eiken2,while,一方で(接続詞)
eiken2,council,議会;会議(名詞)
eiken2,suitable,適した;好都合な(形容詞)
eiken2,secretary,秘書;秘書官(名詞)
eiken2,participate,参加する;出席する(動詞)
eiken2,politics,政治;政策(名詞)
eiken2,accurate,正確な;的確な(形容詞)
eiken2,chew,嚙む(動詞)
eiken2,strange,奇妙な;異常な(形容詞)
eiken2,conventional,従来の;伝統的な(形容詞)
eiken2,organization,組織;団体;協会(名詞)
eiken2,desperate,やけくその;軽率な(形容詞)
eiken2,moral,道徳の;道徳的な(形容詞)
eiken2,intellectual,知的な;知識に関する(形容詞)
eiken2,emphasis,強調;重視(名詞)
eiken2,particularly,特に;とりわけ(副詞)
eiken2,founder,創設者;創立者(名詞)
eiken2,consider,について考える;だと見なす(動詞)
eiken2,emotional,感情の;情緒の(形容詞)
eiken2,infection,感染(名詞)
eiken2,identify,を見分ける;識別する(動詞)
eiken2,demand,要求;需要/を要求する(名詞)
eiken2,given,与えられた;授与された(形容詞)
eiken2,transition,遷移;変遷(名詞)
eiken2,author,著者;作者(名詞)
eiken2,considerable,かなりの;相当な(形容詞)
eiken2,graduate,を卒業する;を修了する(動詞)
eiken2,conduct,行為;行動(名詞)
eiken2,crowd,群衆;大衆(名詞)
eiken2,nature,自然;天然(名詞)
eiken2,broad,広い;拡大する(形容詞)
eiken2,physician,医師;内科医(名詞)
eiken2,persuade,を説得する;口説き落とす(動詞)
eiken2,achievement,達成;成就(名詞)
eiken2,witness,目撃者;証人/を目撃する(名詞)
eiken2,face,直面する/顔(動詞)
eiken2,focus,焦点;中心(名詞)
eiken2,federal,連邦の;連邦制の(形容詞)
eiken2,associate,結びつけて考える;賛同する(動詞)
eiken2,aim,ねらいをつける;狙う(動詞)
eiken2,deficit,赤字;欠損(名詞)
eiken2,activist,行動主義者;活動家(名詞)
eiken2,primary,最初の;初めての(形容詞)
eiken2,joy,喜び;歓喜(名詞)
eiken2,inspector,検査官;監査人(名詞)
eiken2,actually,実際に;現実に(副詞)
eiken2,previous,前の;以前の(形容詞)
eiken2,variation,変化;変動(名詞)
eiken2,stupid,馬鹿な;愚かな(形容詞)
eiken2,poverty,貧困;貧乏;困窮(名詞)
eiken2,appeal,訴える;告発する;告訴する(動詞)
eiken2,substance,物質;実態(名詞)
eiken2,regulation,規制;規定(名詞)
eiken2,bare,裸の;露出の(形容詞)
eiken2,awake,目を覚ましている;覚醒している(形容詞)
eiken2,suspect,疑う;だと思う(動詞)
eiken2,battery,電池;蓄電池(名詞)
eiken2,income,所得;収入(名詞)
eiken2,fault,欠点;短所(名詞)
eiken2,tissue,組織(名詞)
eiken2,stranger,他人;他者(名詞)
eiken2,expensive,高価な;費用のかかる(形容詞)
eiken2,difference,違い;差分(名詞)
eiken2,percentage,割合;比率(名詞)
eiken2,own,自身の;自分自身の(形容詞)
eiken2,brief,短い;短時間の(形容詞)
eiken2,useless,役に立たない;むだな(形容詞)
eiken2,predict,を予想する;を予測する(動詞)
eiken2,personnel,人事;職員(名詞)
eiken2,sudden,突然の;急な(形容詞)
eiken2,transfer,を移す;を転送する(動詞)
eiken2,solid,固い;固形の(形容詞)
eiken2,mess,混乱;錯乱;無秩序(名詞)
eiken2,flee,逃げる;逃走する(動詞)
eiken2,drain,排出させる;排水をする(動詞)
eiken2,remark,ことば(名詞)
eiken2,lecture,講義(名詞)
eiken2,resolution,解決;決意(名詞)
eiken2,desert,砂漠;乾燥地帯(名詞)
eiken2,advocate,提唱する;主張する(動詞)
eiken2,bet,賭ける;博打をする(動詞)
eiken2,characteristic,特有の;独特の(形容詞)
eiken2,education,教育;指導(名詞)
eiken2,whatever,なんでも;何もかも(代名詞)
eiken2,cause,原因/の原因となる(名詞)
eiken2,commitment,約束;委託(名詞)
eiken2,supply,供給(名詞)
eiken2,temporary,一時的な;短期的な(形容詞)
eiken2,involve,を含む;を巻き込む(動詞)
eiken2,meal,食事;食事療法(名詞)
eiken2,replace,を取り換える;を交換する(動詞)
eiken2,expression,表現;言い回し(名詞)
eiken2,investor,投資家;投資者(名詞)
eiken2,humanity,人間;人間性(名詞)
eiken2,majority,大多数;多数派(名詞)
eiken2,possess,を所有する(動詞)
eiken2,contribution,寄付;貢献(名詞)
eiken2,frequently,頻繁に; たびたび(副詞)
eiken2,shrug,肩をすくめる;無視する(動詞)
eiken2,operator,操作者;操縦者(名詞)
eiken2,slightly,わずかに;少し(副詞)
eiken2,interpretation,解釈;通訳(名詞)
eiken2,rely,頼る;依存する(動詞)
eiken2,reduction,削減;減少(名詞)
eiken2,whole,全部の;すべての(形容詞)
eiken2,purchase,を購入する/購入(動詞)
eiken2,summit,頂上;山頂(名詞)
eiken2,hell,地獄;奈落(名詞)
eiken2,typically,典型的に;一般的に(副詞)
eiken2,admire,を賞賛する;を賛美する(動詞)
eiken2,literature,文学;文芸(名詞)
eiken2,issue,問題;（雑誌などの）号(名詞)
eiken2,rent,家賃;賃料(名詞)
eiken2,widely,広範囲に;多くの範囲に(副詞)
eiken2,satisfaction,満足;充足(名詞)
eiken2,worry,心配させる;心配する(動詞)
eiken2,rub,こする;さする(動詞)
eiken2,completely,完全に;全く(副詞)
eiken2,disappear,消える;見えなくなる(動詞)
eiken2,inflation,膨張;拡大(名詞)
eiken2,maybe,たぶん;おそらく(副詞)
eiken2,calculate,計算する;算出する(動詞)
eiken2,determine,を決める;を定める(動詞)
eiken2,Mexican,メキシコの;メキシコ系の(形容詞)
eiken2,crop,収穫物;作物(名詞)
eiken2,prosecution,起訴;告訴(名詞)
eiken2,toe,つま先;足の指(名詞)
eiken2,seize,つかむ;把握する(動詞)
eiken2,imagination,想像;仮想(名詞)
eiken2,governor,知事;州知事(名詞)
eiken2,curiosity,好奇心;探究心(名詞)
eiken2,rise,上がる;昇る(動詞)
eiken2,tail,尾;尾部(名詞)
eiken2,except,を除いて;除外して(前置詞)
eiken2,lie,横たわる;寝転ぶ(動詞)
eiken2,string,紐;糸(名詞)
eiken2,appoint,任命する;指定する(動詞)
eiken2,military,軍隊;兵力(名詞)
eiken2,conference,会議;対話(名詞)
eiken2,explanation,説明;解説(名詞)
eiken2,atmosphere,雰囲気;気候(名詞)
eiken2,toward,向かって;のほうへ(前置詞)
eiken2,convenient,都合がよい;便利な(形容詞)
eiken2,examination,試験;実験(名詞)
eiken2,sort,種類;類(名詞)
eiken2,strongly,強く;激しく(副詞)
eiken2,fear,を恐れる;恐がる/恐れ(名詞)
eiken2,ability,能力;力量(名詞)
eiken2,weight,重さ;体重(名詞)
eiken2,exclude,除く;排除する(動詞)
eiken2,discipline,しつけ;規律(名詞)
eiken2,share,分かち合う/分け前(動詞)
eiken2,potentially,潜在的に;可能性として(副詞)
eiken2,extent,程度;大きさ(名詞)
eiken2,discussion,議論;討論(名詞)
eiken2,settlement,移住;定住(名詞)
eiken2,enormous,非常に大きい;極端に大きい(形容詞)
eiken2,presence,存在;存在感(名詞)
eiken2,effective,効果的な;有用な(形容詞)
eiken2,rapid,急速な;急激な(形容詞)
eiken2,basis,土台;根拠(名詞)
eiken2,commander,司令官;指揮官(名詞)
eiken2,radical,急進的な;抜本的な(形容詞)
eiken2,individual,個人の;個々の(形容詞)
eiken2,journal,日誌;日記(名詞)
eiken2,avoid,を避ける;を回避する(動詞)
eiken2,stake,くい;掛け金(名詞)
eiken2,possibly,ひょっとすると;もしかしたら(副詞)
eiken2,violence,暴力;乱暴(名詞)
eiken2,likely,起こりそうな;可能性がある(形容詞)
eiken2,entertainment,娯楽;楽しみ(名詞)
eiken2,opposite,反対の;向こう側の(形容詞)
eiken2,district,地域;地区(名詞)
eiken2,domestic,国内の;家庭の(形容詞)
eiken2,pitch,投げる;放る(動詞)
eiken2,historical,歴史上の;過去の(形容詞)
eiken2,bullet,弾丸(名詞)
eiken2,revenue,収益;所得(名詞)
eiken2,democracy,民主主義;民主制度(名詞)
eiken2,legislation,立法;法制定(名詞)
eiken2,breast,胸部;胸(名詞)
eiken2,actual,現実の;事実の(形容詞)
eiken2,eager,強く望んでいる;切望している(形容詞)
eiken2,possible,可能な;実現可能な(形容詞)
eiken2,proverb,ことわざ(名詞)
eiken2,psychological,心理的な;精神的な(形容詞)
eiken2,refugee,難民;避難者(名詞)
eiken2,origin,起源;由来(名詞)
eiken2,transport,を輸送する;を運搬する(動詞)
eiken2,notion,考え;意見(名詞)
eiken2,initially,最初は;初めて(副詞)
eiken2,doubt,疑い;疑問(名詞)
eiken2,sigh,ため息をつく;溜め息をつく(動詞)
eiken2,laboratory,実験室;研究所(名詞)
eiken2,delight,喜び;歓喜(名詞)
eiken2,shortly,まもなく;近々(副詞)
eiken2,universal,普遍的な;万能の(形容詞)
eiken2,surely,確かに(副詞)
eiken2,labor,労働;労働者(名詞)
eiken2,entire,全体の;全部の(形容詞)
eiken2,blood,血;血液(名詞)
eiken2,wonder,かなと思う(動詞)
eiken2,arise,起こる;現れる(動詞)
eiken2,incorporate,合体させる;統合する(動詞)
eiken2,mere,単なる;ただの(形容詞)
eiken2,agenda,議題(名詞)
eiken2,terror,恐怖;恐れ(名詞)
eiken2,truly,真に;正確に(副詞)
eiken2,necessary,必要な(形容詞)
eiken2,science,科学;自然科学(名詞)
eiken2,favor,親切な行為;好意(名詞)
eiken2,recession,不況;後退(名詞)
eiken2,aircraft,航空機;飛行機(名詞)
eiken2,prison,刑務所(名詞)
eiken2,anniversary,～周年;記念日(名詞)
eiken2,possibility,可能性;実現性(名詞)
eiken2,sequence,連続;継続(名詞)
eiken2,slight,かすかな;わずかの(形容詞)
eiken2,customer,顧客;お客様(名詞)
eiken2,inform,情報を与える;に知らせる(動詞)
eiken2,illegal,違法の;不正な(形容詞)
eiken2,investigation,調査;研究(名詞)
eiken2,depression,落ち込み;不景気(名詞)
eiken2,matter,問題;困ったこと(名詞)
eiken2,unless,でない限り;除いて(接続詞)
eiken2,necessity,必要性;必須(名詞)
eiken2,supreme,最高の;至高の(形容詞)
eiken2,severe,厳しい;厳格な(形容詞)
eiken2,bloody,血の;血液の(形容詞)
eiken2,apart,離れて;遠くに(副詞)
eiken2,cast,投げる;放る(動詞)
eiken2,airline,航空会社;航空業者(名詞)
eiken2,trading,取引(名詞)
eiken2,path,小道;細道(名詞)
eiken2,appreciate,感謝する;ありがたがる(動詞)
eiken2,crack,裂け目;ひび(名詞)
eiken2,hesitate,ためらう;躊躇する(動詞)
eiken2,contrary,反対の;逆の(形容詞)
eiken2,depending,依存している;依存状態(動詞（現在分詞）)
eiken2,household,家族;世帯(名詞)
eiken2,laughter,笑い;笑顔(名詞)
eiken2,teenager,十代;少年期(名詞)
eiken2,crime,犯罪;罪行(名詞)
eiken2,frighten,怖がらせる;恐れさせる(動詞)
eiken2,quarter,四半期;四分期(名詞)
eiken2,mortgage,抵当;担保(名詞)
eiken2,indicate,を指し示す(動詞)
eiken2,stroke,打撃;衝撃(名詞)
eiken2,shortage,不足;欠乏(名詞)
eiken2,explore,探索する;調査する(動詞)
eiken2,property,財産;所有物(名詞)
eiken2,freeze,凍る;氷結(動詞)
eiken2,closely,綿密に;詳細に(副詞)
eiken2,venture,冒険的事業;投機的事業(名詞)
eiken2,pretty,かなり;相当に(副詞)
eiken2,account,銀行口座(名詞)
eiken2,internal,内部の;内側の(形容詞)
eiken2,edge,端;縁(名詞)
eiken2,environmental,環境の;自然環境の(形容詞)
eiken2,plenty,たくさん;多く(名詞)
eiken2,amendment,修正;改訂(名詞)
eiken2,fiber,繊維;糸(名詞)
eiken2,somewhat,いくぶん;いくらか(副詞)
eiken2,restriction,制限;限定(名詞)
eiken2,in order to,～するために;～の目的で(熟語)
eiken2,not only A but also B,AだけでなくBもまた;Aと同様Bも(接続詞)
eiken2,a number of,たくさんの;多数の(熟語)
eiken2,be likely to,する可能性が高い;しそうになる(熟語)
eiken2,end up,最終的に;することになる(動詞)
eiken2,publish,を出版する;発行する(動詞)
eiken2,expense,費用;出費;犠牲(名詞)
eiken2,similar,似ている;類似の(形容詞)
eiken2,pollution,汚染;汚れ;汚染物(名詞)
eiken2,foundation,土台;根拠;設立(名詞)
eiken2,compare,を比較する;をたとえる(動詞)
eiken2,lead to,に導く;～につながる(熟語)
eiken2,furthermore,さらに;その上(副詞)
eiken2,more and more,ますます多くの;更に(熟語)
eiken2,consume,を消費する;消耗する(動詞)
eiken2,employment,雇用;採用(名詞)
eiken2,by chance,偶然に;たまたま(熟語)
eiken2,until,までに;まで(接続詞/前置詞)
eiken2,on the other hand,一方で;他方で(接続詞)
eiken2,arrest,を逮捕する;捕まえる(動詞)
eiken2,betray,を裏切る;をだます(動詞)
eiken2,affect,に影響を与える;に作用する(動詞)
eiken2,portable,持ち運べる;携帯用の(形容詞)
eiken2,construction,建設;構造;建造物(名詞)
eiken2,convert,を変える;転換する(動詞)
eiken2,resident,住民;居住者(名詞)
eiken2,provide,を供給する;提供する(動詞)
eiken2,metal,金属;合金(名詞)
eiken2,currency,通貨;流通(名詞)
eiken2,in detail,詳細に;具体的に(熟語)
eiken2,in contrast,対照的に;これに対して(接続詞)
eiken2,for instance,例えば;たとえ… としても(熟語)
eiken2,additionally,加えて;さらに;追加で(副詞)
eiken2,in response to,に応じて;に反応して(熟語)
eiken2,at the same time,同時に;一斉に(熟語)
eiken2,preserved,保存された;保管された(形容詞)
eiken2,be known as,として知られている;として認知されている(熟語)
eiken2,analyze,を分析する;分解する(動詞)
eiken2,a variety of,いろいろな;さまざまな(熟語)
eiken2,sympathy,同情;思いやり(名詞)
eiken2,flexibility,しなやかさ;弾力性;柔軟性(名詞)
eiken2,manage,何とかうまくやる;管理を行う(動詞)
eiken2,reach out,手を延ばす;手を差し出す(熟語)
eiken2,for fear of,を恐れて;を怖がって(熟語)
eiken2,on behalf of,の代わりに;代わって(熟語)
eiken2,on account of,のため;目的の(熟語)
eiken2,artificial,人工的な;人造の(形容詞)
eiken2,prevent A from B,AをBから防ぐ;AをBから保護する(熟語)
eiken2,rather than,よりむしろ;ではなくて(接続詞)
eiken2,measure,措置;測るもの/を測る(動詞)
eiken2,be born with,生まれつき;生来の(熟語)
eiken2,since then,それ以来;それ以降(熟語)
eiken2,turn A into B,AをBに(質的に)変える;AをBに(質的に)転換する(熟語)
eiken2,fertilizer,肥料;育成剤(名詞)
eiken2,made of,で出来ている;構成されている(熟語)
eiken2,make sure,を確かめる;必ず手配する(熟語)
eiken2,tolerate,に耐える;寛大に取り扱う(動詞)
eiken2,journey,旅;旅行(名詞)
eiken2,get along,うまくやる;仲良くやる(熟語)
eiken2,keep up with,に遅れず付いていく;遅れないで追随する(熟語)
eiken2,cell,細胞;マス目(名詞)
eiken2,such as,のような;似たような(熟語)
eiken2,annually,毎年の;年一回ずつ(副詞)
eiken2,invest in,に投資する;に資本を提供する(熟語)
eiken2,embarrass,を恥ずかしがらせる;を恥じさせる(動詞)
eiken2,enlarge,を拡大する;を広げる(動詞)
eiken2,brilliant,優れた;光り輝く(形容詞)
eiken2,vote for,に賛成する;に投票する(熟語)
eiken2,frequent,頻繁な;しばしば起こる(形容詞)
eiken2,gravity,重力;引力(名詞)
eiken2,rare,まれな;珍しい(形容詞)
eiken2,decide,決心する;決定する(動詞)
eiken2,bank account,銀行口座;貯金口座(熟語)
eiken2,locate,見つける;位置を突きとめる(動詞)
eiken2,apply to,に適用する;に応用する(熟語)
eiken2,politely,丁寧に;礼儀正しく(副詞)
eiken2,accidentally,誤って;知らずに(副詞)
eiken2,satisfy,を満足させる;を喜ばせる(動詞)
eiken2,appointment,予定;約束(名詞)
eiken2,luxury,贅沢な/贅沢(名詞)
eiken2,replacement,置換;代替(名詞)
eiken2,in touch,連絡中;連絡が取れて(熟語)
eiken2,celebrate,祝う;祝福する(動詞)
eiken2,imitate,模倣する;真似る(動詞)
eiken2,assignment,割り当て;配分(名詞)
eiken2,instrument,楽器;音楽器具(名詞)
eiken2,capable of,ができる;可能で(熟語)
eiken2,arrange,整える;を配置する(動詞)
eiken2,take after,をまねる;に似る(熟語)
eiken2,guilty of,罪を犯して;違法行為をして(熟語)
eiken2,work out,練習する;運動する(熟語)
eiken2,electricity,電力;電気(名詞)
eiken2,composer,作曲;楽曲制作(名詞)
eiken2,furniture,家具;調度品(名詞)
eiken2,medicine,薬;医薬品(名詞)
eiken2,at last,ついに;やっと(熟語)
eiken2,sufficient,十分な;足りている(形容詞)
eiken2,barely,かろうじて;やっと(副詞)
eiken2,delete,を削除する;消す(動詞)
eiken2,urgent,緊急の;急を要する(形容詞)
eiken2,generous,気前のよい;寛容な(形容詞)
eiken2,cruel,残酷な;ひどい(形容詞)
eiken2,celebration,お祝い;祝典(名詞)
eiken2,reflection,反響;反射(名詞)
eiken2,whisper,ささやく;を耳打ちする(動詞)
eiken2,deposit,お金を預ける;を預金する(動詞)
eiken2,apology,謝罪;お詫び(名詞)
eiken2,deceive,を欺く;をだます(動詞)
eiken2,endure,を我慢する;耐える(動詞)
eiken2,disposal,処理;処分(動詞)
eiken2,statistics,統計;数字(名詞)
eiken2,terminal,終りの;末端の(形容詞)
eiken2,formation,形成;構成(名詞)
eiken2,envelope,封筒;封書(名詞)
eiken2,quarrel,喧嘩;口論;言い争い(名詞)
eiken2,from time to time,時々;偶に(熟語)
eiken2,in demand,需要のある;求められる(熟語)
eiken2,stand out,目立つ;すぐれている(熟語)
eiken2,in the meantime,とりあえず;それまでは(熟語)
eiken2,to some extent,いくらか;ある程度(熟語)
eiken2,at any cost,どんな犠牲を払っても;何がなんでも(熟語)
eiken2,on the contrary,その反対で;それどころか(接続詞)
eiken2,lose face,面子を失う;恥をかく(熟語)
eiken2,answer for,責任を負う;引き受ける(熟語)
eiken2,insist on,するように強く求める;強調する(熟語)
eiken2,not always,必ずしもではない;いつもとは限らない(熟語)
eiken2,at that time,あの時は;そのとき(熟語)
eiken2,in common,共通して;一般的に(熟語)
eiken2,be affected by,の影響を受ける;影響される(熟語)
eiken2,luckily,幸いなことに;幸運にも(副詞)
eiken2,not yet,まだ;今のところ(熟語)
eiken2,in response,に応じて;に対応して(熟語)
eiken2,have effects on,に影響を与える;に作用する(熟語)
eiken2,one day,ある日;いつか(熟語)
eiken2,five senses,五感;感覚器官(熟語)
eiken2,ankle,足首;くるぶし(名詞)
eiken2,related to,に関連する;に関わる(熟語)
eiken2,active,活動的な;活気のある(形容詞)
eiken2,lesser,より少ない;いっそう少ない(形容詞)
eiken2,immune,免疫の;免疫のある(形容詞)
eiken2,disorder,無秩序;混乱(名詞)
eiken2,mental,精神の;心の(形容詞)
eiken2,intend to,するつもりである;する意図がある(熟語)
eiken2,at present,現在は;今は(熟語)
eiken2,make a difference,違いを生む;差をつける(熟語)
eiken2,exceptionally,例外的に;非常に(副詞)
eiken2,almost,ほとんど;たいてい(副詞)
eiken2,as to,に関して;について(接続詞)
eiken2,collapse,崩壊する;つぶれる(動詞)
eiken2,insult,を侮辱する;を罵る(動詞)
eiken2,isolated,孤立した;隔離された(形容詞)
eiken2,punctual,規則正しい;時間通りの(形容詞)
eiken2,frightened,恐ろしかった;怖かった(形容詞)
eiken2,guarantee,を保証する/保証(動詞)
eiken2,blame,を非難する;批判する(動詞)
eiken2,violate,違反する;破る(動詞)
eiken2,delay,を遅らせる;先延ばしにする(動詞)
eiken2,immigrate,移住する;移転する(動詞)
eiken2,instinct,直感;本能;勘(名詞)
eiken2,strangely,不思議なことに;奇妙に(副詞)
eiken2,chase,を追跡する;追いかける/追跡(動詞)
eiken2,pour,を注ぐ;激しく降る(動詞)
eiken2,at one time,一度に;同時に(熟語)
eiken2,all the way,はるばる;わざわざ(熟語)
eiken2,pull away,引き離す;引き剥がす(熟語)
eiken2,try out,を試す;十分に試してみる(熟語)
eiken2,break into,に押し入る;侵入する(熟語)
eiken2,call it a day,終了する;仕事を切り上げる(熟語)
eiken2,be awake,目を覚ましている;覚醒している(熟語)
eiken2,brightness,輝度;明るさ(名詞)
eiken2,have an effect on,に影響を及ぼす;影響する(熟語)
eiken2,indoor,室内/屋内の(形容詞)
eiken2,senior,ポストが上の/年上の人(形容詞)
eiken2,be adjusted to,に調整する;調節する(熟語)
eiken2,specific,具体的な;特定の(形容詞)
eiken2,heart rate,心拍数;脈拍(名詞)
eiken2,be beneficial to,に有益である;役立つ(熟語)
eiken2,what is called,いわゆる;通称(熟語)
eiken2,symmetry,対称;左右対称(名詞)
eiken2,each other,お互い;それぞれ(熟語)
eiken2,check for,を調べる;確認する(熟語)
eiken2,over time,超過勤務;延長時間(熟語)
eiken2,What is more,さらに;その上(接続詞)
eiken2,for some time,しばらくの間;一時的に(熟語)
eiken2,at a time,１度に;同時に(熟語)
eiken2,parking lot,駐車場;停車場(名詞)
eiken2,learn by heart,暗記する(熟語)
eiken2,copyright,著作権;版権(名詞)
eiken2,director,監督;指導者;役員(名詞)
eiken2,in reality,実際に;現実に(熟語)
eiken2,depend on,に頼る;依存する(熟語)
eiken2,claim to do,することを主張する(熟語)
eiken2,agree with,に賛成である;支持する(熟語)
eiken2,it is common to hear,を聞くのが一般的です;よく聞かれる(熟語)
eiken2,temple,お寺;寺院(名詞)
eiken2,bring,持って来る;連れてくる(動詞)
eiken2,throw away,廃棄する;を捨てる(熟語)
eiken2,garbage,生ゴミ;くず(名詞)
eiken2,environmentally,環境的に;情勢的に(副詞)
eiken2,process,過程;手順/を加工処理する(名詞)
eiken2,up to,～まで;～に至る(熟語)
eiken2,turn into,に変わる;に転ずる(熟語)
eiken2,cut down on,を切り詰める;節約する(熟語)
eiken2,fossil fuel,化石燃料(名詞)
eiken2,plastic bag,ビニール袋;プラスチック袋(名詞)
eiken2,harm,害;危害/を害する(名詞)
eiken2,unbelievable,信じられない;信じがたい(形容詞)
eiken2,arrogant,傲慢な;横柄な(形容詞)
eiken2,harbor,港;港湾(名詞)
eiken2,temper,気性;かんしゃく(名詞)
eiken2,legend,伝説;言い伝え(名詞)
eiken2,vague,漠然とした;あいまいな(形容詞)
eiken2,harvest,収穫/を収穫する(動詞)
eiken2,planet,惑星;天体(名詞)
eiken2,ruin,を台無しにする;破滅する/破滅(動詞)
eiken2,launch,発売する;船をおろす(動詞)
eiken2,refuse,を拒否する;拒む(動詞)
eiken2,overtake,追い越す;追いつく(動詞)
eiken2,restrict,を制限する;を限定する(動詞)
eiken2,stock,株;在庫/を在庫に持つ(名詞)
eiken2,competitor,競合他社;競争相手(名詞)
eiken2,spectator,観客;見物人(名詞)
eiken2,explorer,冒険者;探検家(名詞)
eiken2,remind of,を思い出させる;気づかせる(熟語)
eiken2,concentrate on,に集中する;専念する(熟語)
eiken2,laugh at,を見て笑う;楽しむ(熟語)
eiken2,well off,裕福な;富裕な(形容詞)
eiken2,straight on,まっすぐに;直線的に(熟語)
eiken2,far off,はるかかなたの;遠くの(熟語)
eiken2,equal,同等;等しい(形容詞)
eiken2,drop off,落ちる;落とす(熟語)
eiken2,leave out,除外する;取り除く(熟語)
eiken2,the other,もう一方の;反対側の(形容詞)
eiken2,be concerned with,に関係している;関連している(熟語)
eiken2,sustainable,存続可能な;持続可能な(形容詞)
eiken2,leftover,残り物;食べ残し(名詞)
eiken2,because of,～が理由で;目的のために(熟語)
eiken2,hundreds of,何百もの(熟語)
eiken2,efficiency,効率;能率(名詞)
eiken2,arrangement,配置;配列(名詞)
eiken2,prescription,処方;処方箋(名詞)
eiken2,generously,惜しみなく;気前よく(副詞)
eiken2,do well,うまくやる;成功する(熟語)
eiken2,deadline,締め切り;期限(名詞)
eiken2,exception,例外;特例(名詞)
eiken2,temporarily,一時的に;仮に(副詞)
eiken2,provide A with B,AにBを提供する;AがBを供給する(熟語)
eiken2,fund,基金;資金(名詞)
eiken2,in the long run,長い目で見れば;長期間に(熟語)
eiken2,overlap,重ねる;積む(動詞)
eiken2,collaboration,共同;共作;協力(名詞)
eiken2,detective,探偵;刑事;捜査官(名詞)
eiken2,modify,を変更する;を修正する(動詞)
eiken2,stir,をかき混ぜる; 混ぜる(動詞)
eiken2,orbit,軌道; 軌跡(名詞)
eiken2,emotionally,感情的に; 情緒的に(副詞)
eiken2,evaluate,評価する;見積もる(動詞)
eiken2,prospect,見込み;眺め(名詞)
