eiken3,famous,有名な(形容詞)
eiken3,weekend,週末に(名詞)
eiken3,soon,まもなく;すぐに(副詞)
eiken3,still,まだ(副詞)
eiken3,popular,人気の(形容詞)
eiken3,practice,練習する(動詞)
eiken3,during,～の間(前置詞)
eiken3,enjoy,楽しむ(動詞)
eiken3,favorite,お気に入りの(形容詞)
eiken3,sell,を売る(動詞)
eiken3,bring,持って来る(動詞)
eiken3,expensive,高価な;費用のかかる(形容詞)
eiken3,join,参加する(動詞)
eiken3,so,とても(副詞)
eiken3,leave,去る;残す;置いて行く(動詞)
eiken3,enough,十分な(形容詞)
eiken3,happen,起こる(動詞)
eiken3,different,違った(形容詞)
eiken3,invite,招待する(動詞)
eiken3,plan,計画する(動詞)
eiken3,ask,たずねる(動詞)
eiken3,until,まで;までは(前置詞)
eiken3,almost,ほとんど(副詞)
eiken3,sick,病気の(形容詞)
eiken3,excited,興奮した(形容詞)
eiken3,science,科学(名詞)
eiken3,library,図書館(名詞)
eiken3,visit,訪問する(動詞)
eiken3,cheap,安い(形容詞)
eiken3,then,そのとき(副詞)
eiken3,show,見せる(動詞)
eiken3,instead,そのかわりに(副詞)
eiken3,garden,庭(名詞)
eiken3,meet,会う(動詞)
eiken3,by,のそばに、によって(前置詞)
eiken3,stay,滞在する(動詞)
eiken3,hope,望む(動詞)
eiken3,delicious,おいしい(形容詞)
eiken3,together,一緒に(副詞)
eiken3,decide,決心する(動詞)
eiken3,later,後に(副詞)
eiken3,festival,祭り(名詞)
eiken3,vacation,休暇(名詞)
eiken3,own,自分の(形容詞)
eiken3,noon,正午(名詞)
eiken3,important,重要な(形容詞)
eiken3,remember,思い出す(動詞)
eiken3,nervous,あがっている(形容詞)
eiken3,look,見る(動詞)
eiken3,weather,天気(名詞)
eiken3,grow,育てる(動詞)
eiken3,carry,運ぶ(動詞)
eiken3,heavy,重い(形容詞)
eiken3,sure,確信して(形容詞)
eiken3,arrive,到着する(動詞)
eiken3,borrow,借りる(動詞)
eiken3,place,場所(名詞)
eiken3,break,壊れる;破る(動詞)
eiken3,June,6月(名詞)
eiken3,usually,普通は(副詞)
eiken3,win,勝つ(動詞)
eiken3,healthy,健康な(形容詞)
eiken3,sign,標識(名詞)
eiken3,maybe,たぶん(副詞)
eiken3,hurt,を傷つける(動詞)
eiken3,dictionary,辞書(名詞)
eiken3,put,置く(動詞)
eiken3,difficult,難しい(形容詞)
eiken3,when,～するとき(接続詞)
eiken3,beside,横に(前置詞)
eiken3,strong,強い(形容詞)
eiken3,believe,信じる(動詞)
eiken3,sad,悲しい(形容詞)
eiken3,should,～すべきである(助動詞)
eiken3,clock,置き時計(名詞)
eiken3,million,100万(名詞)
eiken3,bright,明るい(形容詞)
eiken3,again,もう一度、再び、また(副詞)
eiken3,hear,聞く(動詞)
eiken3,cook,料理する(動詞)
eiken3,drive,運転する(動詞)
eiken3,face,顔(名詞)
eiken3,get,得る(動詞)
eiken3,find,見つける(動詞)
eiken3,lake,湖(名詞)
eiken3,really,本当に(副詞)
eiken3,sometimes,時々(副詞)
eiken3,exciting,興奮させる(形容詞)
eiken3,write,書く、手紙を書く(動詞)
eiken3,make,作る、～を～にする(動詞)
eiken3,tall,高い(形容詞)
eiken3,guess,推測する(動詞)
eiken3,July,7月(名詞)
eiken3,information,情報(名詞)
eiken3,pay,支払う(動詞)
eiken3,season,季節(名詞)
eiken3,already,すでに、もう(副詞)
eiken3,March,3月(名詞)
eiken3,wear,着る(動詞)
eiken3,university,大学(名詞)
eiken3,math,数学(名詞)
eiken3,people,人々(名詞)
eiken3,care,注意する、世話する(動詞)
eiken3,invent,を発明する(動詞)
eiken3,large,大きい、広い(形容詞)
eiken3,bank,銀行(名詞)
eiken3,prize,賞(名詞)
eiken3,save,節約する(動詞)
eiken3,clothes,服(名詞)
eiken3,museum,博物館(名詞)
eiken3,choose,選ぶ(動詞)
eiken3,cousin,いとこ(名詞)
eiken3,everywhere,どこでも(副詞)
eiken3,plant,植物(名詞)
eiken3,try,試す(動詞)
eiken3,if,もし～なら(接続詞)
eiken3,another,もう一つの(形容詞)
eiken3,meaning,意味(名詞)
eiken3,hit,打つ(動詞)
eiken3,angry,怒った、腹を立てた(形容詞)
eiken3,map,地図(名詞)
eiken3,dirty,汚い(形容詞)
eiken3,promise,約束(名詞)
eiken3,problem,問題(名詞)
eiken3,who,だれ(代名詞)
eiken3,what,何(代名詞)
eiken3,how,どのぐらい(副詞)
eiken3,customer,顧客(名詞)
eiken3,once,かつて(副詞)
eiken3,twice,2回(副詞)
eiken3,salt,塩(名詞)
eiken3,notice,気づく(動詞)
eiken3,collect,集める(動詞)
eiken3,accident,事故(名詞)
eiken3,cost,費用(名詞)
eiken3,star,星、スター(名詞)
eiken3,keep,を保つ(動詞)
eiken3,late,遅い(形容詞)
eiken3,cold,冷たい(形容詞)
eiken3,food,食べ物(名詞)
eiken3,order,注文する(動詞)
eiken3,clean,きれいな(形容詞)
eiken3,trip,旅行(名詞)
eiken3,zoo,動物園(名詞)
eiken3,wash,洗う(動詞)
eiken3,fun,楽しみ(名詞)
eiken3,grandfather,祖父(名詞)
eiken3,travel,旅行(動詞)
eiken3,other,ほかの(形容詞)
eiken3,attention,注意(名詞)
eiken3,husband,夫(名詞)
eiken3,international,国際的な(形容詞)
eiken3,interesting,面白い(形容詞)
eiken3,often,しばしば、よく(副詞)
eiken3,boring,つまらない(形容詞)
eiken3,glad,うれしい(形容詞)
eiken3,below,下に、下記の(副詞)
eiken3,turn,曲がる、回る、変化する(動詞)
eiken3,wide,幅の広い(形容詞)
eiken3,loud,騒がしい(形容詞)
eiken3,amazing,驚くべき(形容詞)
eiken3,price,値段(名詞)
eiken3,each,各々の(形容詞)
eiken3,right,右に(副詞)
eiken3,anyway,ともかく(副詞)
eiken3,worry,心配させる(動詞)
eiken3,hard,一生懸命に(副詞)
eiken3,award,賞(名詞)
eiken3,ocean,大洋、海(名詞)
eiken3,draw,描く(動詞)
eiken3,luck,運(名詞)
eiken3,bakery,パン屋(名詞)
eiken3,busy,忙しい(形容詞)
eiken3,tonight,今夜は(副詞)
eiken3,cloudy,曇った(形容詞)
eiken3,wrong,間違った(形容詞)
eiken3,think,考える(動詞)
eiken3,subject,科目、題目(名詞)
eiken3,become,～になる(動詞)
eiken3,enter,入る(動詞)
eiken3,imagine,を想像する(動詞)
eiken3,without,～なしに(前置詞)
eiken3,through,を通り抜けて(前置詞)
eiken3,since,～以来(前置詞)
eiken3,horizon,地平線、水平線(名詞)
eiken3,buy,買う(動詞)
eiken3,celebrate,祝う(動詞)
eiken3,rule,支配、統治(名詞)
eiken3,wallet,さいふ(名詞)
eiken3,ride,乗る(動詞)
eiken3,scientist,科学者(名詞)
eiken3,rainy,雨降りの(形容詞)
eiken3,rise,昇る(動詞)
eiken3,steal,盗む(動詞)
eiken3,mirror,鏡(名詞)
eiken3,while,～する間(接続詞)
eiken3,feel,感じる(動詞)
eiken3,quick,速い(形容詞)
eiken3,ever,今まで(副詞)
eiken3,local,地元の(形容詞)
eiken3,lend,貸す(動詞)
eiken3,environment,環境、状況(名詞)
eiken3,hole,穴(名詞)
eiken3,explain,説明する(動詞)
eiken3,finger,指(名詞)
eiken3,head,頭(名詞)
eiken3,hand,手(名詞)
eiken3,shape,形(名詞)
eiken3,country,国(名詞)
eiken3,company,会社(名詞)
eiken3,taste,味(名詞)
eiken3,spend,費やす(動詞)
eiken3,visitor,観光客(名詞)
eiken3,boil,ゆでる、煮る(動詞)
eiken3,history,歴史(名詞)
eiken3,grew,育った(動詞)
eiken3,joined,参加した(動詞)
eiken3,letter,手紙(名詞)
eiken3,why,なぜ(副詞)
eiken3,Saturday,土曜日(名詞)
eiken3,Friday,金曜日(名詞)
eiken3,advice,忠告(名詞)
eiken3,Wednesday,水曜日(名詞)
eiken3,few,いくつかの(形容詞)
eiken3,piece,欠片、一部(名詞)
eiken3,went,行った(動詞)
eiken3,understand,理解する(動詞)
eiken3,reason,理由(名詞)
eiken3,pick,選ぶ(動詞)
eiken3,peaceful,平和な(形容詞)
eiken3,handle,を処理する(動詞)
eiken3,round,まわりに(前置詞)
eiken3,thirsty,のどの乾いた(形容詞)
eiken3,same,同じ(形容詞)
eiken3,more,もっと(副詞)
eiken3,purpose,目的(名詞)
eiken3,let's,～しよう(熟語)
eiken3,vegetable,野菜(名詞)
eiken3,May,５月(名詞)
eiken3,date,日付(名詞)
eiken3,February,2月(名詞)
eiken3,such,そのような(形容詞)
eiken3,wife,妻(名詞)
eiken3,move,動く、引っ越す(動詞)
eiken3,daughter,娘(名詞)
eiken3,always,いつも(副詞)
eiken3,everyone,みんな(代名詞)
eiken3,fix,固定する(動詞)
eiken3,side,側、面(名詞)
eiken3,hungry,空腹の(形容詞)
eiken3,here,ここに(副詞)
eiken3,last,ひとつ前の、最後の(形容詞)
eiken3,headache,頭痛(名詞)
eiken3,mountain,山(名詞)
eiken3,anywhere,どこでも(副詞)
eiken3,brush,をみがく(動詞)
eiken3,breakfast,朝食(名詞)
eiken3,hat,帽子(名詞)
eiken3,dinner,夕食(名詞)
eiken3,watch,見る(動詞)
eiken3,around,のまわりに(前置詞)
eiken3,salad,サラダ(名詞)
eiken3,nature,自然(名詞)
eiken3,design,を設計する(動詞)
eiken3,share,分かち合う(動詞)
eiken3,long,長い(形容詞)
eiken3,receive,を受け取る(動詞)
eiken3,injure,を傷つける(動詞)
eiken3,theater,劇場(名詞)
eiken3,horror,恐怖(名詞)
eiken3,attend,に通う、に出席する(動詞)
eiken3,die,死ぬ(動詞)
eiken3,fast,速い(形容詞)
eiken3,umbrella,傘(名詞)
eiken3,pleasure,楽しみ(名詞)
eiken3,picture,絵、写真(名詞)
eiken3,see,見る(動詞)
eiken3,art,芸術(名詞)
eiken3,too,～もまた(副詞)
eiken3,grandmother,祖母(名詞)
eiken3,doctor,医者(名詞)
eiken3,teach,教える(動詞)
eiken3,station,駅(名詞)
eiken3,after,～の後で(前置詞)
eiken3,airplane,飛行機(名詞)
eiken3,memory,記憶(名詞)
eiken3,wish,望む(動詞)
eiken3,answer,答える(動詞)
eiken3,example,例(名詞)
eiken3,protect,を守る、保護する(動詞)
eiken3,century,世紀(名詞)
eiken3,moment,瞬間(名詞)
eiken3,difference,違い(名詞)
eiken3,finish,終える(動詞)
eiken3,actually,実は、本当は(副詞)
eiken3,noisy,騒がしい(形容詞)
eiken3,hospital,病院(名詞)
eiken3,recently,最近(副詞)
eiken3,fact,事実、現実(名詞)
eiken3,sight,見ること(名詞)
eiken3,judge,審判員(名詞)
eiken3,complain,不満を言う(動詞)
eiken3,reach,届く(動詞)
eiken3,lose,失う(動詞)
eiken3,toy,玩具(名詞)
eiken3,November,11月(名詞)
eiken3,behind,背後に(前置詞)
eiken3,support,を支援する、応援する(動詞)
eiken3,outside,の外側に(前置詞)
eiken3,matter,問題、困ったこと(名詞)
eiken3,forget,忘れる(動詞)
eiken3,tooth,歯(名詞)
eiken3,rest,休息する(動詞)
eiken3,airline,航空会社(名詞)
eiken3,finally,ついに、やっと(副詞)
eiken3,river,川(名詞)
eiken3,pond,池(名詞)
eiken3,hill,丘(名詞)
eiken3,cry,泣く(動詞)
eiken3,grade,評価(名詞)
eiken3,warn,警告する(動詞)
eiken3,comfortable,心地の良い(形容詞)
eiken3,flavor,風味(名詞)
eiken3,meat,肉(名詞)
eiken3,kind,種類(名詞)
eiken3,square,正方形の(形容詞)
eiken3,bread,パン(名詞)
eiken3,quickly,素早く(副詞)
eiken3,burn,を燃やす(動詞)
eiken3,word,言葉(名詞)
eiken3,continue,続く(動詞)
eiken3,manager,部長(名詞)
eiken3,abroad,外国へ(副詞)
eiken3,farmer,農家(名詞)
eiken3,market,市場(名詞)
eiken3,health,健康(名詞)
eiken3,fresh,新鮮な(形容詞)
eiken3,build,建てる(動詞)
eiken3,future,未来(名詞)
eiken3,culture,文化(名詞)
eiken3,never,１度もない(副詞)
eiken3,silent,静かな(形容詞)
eiken3,several,幾つかの(形容詞)
eiken3,however,しかし(接続詞)
eiken3,foreign,外国の(形容詞)
eiken3,interest,興味(名詞)
eiken3,speak,話す(動詞)
eiken3,somewhere,どこかに(副詞)
eiken3,correct,正解(形容詞)
eiken3,clever,利口な(形容詞)
eiken3,very,非常に(副詞)
eiken3,probably,多分(副詞)
eiken3,held,握った(動詞)
eiken3,tradition,伝統(名詞)
eiken3,know,知っている(動詞)
eiken3,color,色(名詞)
eiken3,afternoon,午後(名詞)
eiken3,sun,太陽(名詞)
eiken3,summer,夏(名詞)
eiken3,soil,土(名詞)
eiken3,thousand,千(名詞)
eiken3,horse,馬(名詞)
eiken3,lost,失った(動詞)
eiken3,April,4月(名詞)
eiken3,won,勝った(動詞)
eiken3,tell,伝える(動詞)
eiken3,useful,役に立つ(形容詞)
eiken3,cloud,雲(名詞)
eiken3,exchange,交換(動詞)
eiken3,shake,震える(動詞)
eiken3,raise,手などを挙げる(動詞)
eiken3,agree,賛成する(動詞)
eiken3,smell,においがする(動詞)
eiken3,where,どこに(疑問詞)
eiken3,poor,貧乏な(形容詞)
eiken3,gave,与えた(動詞)
eiken3,take,取る(動詞)
eiken3,walk,散歩(名詞)
eiken3,both,両方の(形容詞)
eiken3,narrow,狭い(形容詞)
eiken3,studied,勉強した(動詞)
eiken3,sold,売った(動詞)
eiken3,spoke,話した(動詞)
eiken3,made,作った(動詞)
eiken3,graduate,卒業する(動詞)
eiken3,within,以内で(前置詞)
eiken3,yesterday,昨日(副詞)
eiken3,because,なぜなら(接続詞)
eiken3,dangerous,危険な(形容詞)
eiken3,island,島(名詞)
eiken3,temple,お寺(名詞)
eiken3,beginning,最初(名詞)
eiken3,traditional,伝統的な(形容詞)
eiken3,heaven,天国(名詞)
eiken3,fool,馬鹿(名詞)
eiken3,address,住所(名詞)
eiken3,lie,嘘(名詞)
eiken3,evacuation,避難(名詞)
eiken3,found,を見つけた(動詞)
eiken3,personal,個人の(形容詞)
eiken3,independence,独立(名詞)
eiken3,gentle,優しい(形容詞)
eiken3,shout,叫ぶ(動詞)
eiken3,ordinary,普通の(形容詞)
eiken3,many,多くの(形容詞)
eiken3,sentence,文(名詞)
eiken3,whole,全ての(形容詞)
eiken3,calligraphy,書道(名詞)
eiken3,calm,落ち着いた(形容詞)
eiken3,fail,失敗する(動詞)
eiken3,unhappy,不幸な(形容詞)
eiken3,well,健康な(形容詞)
eiken3,violence,暴力(名詞)
eiken3,awesome,すばらしい(形容詞)
eiken3,enemy,敵(名詞)
eiken3,someone,だれか、ある人(代名詞)
eiken3,arrow,矢(名詞)
eiken3,bother,面倒(動詞)
eiken3,fight,戦う(動詞)
eiken3,worth,の価値がある(形容詞)
eiken3,custom,習慣(名詞)
eiken3,sent,送った(動詞)
eiken3,announce,を発表する(動詞)
eiken3,illegal,違法な(形容詞)
eiken3,electronic,電子の(形容詞)
eiken3,latest,最新の(形容詞)
eiken3,hurry,急ぐ(動詞)
eiken3,shelter,避難所(名詞)
eiken3,crowd,群衆(名詞)
eiken3,surprisingly,驚いたことには(副詞)
eiken3,cancer,がん(名詞)
eiken3,fill,いっぱいにする(動詞)
eiken3,spelling,綴り(名詞)
eiken3,beer,ビール(名詞)
eiken3,gas,ガソリン(名詞)
eiken3,nuclear,核の、原子力の(形容詞)
eiken3,between,～と～の間(前置詞)
eiken3,disagree,意見が合わない(動詞)
eiken3,destroy,を破壊する(動詞)
eiken3,palace,宮殿(名詞)
eiken3,bake,焼く(動詞)
eiken3,sailor,船員(名詞)
eiken3,brain,頭脳(名詞)
eiken3,border,国境(名詞)
eiken3,sustainable,存続可能な(形容詞)
eiken3,encourage,を勇気づける(動詞)
eiken3,usual,通常の(形容詞)
eiken3,death,死(名詞)
eiken3,inventor,発明家(名詞)
eiken3,born,生まれる(形容詞)
eiken3,habit,習慣(名詞)
eiken3,earth,地球(名詞)
eiken3,barber,散髪屋(名詞)
eiken3,emergency,緊急事態(名詞)
eiken3,earthquake,地震(名詞)
eiken3,laugh,笑う(動詞)
eiken3,spread,広がる、広まる(動詞)
eiken3,tough,困難な;難しい(形容詞)
eiken3,lip,唇(名詞)
eiken3,tightly,しっかりと(副詞)
eiken3,bridge,橋(名詞)
eiken3,president,大統領(名詞)
eiken3,relatively,比較的(副詞)
eiken3,row,こぐ(動詞)
eiken3,drove,運転した(動詞)
eiken3,low,低い(形容詞)
eiken3,branch,枝(名詞)
eiken3,common,共通の(形容詞)
eiken3,discover,発見する(動詞)
eiken3,tie,ネクタイ(名詞)
eiken3,coal,石炭(名詞)
eiken3,wind,風(名詞)
eiken3,thought,考え(名詞)
eiken3,peace,平和(名詞)
eiken3,poet,詩人(名詞)
eiken3,definitely,もちろん、確かに(副詞)
eiken3,rose,昇った(動詞)
eiken3,domestic,国内の(形容詞)
eiken3,most,たいていの;大部分の(形容詞)
eiken3,strict,厳しい(形容詞)
eiken3,artistic,芸術的な(形容詞)
eiken3,little,ほとんど～ない(形容詞)
eiken3,wonder,不思議に思う(動詞)
eiken3,war,戦争(名詞)
eiken3,senior,年上の;上級の(形容詞)
eiken3,roof,屋根(名詞)
eiken3,tax,税;税金(名詞)
eiken3,medicine,薬(名詞)
eiken3,drop,落ちる(動詞)
eiken3,east,東(名詞)
eiken3,absent,欠席の(形容詞)
eiken3,ecosystem,生態系(名詞)
eiken3,illiterate,読み書きのできない(形容詞)
eiken3,possible,可能な(形容詞)
eiken3,introduce,紹介する(動詞)
eiken3,ban,を禁止する(動詞)
eiken3,land,土地(名詞)
eiken3,creative,創造力のある(形容詞)
eiken3,overseas,外国へ(副詞)
eiken3,discuss,話し合う(動詞)
eiken3,flat,平らな(形容詞)
eiken3,daily,日常の(形容詞)
eiken3,hopeful,希望を持っている(形容詞)
eiken3,desert,砂漠(名詞)
eiken3,port,港(名詞)
eiken3,researcher,研究者(名詞)
eiken3,belong,のものである(動詞)
eiken3,functional,実用的な(形容詞)
eiken3,electricity,電力(名詞)
eiken3,leaf,葉(名詞)
eiken3,establish,を設立する(動詞)
eiken3,climb,登る(動詞)
eiken3,amaze,をびっくりさせる(動詞)
eiken3,valley,谷(名詞)
eiken3,satisfy,を満足させる(動詞)
eiken3,transport,を輸送する(動詞)
eiken3,blow,吹く(動詞)
eiken3,monthly,月に1回の(形容詞)
eiken3,second,秒(名詞)
eiken3,although,であるけれど(接続詞)
eiken3,silk,絹(名詞)
eiken3,endangered,絶滅の危機にさらされている(形容詞)
eiken3,convenient,便利な(形容詞)
eiken3,gym,体育館(名詞)
eiken3,breed,を飼育する;繁殖する(動詞)
eiken3,wrap,を包む(動詞)
eiken3,increase,を増やす;増大させる(動詞)
eiken3,railway,鉄道(名詞)
eiken3,shoulder,肩(名詞)
eiken3,supply,供給(名詞)
eiken3,lead,を導く(動詞)
eiken3,national,国家の(形容詞)
eiken3,foot,足(名詞)
eiken3,survey,調査(名詞)
eiken3,south,南(名詞)
eiken3,let,～に～をさせる(動詞)
eiken3,sort,種類(名詞)
eiken3,jewel,宝石(名詞)
eiken3,though,だけれども(接続詞)
eiken3,dead,死んだ(形容詞)
eiken3,hundred,百(名詞)
eiken3,indeed,実に(副詞)
eiken3,government,政府(名詞)
eiken3,countryside,田舎(名詞)
eiken3,amount,量;額(名詞)
eiken3,limited,限られた(形容詞)
eiken3,climate,気候(名詞)
eiken3,surround,を囲む(動詞)
eiken3,holy,神聖な(形容詞)
eiken3,instruction,指示(名詞)
eiken3,waste,浪費(動詞)
eiken3,survive,生き残る(動詞)
eiken3,weekly,週刊の(形容詞)
eiken3,magazine,雑誌(名詞)
eiken3,store,を蓄える(動詞)
eiken3,opinion,意見;考え(名詞)
eiken3,lazy,怠け者の(形容詞)
eiken3,discrimination,差別(名詞)
eiken3,root,根(名詞)
eiken3,fold,を折る;折りたたむ(動詞)
eiken3,afraid,恐れて(形容詞)
eiken3,bit,少し(名詞)
eiken3,development,開発(名詞)
eiken3,steam,蒸気(名詞)
eiken3,foolish,愚かな(形容詞)
eiken3,pain,痛み(名詞)
eiken3,chemical,化学物質(名詞)
eiken3,said,言った(動詞)
eiken3,capture,を捕まえる(動詞)
eiken3,tiny,小さな(形容詞)
eiken3,wet,濡れている(形容詞)
eiken3,arrest,を逮捕する(動詞)
eiken3,curious,好奇心の強い(形容詞)
eiken3,unfair,不公平な;不当な(形容詞)
eiken3,strange,奇妙な(形容詞)
eiken3,carefully,注意深く(副詞)
eiken3,tired,疲れて(形容詞)
eiken3,terrible,ひどい(形容詞)
eiken3,accept,を受け入れる(動詞)
eiken3,statue,像(名詞)
eiken3,else,その他に(副詞)
eiken3,law,法律(名詞)
eiken3,site,場所(名詞)
eiken3,decision,決定(名詞)
eiken3,growth,増加(名詞)
eiken3,stationery,文房具(名詞)
eiken3,above,上に;上記の(副詞)
eiken3,stand,を我慢する(動詞)
eiken3,yet,まだ;今のところは(副詞)
eiken3,include,を含む(動詞)
eiken3,hold,握る(動詞)
eiken3,apply,当てはまる(動詞)
eiken3,wake,目が覚める(動詞)
eiken3,bomb,爆弾(名詞)
eiken3,resident,住民;居住者(名詞)
eiken3,audience,聴衆;観客(名詞)
eiken3,brave,勇敢な(形容詞)
eiken3,extinguisher,消火器(名詞)
eiken3,iron,鉄(名詞)
eiken3,trade,貿易(名詞)
eiken3,hall,廊下(名詞)
eiken3,capital,首都(名詞)
eiken3,person,人(名詞)
eiken3,run,を主催する(動詞)
eiken3,flight,飛行(名詞)
eiken3,renewable,再生可能な(形容詞)
eiken3,poem,詩(名詞)
eiken3,donate,を寄付する(動詞)
eiken3,begin,始まる(動詞)
eiken3,nest,巣(名詞)
eiken3,import,を輸入する(動詞)
eiken3,secret,秘密(名詞)
eiken3,given,与えた(形容詞)
eiken3,progress,進歩(名詞)
eiken3,unused,未使用の(形容詞)
eiken3,neither,～も～もない(副詞)
eiken3,wave,波(名詞)
eiken3,yen,円(名詞)
eiken3,debate,討論(名詞)
eiken3,lullaby,子守歌(名詞)
eiken3,feather,羽(名詞)
eiken3,note,紙幣(名詞)
eiken3,awake,目が覚める(形容詞)
eiken3,fall,落ちる;降りる(動詞)
eiken3,crazy,気の狂った(形容詞)
eiken3,discussion,討論(名詞)
eiken3,metal,金属(名詞)
eiken3,relation,関係(名詞)
eiken3,colony,植民地(名詞)
eiken3,airport,空港(名詞)
eiken3,past,過去の(名詞)
eiken3,succeed,成功する(動詞)
eiken3,certain,確かな(形容詞)
eiken3,modern,現代的な(形容詞)
eiken3,affect,に影響を与える(動詞)
eiken3,match,試合(名詞)
eiken3,beyond,を超えた所に(前置詞)
eiken3,even,～さえ(副詞)
eiken3,quietly,静かに;落ち着いて(副詞)
eiken3,blood,血(名詞)
eiken3,signal,信号(名詞)
eiken3,protest,抗議する(動詞)
eiken3,extinction,絶滅(名詞)
eiken3,fantastic,素晴らしい(形容詞)
eiken3,pleased,喜んで(形容詞)
eiken3,uniform,制服(名詞)
eiken3,stranger,他人(名詞)
eiken3,neighbor,隣人(名詞)
eiken3,mean,意味する(動詞)
eiken3,courage,勇気(名詞)
eiken3,eraser,消しゴム(名詞)
eiken3,quarter,4分の1(名詞)
eiken3,leg,脚(名詞)
eiken3,army,陸軍(名詞)
eiken3,language,言語(名詞)
eiken3,universe,宇宙(名詞)
eiken3,solve,を解決する(動詞)
eiken3,effective,効果的な(形容詞)
eiken3,pursue,を追い求める(動詞)
eiken3,step,足元;階段(名詞)
eiken3,well-known,有名な(形容詞)
eiken3,condition,状況(名詞)
eiken3,burden,負担;重荷(名詞)
eiken3,wood,木材(名詞)
eiken3,shade,陰;日陰(名詞)
eiken3,merchant,商人(名詞)
eiken3,son,息子(名詞)
eiken3,heard,聞いた(動詞)
eiken3,sidewalk,歩道(名詞)
eiken3,quiet,静かな(形容詞)
eiken3,billion,10億(名詞)
eiken3,graduation,卒業(名詞)
eiken3,release,を放出する(動詞)
eiken3,heat,熱(名詞)
eiken3,perhaps,多分(副詞)
eiken3,factory,工場(名詞)
eiken3,besides,その上;さらに(接続詞)
eiken3,successful,成功した(形容詞)
eiken3,weapon,武器(名詞)
eiken3,necessary,必要な(形容詞)
eiken3,extend,を広げる(動詞)
eiken3,happiness,幸福(名詞)
eiken3,midnight,真夜中(名詞)
eiken3,consumer,消費者(名詞)
eiken3,depend,頼る(動詞)
eiken3,trust,を信用する(動詞)
eiken3,film,映画(名詞)
eiken3,honest,正直な(形容詞)
eiken3,college,大学(名詞)
eiken3,loss,失うこと;喪失(名詞)
eiken3,front,前(名詞)
eiken3,honey,蜂蜜(名詞)
eiken3,grass,草(名詞)
eiken3,suddenly,突然に(副詞)
eiken3,heart,心(名詞)
eiken3,disaster,災害(名詞)
eiken3,disease,病気(名詞)
eiken3,weak,弱い;かすかな(形容詞)
eiken3,could,できた(助動詞)
eiken3,rapidly,速く;急速に(副詞)
eiken3,charge,を充電する(動詞)
eiken3,meant,意味した(動詞)
eiken3,behavior,ふるまい(名詞)
eiken3,uncomfortable,心地の悪い(形容詞)
eiken3,title,題名;表題(名詞)
eiken3,resource,資源(名詞)
eiken3,ashamed,恥じて(形容詞)
eiken3,image,画像;印象(名詞)
eiken3,mouth,口(名詞)
eiken3,seem,～の様に見える(動詞)
eiken3,north,北(名詞)
eiken3,planet,惑星(名詞)
eiken3,fortunately,幸運にも(副詞)
eiken3,exception,例外(名詞)
eiken3,cloth,服(名詞)
eiken3,certainly,確かに(副詞)
eiken3,surely,確かに(副詞)
eiken3,device,装置(名詞)
eiken3,arm,腕(名詞)
eiken3,treasure,宝物(名詞)
eiken3,just,たった今(副詞)
eiken3,at,～で(前置詞)
eiken3,focus,集中する(動詞)
eiken3,respect,を尊敬する(動詞)
eiken3,somehow,何らかの形で(副詞)
eiken3,mind,精神(名詞)
eiken3,fire,火事(名詞)
eiken3,god,神(名詞)
eiken3,blind,目の見えない(形容詞)
eiken3,forward,前へ(副詞)
eiken3,tear,涙(名詞)
eiken3,employee,従業員(名詞)
eiken3,raw,生の(形容詞)
eiken3,survival,存続;生き残ること(名詞)
eiken3,realize,実現する(動詞)
eiken3,road,道路(名詞)
eiken3,species,種(名詞)
eiken3,lawyer,弁護士(名詞)
eiken3,pretty,かなり(副詞)
eiken3,success,成功(名詞)
eiken3,himself,彼自身を(代名詞)
eiken3,sleepy,眠い(形容詞)
eiken3,quite,かなり;相当(副詞)
eiken3,away,離れて(副詞)
eiken3,scared,怖がって(形容詞)
eiken3,dislike,嫌う(動詞)
eiken3,ahead,前方に(副詞)
eiken3,excuse,許す(動詞)
eiken3,period,時代(名詞)
eiken3,Congratulations.,おめでとう。
eiken2p,available,利用できる;使用可能な(形容詞)
eiken2p,nowadays,最近;近頃(副詞)
eiken2p,gain,得る;獲得する(動詞)
eiken2p,quality,質;特性(名詞)
eiken2p,improve,を改善する;改良する(動詞)
eiken2p,extra,余分の;特別の(形容詞)
eiken2p,clothing,衣料品;服(名詞)
eiken2p,disappoint,がっかりさせる;失望させる(動詞)
eiken2p,originally,はじめは;元々は(副詞)
eiken2p,details,詳細;詳しく説明する(名詞)
eiken2p,melt,溶ける;を溶かす(動詞)
eiken2p,direction,方向;方角(名詞)
eiken2p,injury,怪我;負傷(名詞)
eiken2p,silence,沈黙(名詞)
eiken2p,tight,狭い;締まった(形容詞)
eiken2p,sharp,鋭い;先鋭的な(形容詞)
eiken2p,advantage,有利;利点(名詞)
eiken2p,object,物体;実体(名詞)
eiken2p,add,足し算する;合計する(動詞)
eiken2p,surface,表面;水面(名詞)
eiken2p,knowledge,知識;学識(名詞)
eiken2p,immediately,即座に;直ちに(副詞)
eiken2p,experiment,実験;試み(名詞)
eiken2p,material,材料;原料(名詞)
eiken2p,traffic,交通;運輸(名詞)
eiken2p,reduce,を減らす;縮小する(動詞)
eiken2p,distance,距離;間隔(名詞)
eiken2p,opportunity,機会;好機(名詞)
eiken2p,activity,活動(名詞)
eiken2p,prefer,より好む;好む(動詞)
eiken2p,mention,言及する;参照する(動詞)
eiken2p,impression,印象;感じ(名詞)
eiken2p,item,項目;要点(名詞)
eiken2p,profit,利益;もうけ(名詞)
eiken2p,sink,沈む;沈没する(動詞)
eiken2p,illness,病気;疾患(名詞)
eiken2p,expert,専門家(名詞)
eiken2p,quit,やめる;中止する(動詞)
eiken2p,silly,馬鹿な;愚かな(形容詞)
eiken2p,wealthy,裕福な;豊かな(形容詞)
eiken2p,behave,振る舞う;立ち振舞う(動詞)
eiken2p,decrease,減少する;を減らす/減少(動詞)
eiken2p,divide,を分割する;分ける(動詞)
eiken2p,ignore,を無視する;見逃す(動詞)
eiken2p,organize,を組織する;を編成する(動詞)
eiken2p,overcome,を克服する;乗り越える(動詞)
eiken2p,attract,引きつける;魅了する(動詞)
eiken2p,breathe,呼吸をする(動詞)
eiken2p,confuse,を混乱させる;区別がつかない(動詞)
eiken2p,reserve,を取っておく;を保管する(動詞)
eiken2p,asleep,眠っている;寝ている(形容詞)
eiken2p,rarely,めったに～ない;稀に(副詞)
eiken2p,refrigerator,冷蔵庫(名詞)
eiken2p,apologize,謝る;謝罪する(動詞)
eiken2p,mostly,主に;ほとんど(副詞)
eiken2p,dig,を掘る;採掘する(動詞)
eiken2p,muscle,筋肉;筋力(名詞)
eiken2p,bite,を噛む;かじる(動詞)
eiken2p,treat,を扱う;待遇する(動詞)
eiken2p,rather,むしろ;どちらかといえば(副詞)
eiken2p,apparently,見たらわかる、一見すると(副詞)
eiken2p,discovery,発見;見つけること(名詞)
eiken2p,arrival,到着;到達(名詞)
eiken2p,degree,程度;度(名詞)
eiken2p,achieve,を達成する;到達する(動詞)
eiken2p,attitude,態度;姿勢(名詞)
eiken2p,belief,信念;信条(名詞)
eiken2p,demonstrate,実証する;証明する(動詞)
eiken2p,ancient,古代の;大昔の(形容詞)
eiken2p,formal,正式な;公式の(形容詞)
eiken2p,allow,を許可する;許す(動詞)
eiken2p,article,記事;論文(名詞)
eiken2p,contain,を含む;が入っている(動詞)
eiken2p,temperature,温度;気温(名詞)
eiken2p,hardly,ほとんどない;少ない(副詞)
eiken2p,unable,できない;不能である(形容詞)
eiken2p,argument,議論;口論(名詞)
eiken2p,ancestor,祖先;先祖(名詞)
eiken2p,height,高さ;高度(名詞)
eiken2p,ideal,理想;目指すべき状態(名詞)
eiken2p,popularity,人気;流行(名詞)
eiken2p,agent,代理人;代表者(名詞)
eiken2p,praise,をほめる/賞賛(動詞)
eiken2p,punish,を罰する;懲らしめる(動詞)
eiken2p,negative,否定の;拒否(形容詞)
eiken2p,consist,成り立つ;構成する(動詞)
eiken2p,criticize,を批評する;を評価する(動詞)
eiken2p,promote,を促進する;を推進する(動詞)
eiken2p,recover,回復する;元に戻る(動詞)
eiken2p,translate,を翻訳する;通訳する(動詞)
eiken2p,childhood,子供時代;幼少期(名詞)
eiken2p,accomplish,を成し遂げる;完成する(動詞)
eiken2p,combine,を結合させる;合同する(動詞)
eiken2p,responsible,責任がある;責任が伴う(形容詞)
eiken2p,stomach,腹(名詞)
eiken2p,vision,未来像(名詞)
eiken2p,expansion,拡張;拡大;増幅(名詞)
eiken2p,occur,発生する;起こる(動詞)
eiken2p,solution,解決法;解明(名詞)
eiken2p,ease,容易さ;気楽さ(名詞)
eiken2p,elect,を選出する(動詞)
eiken2p,unit,単位;員数(名詞)
eiken2p,educational,教育の;教授の(形容詞)
eiken2p,manner,やり方;方法(名詞)
eiken2p,suffering,苦しみ;悩み(名詞)
eiken2p,crucial,重要な;決定的な(形容詞)
eiken2p,govern,統治する;支配する(動詞)
eiken2p,enforcement,執行;実施(名詞)
eiken2p,talented,才能のある(形容詞)
eiken2p,research,研究/研究する(名詞)
eiken2p,firm,しっかりした;堅い(形容詞)
eiken2p,community,共同社会;共同体(名詞)
eiken2p,force,力;勢い(名詞)
eiken2p,impressive,印象的な;鮮烈な(形容詞)
eiken2p,salary,給与;報酬(名詞)
eiken2p,deal,を扱う;分配する(動詞)
eiken2p,prompt,即座の;直ちに(形容詞)
eiken2p,vote,投票する/投票権(動詞)
eiken2p,range,範囲;幅(名詞)
eiken2p,vital,極めて重要な;生命の(形容詞)
eiken2p,estate,財産;資産(名詞)
eiken2p,responsibility,責任;義務(名詞)
eiken2p,unknown,未知の;未明らかな(形容詞)
eiken2p,grant,給付金(名詞)
eiken2p,perceive,知覚する;感じる(動詞)
eiken2p,especially,特に;格段に(副詞)
eiken2p,client,顧客(名詞)
eiken2p,mysterious,不可解な;不思議な(形容詞)
eiken2p,steel,鋼鉄;鉄(名詞)
eiken2p,concept,概念;観念(名詞)
eiken2p,nevertheless,にも関わらず;けれども(副詞)
eiken2p,attribute,に帰する(動詞)
eiken2p,prevent,を妨げる;予防する(動詞)
eiken2p,manufacturer,製造元;製造業者(名詞)
eiken2p,effect,効果;影響;結果(名詞)
eiken2p,encounter,遭遇する;出会う(動詞)
eiken2p,accuse,告発する;告発(動詞)
eiken2p,briefly,簡単に;手短に(副詞)
eiken2p,so-called,いわゆる;通称(形容詞)
eiken2p,global,地球の;世界の(形容詞)
eiken2p,lack,不足;欠乏(名詞)
eiken2p,essay,論文;随筆(名詞)
eiken2p,approach,に近づく;接近する(動詞)
eiken2p,bear,我慢する;を圧迫する(動詞)
eiken2p,natural,当然の;自然の(形容詞)
eiken2p,administration,機関;運営(名詞)
eiken2p,production,生産;製造(名詞)
eiken2p,qualify,に資格を与える;認可する(動詞)
eiken2p,intention,意図;目的(名詞)
eiken2p,previously,以前は;前もって(副詞)
eiken2p,fee,料金;手数料(名詞)
eiken2p,nor,もない(接続詞)
eiken2p,negotiation,交渉;話し合い(名詞)
eiken2p,automobile,自動車;乗用車(名詞)
eiken2p,dust,ほこり;塵(名詞)
eiken2p,extremely,極端に;過度に(副詞)
eiken2p,echo,こだま;反響(名詞)
eiken2p,detailed,詳細の;具体的な(形容詞)
eiken2p,maximum,最大;最大の(形容詞)
eiken2p,pan,フライパン(名詞)
eiken2p,improvement,改善;改良(名詞)
eiken2p,genius,天才;才人(名詞)
eiken2p,credit,信用;信頼(名詞)
eiken2p,debt,借金;負債(名詞)
eiken2p,therapy,治療;療法(名詞)
eiken2p,glance,一目見る/一目(名詞)
eiken2p,storage,保管場所;倉庫(名詞)
eiken2p,academic,学術の;大学の(形容詞)
eiken2p,permit,を許可する;を認める(動詞)
eiken2p,concern,心配する;に関係する(動詞)
eiken2p,strain,張る;伸ばす(動詞)
eiken2p,role,役割;職務(名詞)
eiken2p,nowhere,どこにも;どこにでも(副詞)
eiken2p,recent,最近の;新しい(形容詞)
eiken2p,mate,友達;仲間(名詞)
eiken2p,distinguish,を区別する;識別する(動詞)
eiken2p,sophisticated,洗練された;高雅な(形容詞)
eiken2p,upset,気持ちが動揺した;ひっくり返す(形容詞)
eiken2p,disturb,を阻害する;(人の)邪魔をする(動詞)
eiken2p,invest,に投資する;資本をつぎ込む(動詞)
eiken2p,intense,激しい;熱心な(形容詞)
eiken2p,retire,退職する;引退する(動詞)
eiken2p,wildlife,野生動物;野生生物(名詞)
eiken2p,polite,礼儀正しい;丁寧な(形容詞)
eiken2p,entertain,を楽しませる(動詞)
eiken2p,competition,競争(名詞)
eiken2p,inquiry,問い合わせ;質問(名詞)
eiken2p,bind,縛りつける;束ねる(動詞)
eiken2p,passenger,乗客;客(名詞)
eiken2p,meanwhile,一方で;他方で(副詞)
eiken2p,earn,稼ぐ;得る(動詞)
eiken2p,complex,複雑な;複合の(形容詞)
eiken2p,moreover,さらに;その上(副詞)
eiken2p,structure,構造;建造物(名詞)
eiken2p,annoy,いらだたせる;怒らせる(動詞)
eiken2p,influence,影響;影響力;波及/影響を及ぼす(名詞)
eiken2p,detail,詳細;具体的な情報(名詞)
eiken2p,prior,優先の;前の(形容詞)
eiken2p,assessment,評価;査定(名詞)
eiken2p,engaged,に従事して;忙しくして(形容詞)
eiken2p,regret,後悔する/後悔;遺憾(動詞)
eiken2p,court,裁判所;法廷(名詞)
eiken2p,threaten,を脅かす(動詞)
eiken2p,enable,に可能にさせる(動詞)
eiken2p,unfortunately,残念なことに;不幸にも(副詞)
eiken2p,representation,表現;表示(名詞)
eiken2p,procedure,手続き;手順(名詞)
eiken2p,expectation,期待;予想(名詞)
eiken2p,asset,資産;財産(名詞)
eiken2p,dump,投げ捨てる;捨てる(動詞)
eiken2p,citizen,市民;国民(名詞)
eiken2p,occupation,職業;仕事(名詞)
eiken2p,restore,を元に戻す;を修復する(動詞)
eiken2p,significance,重要性;意義(名詞)
eiken2p,flow,流れる;流す(動詞)
eiken2p,failure,失敗;挫折(名詞)
eiken2p,earnings,収益;稼ぎ(名詞)
eiken2p,peer,同僚;仲間(名詞)
eiken2p,strategy,戦略;戦術(名詞)
eiken2p,remarkable,目立った;際立った(形容詞)
eiken2p,heel,かかと;きびす(名詞)
eiken2p,isolate,を孤立させる;隔離する(動詞)
eiken2p,competitive,競争力のある;競争による(形容詞)
eiken2p,typical,典型的な;代表的な(形容詞)
eiken2p,compete,競争する;争う(動詞)
eiken2p,assault,暴行;攻撃(名詞)
eiken2p,conviction,信念;確信(名詞)
eiken2p,bill,請求書;勘定書(名詞)
eiken2p,emphasize,を強調する;力説する(動詞)
eiken2p,immigrant,移民;移住者(名詞)
eiken2p,interpret,を解釈する;受け取る(動詞)
eiken2p,thick,厚い;肥厚な(形容詞)
eiken2p,physics,物理学;物理科学(名詞)
eiken2p,trigger,引き金;誘因(名詞)
eiken2p,status,状態;身分(名詞)
eiken2p,political,政治の(形容詞)
eiken2p,truth,真実;事実(名詞)
eiken2p,partly,部分的に;一部分(副詞)
eiken2p,observe,を観察する;を監視する(動詞)
eiken2p,stream,流れ;水流(名詞)
eiken2p,oppose,反対する;抵抗する(動詞)
eiken2p,conscious,意識して;気をつけて(形容詞)
eiken2p,intend,意図する;意図して(動詞)
eiken2p,operation,操作;作用(名詞)
eiken2p,recommend,を推薦する;を勧める(動詞)
eiken2p,feature,特徴;特性/を目玉とする(名詞)
eiken2p,consideration,考慮;考察(名詞)
eiken2p,diet,食事;食事療法(名詞)
eiken2p,population,人口;国民(名詞)
eiken2p,necessarily,必然的に;必ず(副詞)
eiken2p,whether,どちらか;いずれか(接続詞)
eiken2p,analysis,分析;解析(名詞)
eiken2p,conflict,対立;争い(名詞)
eiken2p,extreme,極端な;過激な(形容詞)
eiken2p,wherever,どこでも;どの場所でも(接続詞)
eiken2p,source,情報源;原因(名詞)
eiken2p,objective,目標;目的(名詞)
eiken2p,rural,田舎の;農村の(形容詞)
eiken2p,headline,見出し;表題(名詞)
eiken2p,analyst,分析者(名詞)
eiken2p,clue,手がかり;糸口(名詞)
eiken2p,controversial,議論の的になる;論争上の(形容詞)
eiken2p,commission,手数料;委任状(名詞)
eiken2p,seek,求める;捜し出す(動詞)
eiken2p,independent,独立した;自立した(形容詞)
eiken2p,proposed,提案した;提供した(形容詞)
eiken2p,theory,理論;学説(名詞)
eiken2p,fellow,仲間;友人(名詞)
eiken2p,elderly,年配の;高齢の(形容詞)
eiken2p,extension,拡張;展開(名詞)
eiken2p,proper,適切な;ふさわしい(形容詞)
eiken2p,enhance,強調する;(さらに)高める(動詞)
eiken2p,due,期限の;納期の(形容詞)
eiken2p,existing,既存の;現存の(形容詞)
eiken2p,expand,拡大する;広がる(動詞)
eiken2p,rebel,反逆者;造反者(名詞)
eiken2p,suffer,を患う;苦しむ(動詞)
eiken2p,democrat,民主主義者;民主派(名詞)
eiken2p,personally,個人的に;本人自ら(副詞)
eiken2p,throughout,至るところに;終始(前置詞)
eiken2p,preserve,保存/を保存する(動詞)
eiken2p,intelligent,かしこい;知能の高い(形容詞)
eiken2p,slide,滑る;滑走する(動詞)
eiken2p,murder,殺人;凶行(名詞)
eiken2p,constantly,常に;いつも(副詞)
eiken2p,drift,漂流;流れる(名詞)
eiken2p,result,結果(名詞)
eiken2p,priority,優先度;優越性(名詞)
eiken2p,joint,継目;関節(名詞)
eiken2p,viewer,観察者;視聴者;監視人(名詞)
eiken2p,satellite,衛星;人工衛星(名詞)
eiken2p,distant,遠く離れた; 遠隔の(形容詞)
eiken2p,delivery,配達;送付(名詞)
eiken2p,anxious,心配した;不安な(形容詞)
eiken2p,towards,の方へ;向かって(前置詞)
eiken2p,significant,重要な;大切な(形容詞)
eiken2p,particular,特定の;明確な(形容詞)
eiken2p,float,浮かぶ(熟語)
eiken2p,criticism,批判;評価(名詞)
eiken2p,appear,現れる;出現する(動詞)
eiken2p,permission,許可;認可(名詞)
eiken2p,virus,ウイルス;病原体(名詞)
eiken2p,deny,を否定する;拒否する(動詞)
eiken2p,valuable,貴重な;価値のある(形容詞)
eiken2p,comprehensive,包括的な;理解力のある(形容詞)
eiken2p,till,まで;至る(接続詞)
eiken2p,properly,適切に;適当に(副詞)
eiken2p,vulnerable,傷つきやすい;繊細(形容詞)
eiken2p,directly,直接;直接的に(副詞)
eiken2p,occupy,占める;取る(動詞)
eiken2p,vary,多様化する;異なる(動詞)
eiken2p,stare,じっと見つめる;しきりに観察する(動詞)
eiken2p,decade,10年間(名詞)
eiken2p,armed,武装した;装備した(形容詞)
eiken2p,fate,運命;宿命(名詞)
eiken2p,convince,を納得させる;説得する(動詞)
eiken2p,criminal,犯罪の;違法の(名詞)
eiken2p,stable,安定した;安泰な(形容詞)
eiken2p,naked,裸の;無防備な(形容詞)
eiken2p,Jewish,ユダヤ人;ユダヤ教徒(形容詞)
eiken2p,senate,上院;上院議会(名詞)
eiken2p,hide,隠す;隠れる(動詞)
eiken2p,recovery,回復;復元(名詞)
eiken2p,bond,拘束;束縛(名詞)
eiken2p,portrait,肖像画;顔の絵(名詞)
eiken2p,intervention,介在;仲裁(名詞)
eiken2p,consistent,一貫した;矛盾のない(形容詞)
eiken2p,investigator,捜査官;探偵(名詞)
eiken2p,normally,通常は;普通に(副詞)
eiken2p,conclude,を締めくくる;終える(動詞)
eiken2p,desire,願望/切望する(名詞)
eiken2p,respond,反応する;と返答する(動詞)
eiken2p,involvement,関与;関わり合い(名詞)
eiken2p,minister,大臣;牧師(名詞)
eiken2p,patch,当て布;布切れ(名詞)
eiken2p,chairman,会長(名詞)
eiken2p,ethnic,民族の;民族特有の(形容詞)
eiken2p,lap,ひざ;膝小僧(名詞)
eiken2p,refer,を参考にする;参照する(動詞)
eiken2p,repair,を修理する;修繕する(動詞)
eiken2p,current,現在の;現行の(形容詞)
eiken2p,obviously,明らかに;明白に(副詞)
eiken2p,ceiling,天井;屋根(名詞)
eiken2p,philosopher,哲学者(名詞)
eiken2p,suicide,自殺;自害(名詞)
eiken2p,social,社会の;共同体の(形容詞)
eiken2p,potential,潜在的な;潜伏している(形容詞)
eiken2p,sum,合計;総計(名詞)
eiken2p,rough,ごつごつした;粗い(形容詞)
eiken2p,fundamental,基本的な;基礎の(形容詞)
eiken2p,association,協会;連合(名詞)
eiken2p,yield,産出する;生ずる(動詞)
eiken2p,politician,政治家;政府要人(名詞)
eiken2p,department,部門;課(名詞)
eiken2p,palm,手のひら;（動物の）前足の裏(名詞)
eiken2p,phenomenon,現象;事象(名詞)
eiken2p,admit,を認める;入ることを許す(動詞)
eiken2p,critical,極めて重要な;非常に大事な(形容詞)
eiken2p,throat,のど;咽喉(名詞)
eiken2p,adapt,に適合させる;調整する(動詞)
eiken2p,largely,主として;主に(副詞)
eiken2p,attempt,試み;試練(名詞)
eiken2p,impress,感銘を与える;感動させる(動詞)
eiken2p,submit,を提出する;に服従する(動詞)
eiken2p,bored,退屈した;つまらない(形容詞)
eiken2p,electric,電気の;電力の(形容詞)
eiken2p,civilized,発達した文明をもつ;教養の高い(形容詞)
eiken2p,combat,戦闘;闘争(名詞)
eiken2p,destruction,破壊;壊滅(名詞)
eiken2p,ally,と同盟する;連合する(動詞)
eiken2p,similarly,同様に;一様に(副詞)
eiken2p,complete,完全な;全部の(形容詞)
eiken2p,complicated,複雑な;繁雑な(形容詞)
eiken2p,mad,狂った;狂気じみた(形容詞)
eiken2p,hate,ひどく嫌う;深く憎む(動詞)
eiken2p,urban,都会の;市内の(形容詞)
eiken2p,reputation,評判;評価(名詞)
eiken2p,phase,段階;レベル(名詞)
eiken2p,philosophy,哲学(名詞)
eiken2p,shooting,撮影;射撃(名詞)
eiken2p,medium,中間の;中央の(形容詞)
eiken2p,contemporary,現在の;現代の(形容詞)
eiken2p,jury,陪審員;審査員(名詞)
eiken2p,huge,巨大な;広大な(形容詞)
eiken2p,awful,ひどい;恐ろしい(形容詞)
eiken2p,examine,を検査する;調査する(動詞)
eiken2p,element,要素;元素(名詞)
eiken2p,mainly,主に;もっぱら(副詞)
eiken2p,exist,存在する;実在する(動詞)
eiken2p,occasion,特定の時;行事;祭典(名詞)
eiken2p,accompany,に付き添う;に同行する(動詞)
eiken2p,virtually,実質的に;事実上(副詞)
eiken2p,withdraw,を撤回する;引き下がる/引き出す(動詞)
eiken2p,leisure,余暇;自由時間(名詞)
eiken2p,representative,代表者;代理人(名詞)
eiken2p,mass,塊;大部分(名詞)
eiken2p,imply,をほのめかす;暗示する(動詞)
eiken2p,mixture,混合物;複合体(名詞)
eiken2p,aware,気づいている;知っている(形容詞)
eiken2p,deputy,代理;代わり(名詞)
eiken2p,overall,全体的な;全部の(形容詞)
eiken2p,roll,転がる; 転ぶ(動詞)
eiken2p,exposure,暴露;さらすこと(名詞)
eiken2p,term,期間;専門用語(名詞)
eiken2p,industry,産業;工業(名詞)
eiken2p,otherwise,さもなければ(副詞)
eiken2p,proud,自慢に思って;誇らしげな(形容詞)
eiken2p,task,仕事;職業(名詞)
eiken2p,concentration,集中;専念(名詞)
eiken2p,suggest,を提案する;勧める(動詞)
eiken2p,derive,を引き出す;取り出す(動詞)
eiken2p,lawn,芝生;草地(名詞)
eiken2p,compose,を構成する;作曲する(動詞)
eiken2p,react,反応する;返答する(動詞)
eiken2p,proportion,比率;割合(名詞)
eiken2p,confident,自信のある;確信している(形容詞)
eiken2p,manufacturing,製造している(動詞)
eiken2p,multiple,掛け算する;乗算する(動詞)
eiken2p,chest,たんす;チェスト(名詞)
eiken2p,authority,権威;権力(名詞)
eiken2p,creature,生き物;生物(名詞)
eiken2p,swear,誓う;宣誓する(動詞)
eiken2p,attractive,魅力的な;興味をそそる(形容詞)
eiken2p,union,統合;一致(名詞)
eiken2p,prisoner,囚人;受刑者(名詞)
eiken2p,expose,明らかにする;明示する(動詞)
eiken2p,therefore,それゆえ;だから(副詞)
eiken2p,prosecutor,検察官;検事(名詞)
eiken2p,present,現在の;出席して(形容詞)
eiken2p,publication,出版物;刊行物(名詞)
eiken2p,dull,面白みのない;鈍い(形容詞)
eiken2p,aspect,局面;側面;表情(名詞)
eiken2p,fair,公平な;平等な(形容詞)
eiken2p,via,～経由で(前置詞)
eiken2p,mayor,市長;町長(名詞)
eiken2p,judgement,判断(名詞)
eiken2p,observer,観察者;傍観者(名詞)
eiken2p,tongue,言葉;舌(名詞)
eiken2p,defendant,被告人;告発される人(名詞)
eiken2p,component,成分(名詞)
eiken2p,declare,を宣言する;公表する(動詞)
eiken2p,squeeze,絞る;押しつぶす(動詞)
eiken2p,maintain,を維持する;保つ(動詞)
eiken2p,passage,一節;節分(名詞)
eiken2p,bitter,苦い;えぐい(形容詞)
eiken2p,whom,誰を(代名詞)
eiken2p,split,割る;裂く(動詞)
eiken2p,capable,可能性がある;才能のある(形容詞)
eiken2p,concrete,具体的な;明確な(形容詞)
eiken2p,remaining,残りの;残余の(形容詞)
eiken2p,dependent,依存している;頼っている(形容詞)
eiken2p,argue,だと主張する;感情的に論じる(動詞)
eiken2p,consequence,結果;影響(名詞)
eiken2p,outcome,結果;成果(名詞)
eiken2p,heritage,遺産;相続財産(名詞)
eiken2p,biological,生物学上の;生物的な(形容詞)
eiken2p,voter,投票者;選挙人(名詞)
eiken2p,landscape,風景;眺め(名詞)
eiken2p,occasionally,時折;稀に(副詞)
eiken2p,practical,実用的な;有用な(形容詞)
eiken2p,wipe,を拭く;拭き取る(動詞)
eiken2p,affair,事柄;問題(名詞)
eiken2p,reward,褒美;報酬(名詞)
eiken2p,gather,を集める;収集する(動詞)
eiken2p,advertise,宣伝する;広告する(動詞)
eiken2p,eventually,結局は;やがて(副詞)
eiken2p,approval,承認;認可(名詞)
eiken2p,commercial,商業の;商取引の(形容詞)
eiken2p,harmful,有害な;害のある(形容詞)
eiken2p,suggestion,提案;案(名詞)
eiken2p,contrast,対照;比較(名詞)
eiken2p,headquarters,本部;中心(名詞)
eiken2p,absorb,を吸収する;吸い取る(動詞)
eiken2p,proposal,提案;勧告(名詞)
eiken2p,historic,由緒のある;歴史に残る(形容詞)
eiken2p,immediate,即座の;瞬時の(形容詞)
eiken2p,knee,膝(名詞)
eiken2p,existence,存在;実在(名詞)
eiken2p,dismiss,を退出させる(動詞)
eiken2p,regional,地方の;地域の(形容詞)
eiken2p,factor,要因;原因(名詞)
eiken2p,constant,絶え間ない;一定の(形容詞)
eiken2p,prayer,祈り;礼拝(名詞)
eiken2p,principle,原理(名詞)
eiken2p,bravely,勇気をもって(副詞)
eiken2p,stimulate,を刺激する;元気づける(動詞)
eiken2p,remind,に思い出させる;に気付かせる(動詞)
eiken2p,proof,証拠(名詞)
eiken2p,appropriate,適当な(形容詞)
eiken2p,deserve,値する;価値がある(動詞)
eiken2p,establishment,設立;創立(名詞)
eiken2p,definition,定義;明確な説明(名詞)
eiken2p,economic,経済の;財政の(形容詞)
eiken2p,convey,伝える;運ぶ(動詞)
eiken2p,partnership,共同;提携(名詞)
eiken2p,attorney,弁護士;代理人(名詞)
eiken2p,index,索引;目次(名詞)
eiken2p,circumstance,状況;環境(名詞)
eiken2p,conversation,会話;対話(名詞)
eiken2p,craft,工芸;技能(名詞)
eiken2p,spill,をこぼす;溢れる(動詞)
eiken2p,reject,拒絶する;断る(動詞)
eiken2p,province,州;地方(名詞)
eiken2p,admission,入場;入場料(名詞)
eiken2p,consumption,消費;消費高(名詞)
eiken2p,bishop,司教;教会の指導者(名詞)
eiken2p,fuel,燃料;燃えやすいもの(名詞)
eiken2p,economy,経済;節約(名詞)
eiken2p,construct,を組み立てる;建設する(動詞)
eiken2p,assistance,支援;手伝い(名詞)
eiken2p,implement,実施する/道具;手段(動詞)
eiken2p,peak,頂上;頂点(名詞)
eiken2p,sculpture,彫刻;彫像(名詞)
eiken2p,various,様々な;多様な(形容詞)
eiken2p,symptom,症状;兆候(名詞)
eiken2p,tribe,部族;種族(名詞)
eiken2p,agriculture,農業;耕作(名詞)
eiken2p,dealer,販売業者;売り手(名詞)
eiken2p,unlike,と異なって;とは違って(前置詞)
eiken2p,treaty,条約(名詞)
eiken2p,comedy,喜劇;茶番(名詞)
eiken2p,absolutely,絶対に;必ず(副詞)
eiken2p,alliance,同盟;協定(名詞)
eiken2p,evil,邪悪な;悪しき(形容詞)
eiken2p,chamber,小部屋;個室(名詞)
eiken2p,suppose,だと思う;と仮定する(動詞)
eiken2p,develop,を発達させる;を開発する(動詞)
eiken2p,entitle,と題する;と名づける(動詞)
eiken2p,significantly,かなり;相当に(副詞)
eiken2p,confidence,自信;信頼(名詞)
eiken2p,whenever,する時はいつでも;する際は常に(接続詞)
eiken2p,rush,突進する;急ぐ;急ぎ(動詞)
eiken2p,female,雌の;女性の(形容詞)
eiken2p,identity,同一性;一致性(名詞)
eiken2p,cooperation,協力;共同作業(名詞)
eiken2p,coalition,連立;連合(名詞)
eiken2p,detect,を検出する;を感知する(動詞)
eiken2p,interior,内部の;内側の(形容詞)
eiken2p,alter,を変える;を改変する(動詞)
eiken2p,retirement,退職;引退(名詞)
eiken2p,sensitive,敏感な;感じやすい(形容詞)
eiken2p,reply,返答する;応答する(動詞)
eiken2p,opposition,反対;対立(名詞)
eiken2p,export,を輸出する;輸送する(動詞)
eiken2p,psychologist,心理学者;精神科学者(名詞)
eiken2p,pension,年金;老後の資金(名詞)
eiken2p,correspondent,特派員(名詞)
eiken2p,duty,職務;関税(名詞)
eiken2p,attach,を貼り付ける;を貼る(動詞)
eiken2p,personality,人格;性格(名詞)
eiken2p,fully,十分に;完全に(副詞)
eiken2p,scheme,計画;企画(名詞)
eiken2p,install,導入する;導く(動詞)
eiken2p,ingredient,材料;原料;成分(名詞)
eiken2p,flood,洪水;氾濫(名詞)
eiken2p,folk,人々;群衆(名詞)
eiken2p,election,選挙;投票(名詞)
eiken2p,despite,にも関わらず;けれども(前置詞)
eiken2p,revolution,革命;変革(名詞)
eiken2p,promotion,昇進;進級(名詞)
eiken2p,industrial,産業の;工業の(形容詞)
eiken2p,dramatic,劇的な;感動的な(形容詞)
eiken2p,lean,傾く;寄りかかる(動詞)
eiken2p,exhibition,展示;展覧(名詞)
eiken2p,compromise,妥協;和解(名詞)
eiken2p,anxiety,心配;不安(名詞)
eiken2p,relevant,関連のある;適切な(形容詞)
eiken2p,observation,観察;観測(名詞)
eiken2p,defeat,負かす;打ち破る(動詞)
eiken2p,surgery,手術;外科(名詞)
eiken2p,reaction,反応;反響(名詞)
eiken2p,abandon,を捨て去る;放棄する(動詞)
eiken2p,crisis,危機;困難(名詞)
eiken2p,comfort,快適さ/慰める(名詞)
eiken2p,wise,賢い;賢明な(形容詞)
eiken2p,sustain,保持する;維持する(動詞)
eiken2p,hire,雇う;採用する(動詞)
eiken2p,slip,滑る(動詞)
eiken2p,entirely,完全に;全く(副詞)
eiken2p,totally,完全に;全く(副詞)
eiken2p,extensive,広範な;広い範囲の(形容詞)
eiken2p,represent,を表す;を代表する(動詞)
eiken2p,employ,雇う;採用する(動詞)
eiken2p,hang,つるす;掛ける(動詞)
eiken2p,context,文脈;背景(名詞)
eiken2p,assumption,想定;仮説(名詞)
eiken2p,civilization,文明;文明社会(名詞)
eiken2p,aid,援助/助ける(名詞)
eiken2p,poll,投票;選挙(名詞)
eiken2p,scientific,科学の;理科の(形容詞)
eiken2p,architect,建築家(名詞)
eiken2p,coast,海岸;沿岸地域(名詞)
eiken2p,evolution,進化;発展(名詞)
eiken2p,recall,呼び戻す;思い出す(動詞)
eiken2p,agreement,同意;賛成(名詞)
eiken2p,county,州;郡(名詞)
eiken2p,nation,国家;国土(名詞)
eiken2p,negotiate,交渉する;協議する(動詞)
eiken2p,depth,深さ(名詞)
eiken2p,astronaut,宇宙飛行士(名詞)
eiken2p,threat,脅威;危機(名詞)
eiken2p,transform,を変える;を改変する(動詞)
eiken2p,method,方法;手段(名詞)
eiken2p,jail,刑務所;拘置所(名詞)
eiken2p,primitive,原始的な;先史的な(形容詞)
eiken2p,emerge,現れる(動詞)
eiken2p,physical,身体の;肉体の(形容詞)
eiken2p,　false,誤った;間違った(形容詞)
eiken2p,highlight,目立たせる;最も明るい部分(動詞)
eiken2p,estimate,を推定する;評価する(動詞)
eiken2p,rational,理性のある(形容詞)
eiken2p,efficient,効率のいい;効率的な(形容詞)
eiken2p,initiative,主導権;自発性(名詞)
eiken2p,recommendation,推薦;推奨(名詞)
eiken2p,according,による;準じて(前置詞)
eiken2p,implication,含み;裏の意味(名詞)
eiken2p,seldom,めったに～しない;稀に(副詞)
eiken2p,pregnant,妊娠している;妊娠中の(形容詞)
eiken2p,society,社会;共同体(名詞)
eiken2p,breath,息;呼吸(名詞)
eiken2p,employer,雇用者;雇い主(名詞)
eiken2p,advertising,広告;宣伝(名詞)
eiken2p,equipment,装置;設備(名詞)
eiken2p,addition,追加;付加(名詞)
eiken2p,visible,目に見える; 可視的(形容詞)
eiken2p,decline,断る;拒否する(動詞)
eiken2p,male,男性;雄(名詞)
eiken2p,suit,適合する;合致する(動詞)
eiken2p,latter,後者の;後半の(形容詞)
eiken2p,merely,単に;ただ(副詞)
eiken2p,appearance,出現;外見(名詞)
eiken2p,fairly,かなり;公平に(副詞)
eiken2p,chapter,章;区切り(名詞)
eiken2p,nearby,近くの;隣近所の(形容詞)
eiken2p,settle,決着させる;解決する(動詞)
eiken2p,contribute,に寄付する;捧げる(動詞)
eiken2p,policy,政策;方針(名詞)
eiken2p,cope,対処する;処理する(動詞)
eiken2p,religion,宗教;信仰(名詞)
eiken2p,conclusion,結論;最終的な判断(名詞)
eiken2p,treatment,扱い;処理(名詞)
eiken2p,alternative,代替物;代案(名詞)
eiken2p,reverse,反対の;裏側の(形容詞)
eiken2p,former,前の;以前の(形容詞)
eiken2p,victim,犠牲者;被害者(名詞)
eiken2p,distinction,区別;相違(名詞)
eiken2p,lab,研究室;研究所(名詞)
eiken2p,literary,文学の;文芸の(形容詞)
eiken2p,feed,えさを与える(名詞)
eiken2p,patient,我慢強い;患者(名詞)
eiken2p,state,状態;状況(名詞)
eiken2p,forever,永遠に;ずっと(副詞)
eiken2p,propose,を提案する;申し出る(動詞)
eiken2p,pleasant,楽しい;愉快な(形容詞)
eiken2p,content,中身;内容;目次(名詞)
eiken2p,superior,より優れた;優越な(形容詞)
eiken2p,pretend,のふりをする;に成りすます(動詞)
eiken2p,unique,他に類を見ない;唯一の(形容詞)
eiken2p,preparation,準備;用意(名詞)
eiken2p,afford,余裕がある;ゆとりがある(動詞)
eiken2p,congress,会議;集会(名詞)
eiken2p,regarding,に関して;について(前置詞)
eiken2p,party,政党;党派(名詞)
eiken2p,finance,財政;財務(名詞)
eiken2p,financial,財政の;財務に関する(形容詞)
eiken2p,intelligently,かしこく(副詞)
eiken2p,describe,を述べる;描写する(動詞)
eiken2p,operate,操作する;操る(動詞)
eiken2p,embrace,を抱きしめる;擁する(動詞)
eiken2p,resistance,抵抗;反対(名詞)
eiken2p,dozen,12の(名詞)
eiken2p,corridor,廊下;通路(名詞)
eiken2p,bend,曲げる(動詞)
eiken2p,strike,叩く;打つ(動詞)
eiken2p,educate,教育する;訓練する(動詞)
eiken2p,fabric,織物;布地(名詞)
eiken2p,clerk,事務員;社員(名詞)
eiken2p,evidence,証拠;証明(名詞)
eiken2p,concentrate,に集中する(動詞)
eiken2p,funding,資金調達;資本集め(名詞)
eiken2p,extraordinary,普通でない;異常な(形容詞)
eiken2p,civilian,民間人;一般市民(名詞)
eiken2p,broadcast,放送する(動詞)
eiken2p,maintenance,持続;保全(名詞)
eiken2p,faith,信頼;信用(名詞)
eiken2p,alike,よく似た;類似の(形容詞)
eiken2p,grammar,文法;文法規則(名詞)
eiken2p,vehicle,乗り物;車(名詞)
eiken2p,remain,のままである;残る(動詞)
eiken2p,benefit,利益/に利益をもたらす(名詞)
eiken2p,length,長さ;延長(名詞)
eiken2p,carbon,炭素;炭素素子(名詞)
eiken2p,fat,太った;肥満した(形容詞)
eiken2p,provision,供給;支給(名詞)
eiken2p,region,地域;領域(名詞)
eiken2p,boundary,境界;限界(名詞)
eiken2p,adopt,を自分のものにする;を取り入れる(動詞)
eiken2p,wisdom,知恵;賢明さ(名詞)
eiken2p,express,表現する;を言い表す(動詞)
eiken2p,brick,れんが;れんが状のもの(名詞)
eiken2p,creation,創造;創作(名詞)
eiken2p,greet,を出迎える;に挨拶する(動詞)
eiken2p,block,を妨げる;を阻害する(動詞)
eiken2p,escape,逃れる;脱走する(動詞)
eiken2p,obtain,を手に入れる;を獲得する(動詞)
eiken2p,gradually,次第に;だんだんに(副詞)
eiken2p,obvious,明白な;明瞭な(形容詞)
eiken2p,innocent,罪のない;無罪の(形容詞)
eiken2p,distribution,分布;配分(名詞)
eiken2p,exactly,正確に;正確で(副詞)
eiken2p,continent,大陸;陸地(名詞)
eiken2p,arms,武器;兵器(名詞)
eiken2p,compound,調合する;調合品を作る(動詞)
eiken2p,public,公共の;共有の(形容詞)
eiken2p,awareness,気づき;認識(名詞)
eiken2p,remove,を取り除く;を除去する(動詞)
eiken2p,opponent,相手;対象(名詞)
eiken2p,neighborhood,近所;近隣(名詞)
eiken2p,council,議会;会議(名詞)
eiken2p,suitable,適した;好都合な(形容詞)
eiken2p,secretary,秘書;秘書官(名詞)
eiken2p,participate,参加する;出席する(動詞)
eiken2p,politics,政治;政策(名詞)
eiken2p,accurate,正確な;的確な(形容詞)
eiken2p,chew,嚙む(動詞)
eiken2p,conventional,従来の;伝統的な(形容詞)
eiken2p,organization,組織;団体;協会(名詞)
eiken2p,desperate,やけくその;軽率な(形容詞)
eiken2p,moral,道徳の;道徳的な(形容詞)
eiken2p,intellectual,知的な;知識に関する(形容詞)
eiken2p,emphasis,強調;重視(名詞)
eiken2p,particularly,特に;とりわけ(副詞)
eiken2p,founder,創設者;創立者(名詞)
eiken2p,consider,について考える;だと見なす(動詞)
eiken2p,emotional,感情の;情緒の(形容詞)
eiken2p,infection,感染(名詞)
eiken2p,identify,を見分ける;識別する(動詞)
eiken2p,demand,要求;需要/を要求する(名詞)
eiken2p,transition,遷移;変遷(名詞)
eiken2p,author,著者;作者(名詞)
eiken2p,considerable,かなりの;相当な(形容詞)
eiken2p,conduct,行為;行動(名詞)
eiken2p,broad,広い;拡大する(形容詞)
eiken2p,physician,医師;内科医(名詞)
eiken2p,persuade,を説得する;口説き落とす(動詞)
eiken2p,achievement,達成;成就(名詞)
eiken2p,witness,目撃者;証人/を目撃する(名詞)
eiken2p,federal,連邦の;連邦制の(形容詞)
eiken2p,associate,結びつけて考える;賛同する(動詞)
eiken2p,aim,ねらいをつける;狙う(動詞)
eiken2p,deficit,赤字;欠損(名詞)
eiken2p,activist,行動主義者;活動家(名詞)
eiken2p,primary,最初の;初めての(形容詞)
eiken2p,joy,喜び;歓喜(名詞)
eiken2p,inspector,検査官;監査人(名詞)
eiken2p,previous,前の;以前の(形容詞)
eiken2p,variation,変化;変動(名詞)
eiken2p,stupid,馬鹿な;愚かな(形容詞)
eiken2p,poverty,貧困;貧乏;困窮(名詞)
eiken2p,appeal,訴える;告発する;告訴する(動詞)
eiken2p,substance,物質;実態(名詞)
eiken2p,regulation,規制;規定(名詞)
eiken2p,bare,裸の;露出の(形容詞)
eiken2p,suspect,疑う;だと思う(動詞)
eiken2p,battery,電池;蓄電池(名詞)
eiken2p,income,所得;収入(名詞)
eiken2p,fault,欠点;短所(名詞)
eiken2p,tissue,組織(名詞)
eiken2p,percentage,割合;比率(名詞)
eiken2p,brief,短い;短時間の(形容詞)
eiken2p,useless,役に立たない;むだな(形容詞)
eiken2p,predict,を予想する;を予測する(動詞)
eiken2p,personnel,人事;職員(名詞)
eiken2p,sudden,突然の;急な(形容詞)
eiken2p,transfer,を移す;を転送する(動詞)
eiken2p,solid,固い;固形の(形容詞)
eiken2p,mess,混乱;錯乱;無秩序(名詞)
eiken2p,flee,逃げる;逃走する(動詞)
eiken2p,drain,排出させる;排水をする(動詞)
eiken2p,remark,ことば(名詞)
eiken2p,lecture,講義(名詞)
eiken2p,resolution,解決;決意(名詞)
eiken2p,advocate,提唱する;主張する(動詞)
eiken2p,bet,賭ける;博打をする(動詞)
eiken2p,characteristic,特有の;独特の(形容詞)
eiken2p,education,教育;指導(名詞)
eiken2p,whatever,なんでも;何もかも(代名詞)
eiken2p,cause,原因/の原因となる(名詞)
eiken2p,commitment,約束;委託(名詞)
eiken2p,temporary,一時的な;短期的な(形容詞)
eiken2p,involve,を含む;を巻き込む(動詞)
eiken2p,meal,食事;食事療法(名詞)
eiken2p,replace,を取り換える;を交換する(動詞)
eiken2p,expression,表現;言い回し(名詞)
eiken2p,investor,投資家;投資者(名詞)
eiken2p,humanity,人間;人間性(名詞)
eiken2p,majority,大多数;多数派(名詞)
eiken2p,possess,を所有する(動詞)
eiken2p,contribution,寄付;貢献(名詞)
eiken2p,frequently,頻繁に; たびたび(副詞)
eiken2p,shrug,肩をすくめる;無視する(動詞)
eiken2p,operator,操作者;操縦者(名詞)
eiken2p,slightly,わずかに;少し(副詞)
eiken2p,interpretation,解釈;通訳(名詞)
eiken2p,rely,頼る;依存する(動詞)
eiken2p,reduction,削減;減少(名詞)
eiken2p,purchase,を購入する/購入(動詞)
eiken2p,summit,頂上;山頂(名詞)
eiken2p,hell,地獄;奈落(名詞)
eiken2p,typically,典型的に;一般的に(副詞)
eiken2p,admire,を賞賛する;を賛美する(動詞)
eiken2p,literature,文学;文芸(名詞)
eiken2p,issue,問題;（雑誌などの）号(名詞)
eiken2p,rent,家賃;賃料(名詞)
eiken2p,widely,広範囲に;多くの範囲に(副詞)
eiken2p,satisfaction,満足;充足(名詞)
eiken2p,rub,こする;さする(動詞)
eiken2p,completely,完全に;全く(副詞)
eiken2p,disappear,消える;見えなくなる(動詞)
eiken2p,inflation,膨張;拡大(名詞)
eiken2p,calculate,計算する;算出する(動詞)
eiken2p,determine,を決める;を定める(動詞)
eiken2p,Mexican,メキシコの;メキシコ系の(形容詞)
eiken2p,crop,収穫物;作物(名詞)
eiken2p,prosecution,起訴;告訴(名詞)
eiken2p,toe,つま先;足の指(名詞)
eiken2p,seize,つかむ;把握する(動詞)
eiken2p,imagination,想像;仮想(名詞)
eiken2p,governor,知事;州知事(名詞)
eiken2p,curiosity,好奇心;探究心(名詞)
eiken2p,tail,尾;尾部(名詞)
eiken2p,except,を除いて;除外して(前置詞)
eiken2p,string,紐;糸(名詞)
eiken2p,appoint,任命する;指定する(動詞)
eiken2p,military,軍隊;兵力(名詞)
eiken2p,conference,会議;対話(名詞)
eiken2p,explanation,説明;解説(名詞)
eiken2p,atmosphere,雰囲気;気候(名詞)
eiken2p,toward,向かって;のほうへ(前置詞)
eiken2p,examination,試験;実験(名詞)
eiken2p,strongly,強く;激しく(副詞)
eiken2p,fear,を恐れる;恐がる/恐れ(名詞)
eiken2p,ability,能力;力量(名詞)
eiken2p,weight,重さ;体重(名詞)
eiken2p,exclude,除く;排除する(動詞)
eiken2p,discipline,しつけ;規律(名詞)
eiken2p,potentially,潜在的に;可能性として(副詞)
eiken2p,extent,程度;大きさ(名詞)
eiken2p,settlement,移住;定住(名詞)
eiken2p,enormous,非常に大きい;極端に大きい(形容詞)
eiken2p,presence,存在;存在感(名詞)
eiken2p,rapid,急速な;急激な(形容詞)
eiken2p,basis,土台;根拠(名詞)
eiken2p,commander,司令官;指揮官(名詞)
eiken2p,radical,急進的な;抜本的な(形容詞)
eiken2p,individual,個人の;個々の(形容詞)
eiken2p,journal,日誌;日記(名詞)
eiken2p,avoid,を避ける;を回避する(動詞)
eiken2p,stake,くい;掛け金(名詞)
eiken2p,possibly,ひょっとすると;もしかしたら(副詞)
eiken2p,likely,起こりそうな;可能性がある(形容詞)
eiken2p,entertainment,娯楽;楽しみ(名詞)
eiken2p,opposite,反対の;向こう側の(形容詞)
eiken2p,district,地域;地区(名詞)
eiken2p,pitch,投げる;放る(動詞)
eiken2p,historical,歴史上の;過去の(形容詞)
eiken2p,bullet,弾丸(名詞)
eiken2p,revenue,収益;所得(名詞)
eiken2p,democracy,民主主義;民主制度(名詞)
eiken2p,legislation,立法;法制定(名詞)
eiken2p,breast,胸部;胸(名詞)
eiken2p,actual,現実の;事実の(形容詞)
eiken2p,eager,強く望んでいる;切望している(形容詞)
eiken2p,proverb,ことわざ(名詞)
eiken2p,psychological,心理的な;精神的な(形容詞)
eiken2p,refugee,難民;避難者(名詞)
eiken2p,origin,起源;由来(名詞)
eiken2p,notion,考え;意見(名詞)
eiken2p,initially,最初は;初めて(副詞)
eiken2p,doubt,疑い;疑問(名詞)
eiken2p,sigh,ため息をつく;溜め息をつく(動詞)
eiken2p,laboratory,実験室;研究所(名詞)
eiken2p,delight,喜び;歓喜(名詞)
eiken2p,shortly,まもなく;近々(副詞)
eiken2p,universal,普遍的な;万能の(形容詞)
eiken2p,labor,労働;労働者(名詞)
eiken2p,entire,全体の;全部の(形容詞)
eiken2p,arise,起こる;現れる(動詞)
eiken2p,incorporate,合体させる;統合する(動詞)
eiken2p,mere,単なる;ただの(形容詞)
eiken2p,agenda,議題(名詞)
eiken2p,terror,恐怖;恐れ(名詞)
eiken2p,truly,真に;正確に(副詞)
eiken2p,favor,親切な行為;好意(名詞)
eiken2p,recession,不況;後退(名詞)
eiken2p,aircraft,航空機;飛行機(名詞)
eiken2p,prison,刑務所(名詞)
eiken2p,anniversary,～周年;記念日(名詞)
eiken2p,possibility,可能性;実現性(名詞)
eiken2p,sequence,連続;継続(名詞)
eiken2p,slight,かすかな;わずかの(形容詞)
eiken2p,inform,情報を与える;に知らせる(動詞)
eiken2p,investigation,調査;研究(名詞)
eiken2p,depression,落ち込み;不景気(名詞)
eiken2p,unless,でない限り;除いて(接続詞)
eiken2p,necessity,必要性;必須(名詞)
eiken2p,supreme,最高の;至高の(形容詞)
eiken2p,severe,厳しい;厳格な(形容詞)
eiken2p,bloody,血の;血液の(形容詞)
eiken2p,apart,離れて;遠くに(副詞)
eiken2p,cast,投げる;放る(動詞)
eiken2p,trading,取引(名詞)
eiken2p,path,小道;細道(名詞)
eiken2p,appreciate,感謝する;ありがたがる(動詞)
eiken2p,crack,裂け目;ひび(名詞)
eiken2p,hesitate,ためらう;躊躇する(動詞)
eiken2p,contrary,反対の;逆の(形容詞)
eiken2p,depending,依存している;依存状態(動詞（現在分詞）)
eiken2p,household,家族;世帯(名詞)
eiken2p,laughter,笑い;笑顔(名詞)
eiken2p,teenager,十代;少年期(名詞)
eiken2p,crime,犯罪;罪行(名詞)
eiken2p,frighten,怖がらせる;恐れさせる(動詞)
eiken2p,mortgage,抵当;担保(名詞)
eiken2p,indicate,を指し示す(動詞)
eiken2p,stroke,打撃;衝撃(名詞)
eiken2p,shortage,不足;欠乏(名詞)
eiken2p,explore,探索する;調査する(動詞)
eiken2p,property,財産;所有物(名詞)
eiken2p,freeze,凍る;氷結(動詞)
eiken2p,closely,綿密に;詳細に(副詞)
eiken2p,venture,冒険的事業;投機的事業(名詞)
eiken2p,account,銀行口座(名詞)
eiken2p,internal,内部の;内側の(形容詞)
eiken2p,edge,端;縁(名詞)
eiken2p,environmental,環境の;自然環境の(形容詞)
eiken2p,plenty,たくさん;多く(名詞)
eiken2p,amendment,修正;改訂(名詞)
eiken2p,fiber,繊維;糸(名詞)
eiken2p,somewhat,いくぶん;いくらか(副詞)
eiken2p,restriction,制限;限定(名詞)
eiken2p,publish,を出版する;発行する(動詞)
eiken2p,expense,費用;出費;犠牲(名詞)
eiken2p,similar,似ている;類似の(形容詞)
eiken2p,pollution,汚染;汚れ;汚染物(名詞)
eiken2p,foundation,土台;根拠;設立(名詞)
eiken2p,compare,を比較する;をたとえる(動詞)
eiken2p,furthermore,さらに;その上(副詞)
eiken2p,consume,を消費する;消耗する(動詞)
eiken2p,employment,雇用;採用(名詞)
eiken2p,betray,を裏切る;をだます(動詞)
eiken2p,portable,持ち運べる;携帯用の(形容詞)
eiken2p,construction,建設;構造;建造物(名詞)
eiken2p,convert,を変える;転換する(動詞)
eiken2p,provide,を供給する;提供する(動詞)
eiken2p,currency,通貨;流通(名詞)
eiken2p,additionally,加えて;さらに;追加で(副詞)
eiken2p,preserved,保存された;保管された(形容詞)
eiken2p,analyze,を分析する;分解する(動詞)
eiken2p,sympathy,同情;思いやり(名詞)
eiken2p,flexibility,しなやかさ;弾力性;柔軟性(名詞)
eiken2p,manage,何とかうまくやる;管理を行う(動詞)
eiken2p,artificial,人工的な;人造の(形容詞)
eiken2p,measure,措置;測るもの/を測る(動詞)
eiken2p,fertilizer,肥料;育成剤(名詞)
eiken2p,tolerate,に耐える;寛大に取り扱う(動詞)
eiken2p,journey,旅;旅行(名詞)
eiken2p,cell,細胞;マス目(名詞)
eiken2p,annually,毎年の;年一回ずつ(副詞)
eiken2p,embarrass,を恥ずかしがらせる;を恥じさせる(動詞)
eiken2p,enlarge,を拡大する;を広げる(動詞)
eiken2p,brilliant,優れた;光り輝く(形容詞)
eiken2p,frequent,頻繁な;しばしば起こる(形容詞)
eiken2p,gravity,重力;引力(名詞)
eiken2p,rare,まれな;珍しい(形容詞)
eiken2p,locate,見つける;位置を突きとめる(動詞)
eiken2p,politely,丁寧に;礼儀正しく(副詞)
eiken2p,accidentally,誤って;知らずに(副詞)
eiken2p,appointment,予定;約束(名詞)
eiken2p,luxury,贅沢な/贅沢(名詞)
eiken2p,replacement,置換;代替(名詞)
eiken2p,imitate,模倣する;真似る(動詞)
eiken2p,assignment,割り当て;配分(名詞)
eiken2p,instrument,楽器;音楽器具(名詞)
eiken2p,arrange,整える;を配置する(動詞)
eiken2p,composer,作曲;楽曲制作(名詞)
eiken2p,furniture,家具;調度品(名詞)
eiken2p,sufficient,十分な;足りている(形容詞)
eiken2p,barely,かろうじて;やっと(副詞)
eiken2p,delete,を削除する;消す(動詞)
eiken2p,urgent,緊急の;急を要する(形容詞)
eiken2p,generous,気前のよい;寛容な(形容詞)
eiken2p,cruel,残酷な;ひどい(形容詞)
eiken2p,celebration,お祝い;祝典(名詞)
eiken2p,reflection,反響;反射(名詞)
eiken2p,whisper,ささやく;を耳打ちする(動詞)
eiken2p,deposit,お金を預ける;を預金する(動詞)
eiken2p,apology,謝罪;お詫び(名詞)
eiken2p,deceive,を欺く;をだます(動詞)
eiken2p,endure,を我慢する;耐える(動詞)
eiken2p,disposal,処理;処分(動詞)
eiken2p,statistics,統計;数字(名詞)
eiken2p,terminal,終りの;末端の(形容詞)
eiken2p,formation,形成;構成(名詞)
eiken2p,envelope,封筒;封書(名詞)
eiken2p,quarrel,喧嘩;口論;言い争い(名詞)
eiken2p,luckily,幸いなことに;幸運にも(副詞)
eiken2p,ankle,足首;くるぶし(名詞)
eiken2p,active,活動的な;活気のある(形容詞)
eiken2p,lesser,より少ない;いっそう少ない(形容詞)
eiken2p,immune,免疫の;免疫のある(形容詞)
eiken2p,disorder,無秩序;混乱(名詞)
eiken2p,mental,精神の;心の(形容詞)
eiken2p,exceptionally,例外的に;非常に(副詞)
eiken2p,collapse,崩壊する;つぶれる(動詞)
eiken2p,insult,を侮辱する;を罵る(動詞)
eiken2p,isolated,孤立した;隔離された(形容詞)
eiken2p,punctual,規則正しい;時間通りの(形容詞)
eiken2p,frightened,恐ろしかった;怖かった(形容詞)
eiken2p,guarantee,を保証する/保証(動詞)
eiken2p,blame,を非難する;批判する(動詞)
eiken2p,violate,違反する;破る(動詞)
eiken2p,delay,を遅らせる;先延ばしにする(動詞)
eiken2p,immigrate,移住する;移転する(動詞)
eiken2p,instinct,直感;本能;勘(名詞)
eiken2p,strangely,不思議なことに;奇妙に(副詞)
eiken2p,chase,を追跡する;追いかける/追跡(動詞)
eiken2p,pour,を注ぐ;激しく降る(動詞)
eiken2p,brightness,輝度;明るさ(名詞)
eiken2p,indoor,室内/屋内の(形容詞)
eiken2p,specific,具体的な;特定の(形容詞)
eiken2p,symmetry,対称;左右対称(名詞)
eiken2p,copyright,著作権;版権(名詞)
eiken2p,director,監督;指導者;役員(名詞)
eiken2p,garbage,生ゴミ;くず(名詞)
eiken2p,environmentally,環境的に;情勢的に(副詞)
eiken2p,process,過程;手順/を加工処理する(名詞)
eiken2p,harm,害;危害/を害する(名詞)
eiken2p,unbelievable,信じられない;信じがたい(形容詞)
eiken2p,arrogant,傲慢な;横柄な(形容詞)
eiken2p,harbor,港;港湾(名詞)
eiken2p,temper,気性;かんしゃく(名詞)
eiken2p,legend,伝説;言い伝え(名詞)
eiken2p,vague,漠然とした;あいまいな(形容詞)
eiken2p,harvest,収穫/を収穫する(動詞)
eiken2p,ruin,を台無しにする;破滅する/破滅(動詞)
eiken2p,launch,発売する;船をおろす(動詞)
eiken2p,refuse,を拒否する;拒む(動詞)
eiken2p,overtake,追い越す;追いつく(動詞)
eiken2p,restrict,を制限する;を限定する(動詞)
eiken2p,stock,株;在庫/を在庫に持つ(名詞)
eiken2p,competitor,競合他社;競争相手(名詞)
eiken2p,spectator,観客;見物人(名詞)
eiken2p,explorer,冒険者;探検家(名詞)
eiken2p,equal,同等;等しい(形容詞)
eiken2p,leftover,残り物;食べ残し(名詞)
eiken2p,efficiency,効率;能率(名詞)
eiken2p,arrangement,配置;配列(名詞)
eiken2p,prescription,処方;処方箋(名詞)
eiken2p,generously,惜しみなく;気前よく(副詞)
eiken2p,deadline,締め切り;期限(名詞)
eiken2p,temporarily,一時的に;仮に(副詞)
eiken2p,fund,基金;資金(名詞)
eiken2p,overlap,重ねる;積む(動詞)
eiken2p,collaboration,共同;共作;協力(名詞)
eiken2p,detective,探偵;刑事;捜査官(名詞)
eiken2p,modify,を変更する;を修正する(動詞)
eiken2p,stir,をかき混ぜる; 混ぜる(動詞)
eiken2p,orbit,軌道; 軌跡(名詞)
eiken2p,emotionally,感情的に; 情緒的に(副詞)
eiken2p,evaluate,評価する;見積もる(動詞)
eiken2p,prospect,見込み;眺め(名詞)
eiken2,produce,を生産する;産出する(動詞)
eiken2,defend,を守る;保護する(動詞)
eiken2,angle,角度; 角(名詞)
eiken2,payment,支払い;支出(名詞)
eiken2,publisher,出版社;出版会社(名詞)
eiken2,dizzy,めまいがする;ふらふらする(形容詞)
eiken2,postpone,を延期する;を先送りする(動詞)
eiken2,justify,正当化する;合理化する(動詞)
eiken2,fulfill,満たす;充足する(動詞)
eiken2,capacity,容量;容積(名詞)
eiken2,doubtfully,疑わしく;怪しい(副詞)
eiken2,permanently,恒久的に;永遠に(副詞)
eiken2,medical,医学の;医療の(形容詞)
eiken2,critics,評論家;批評家(名詞)
eiken2,explorers,探検家;冒険家(名詞)
eiken2,obstacle,障害;妨害(名詞)
eiken2,participant,参加者;出席者(名詞)
eiken2,jealously,嫉妬深く;妬み深く(副詞)
eiken2,reliable,信頼性のある;あてになる(形容詞)
eiken2,precious,貴重な;大切な(形容詞)
eiken2,vaccine,ワクチン;予防接種(名詞)
eiken2,checkup,健康診断;照合(名詞)
eiken2,inconvenience,不便;不自由(名詞)
eiken2,unusually,異常に;めったにないほど(副詞)
eiken2,genetically,遺伝的に;生まれながら(副詞)
eiken2,major,専攻科目;主要科目(名詞)
eiken2,offensive,攻撃的な;無礼な(形容詞)
eiken2,abrupt,突然の;不意の(形容詞)
eiken2,familiar,見慣れた;よく知られた(形容詞)
eiken2,distributor,卸売業者;問屋(名詞)
eiken2,publicity,宣伝;周知(名詞)
eiken2,separation,分離;区分(名詞)
eiken2,reuse,を再利用する;再使用する(動詞)
eiken2,illustrate,を説明する;を例示する(動詞)
eiken2,voluntarily,自発的に;自ら進んで(副詞)
eiken2,consciously,意識的に;故意に(副詞)
eiken2,approximately,約;おおよそ(副詞)
eiken2,peacefully,平和的に;穏やかに(副詞)
eiken2,whistle,口笛を吹く;口笛をする(動詞)
eiken2,voyage,航海;航行(名詞)
eiken2,envy,妬み;羨望(名詞)
eiken2,exaggerate,を誇張する;大げさに言う(動詞)
eiken2,transportation,交通;輸送(名詞)
eiken2,recognize,を認識する;はっきりと知る(動詞)
eiken2,expired,期限切れの;契約の切れた(形容詞)
eiken2,renew,を更新する;新しくする(動詞)
eiken2,unexpected,意外な;突然の(形容詞)
eiken2,humidity,湿度;湿気(名詞)
eiken2,exact,ちょうど;正確な(形容詞)
eiken2,warm,暖かい;温暖な(形容詞)
eiken2,inside,中身;内部(副詞)
eiken2,ill,病気で;気分の悪い(形容詞)
eiken2,relative,相対的な;比較上の;親戚(形容詞)
eiken2,poison,毒;毒物(名詞)
eiken2,container,容器;入れ物(名詞)
eiken2,dedicate,に専念する;奉納する(動詞)
eiken2,amuse,楽しませる;娯楽を提供する(動詞)
eiken2,sphere,球;球体(名詞)
eiken2,revenge,に復讐する/復讐(名詞)
eiken2,suspicious,疑わしい;怪しい(形容詞)
eiken2,delicate,繊細な;きめ細かい(形容詞)
eiken2,welfare,福祉;幸福(名詞)
eiken2,interrupt,割り込む;中断する(動詞)
eiken2,leisurely,のんびりした;気の長い(形容詞)
eiken2,substitute,代用品/代わりに用いる(名詞)
eiken2,peel,皮;表皮(名詞)
eiken2,hospitality,おもてなし;歓待(名詞)
eiken2,tragedy,悲劇;悲惨な出来事(名詞)
eiken2,instruct,指示する;教える(動詞)
eiken2,rug,じゅうたん;敷き物(名詞)
eiken2,digest,要約/消化する(名詞/動詞)
eiken2,vocabulary,単語;語彙(名詞)
eiken2,strengthen,強化する;増強する(動詞)
eiken2,ignorance,無知;無学(名詞)
eiken2,pronunciation,発音;発声(名詞)
eiken2,invention,発明;創造(名詞)
eiken2,commute,通勤する;取り替える(動詞)
eiken2,incident,出来事;事件(名詞)
eiken2,yell,大声で叫ぶ;大声を出す(動詞)
eiken2,sneeze,くしゃみ/くしゃみをする(名詞/動詞)
eiken2,twist,ねじれ;より合わせる(名詞/動詞)
eiken2,civilize,文明化する;開化させる(動詞)
eiken2,impose,を課す;負わせる(動詞)
eiken2,parliament,議会;国会(名詞)
eiken2,acquaint,知らせる(動詞)
eiken2,mindful,気をつけて;注意深く(形容詞)
eiken2,incredible,信じられない;信じがたい(形容詞)
eiken2,objection,異議;反対(名詞)
eiken2,outstanding,並外れた;目立った(形容詞)
eiken2,adequate,適切で;十分な(形容詞)
eiken2,mildly,穏やかに;静かに(副詞)
eiken2,scar,傷跡;痕跡(名詞)
eiken2,hesitantly,躊躇して;もじもじして(副詞)
eiken2,prove,を証明する;立証する(動詞)
eiken2,insurance,保険;保障(名詞)
eiken2,generation,世代;年代(名詞)
eiken2,irritate,イライラさせる;怒らせる(動詞)
eiken2,tourism,観光;観覧(名詞)
eiken2,commit,専念;ゆだねる(動詞)
eiken2,differ,異なる;違う(動詞)
eiken2,limb,手足;四肢(名詞)
eiken2,psychology,心理学;精神科学(名詞)
eiken2,cough,咳払いする/咳(名詞/動詞)
eiken2,sincerely,心から;真心こめて(副詞)
eiken2,spiritually,精神的に;心の中で(副詞)
eiken2,confess,を打ち明ける;白状する(動詞)
eiken2,reservation,予約;確保(名詞)
eiken2,translation,翻訳;訳文(名詞)
eiken2,disadvantage,不利益;不利な立場;損失(名詞)
eiken2,objectively,客観的に;冷静に(副詞)
eiken2,innocently,無邪気に;素直に(副詞)
eiken2,location,位置;場所(名詞)
eiken2,oxygen,酸素(名詞)
eiken2,neglect,を無視する;放っておく(動詞)
eiken2,donation,寄贈;寄付(名詞)
eiken2,exhibit,示す;表示する(動詞)
eiken2,principal,主要な;基本的な(形容詞)
eiken2,product,製品;商品(名詞)
eiken2,persuasion,説得;口説き(名詞)
eiken2,migrate,移行する;移住する(動詞)
eiken2,logical,論理的な;論理上の(形容詞)
eiken2,accuracy,正確さ;精密(名詞)
eiken2,laundry,洗濯物;クリーニング店(名詞)
eiken2,intensive,集中的な;強調の(形容詞)
eiken2,budget,予算;経費(名詞)
eiken2,mummy,ミイラ;乾燥死体(名詞)
eiken2,dizziness,めまい;立ち眩み(名詞)
eiken2,liquid,液体;流体(名詞)
eiken2,applause,拍手かっさい;称賛(名詞)
eiken2,ridiculous,ばかげている;不合理な(形容詞)
eiken2,mammal,哺乳類(名詞)
eiken2,fossil,化石;遺跡(名詞)
eiken2,precise,正確な;的確な(形容詞)
eiken2,visually,視覚的に;目で見て(副詞)
eiken2,terribly,ひどく;ものすごく(副詞)
eiken2,astonish,ひどく驚かす;驚かせる(動詞)
eiken2,distract,気を散らす;気をそらす(動詞)
eiken2,frown,しかめっ面;顔をしかめる(名詞/動詞)
eiken2,figure,形;姿(名詞)
eiken2,inspire,鼓舞する;励ます(動詞)
eiken2,accomplishment,完成;成果(名詞)
eiken2,suburb,郊外;近郊(名詞)
eiken2,drag,引っ張る;引きずる(動詞)
eiken2,mineral,無機物;非生物(名詞)
eiken2,tremble,震える;おののく(動詞)
eiken2,genuine,本物の;純粋な(形容詞)
eiken2,needlessly,不必要に;無用に(副詞)
eiken2,deaf,耳が不自由な;耳が聞こえない(形容詞)
eiken2,masterpiece,傑作;名作(名詞)
eiken2,deliver,配達する;届ける(動詞)
eiken2,create,創造する;考案する(動詞)
eiken2,tropical,熱帯の;熱帯気候の(形容詞)
eiken2,agricultural,農業の;農作物の(形容詞)
eiken2,altogether,完全に;まったく(副詞)
eiken2,quantity,量;数値(名詞)
eiken2,insist,強く主張する;断言する(動詞)
eiken2,hesitation,ためらい;躊躇(名詞)
eiken2,illustration,図解;実例(名詞)
eiken2,expect,予期する;予想する(動詞)
eiken2,thermometer,温度計;気温計(名詞)
eiken2,advertisement,広告;宣伝(名詞)
eiken2,investigate,調査する;研究する(動詞)
eiken2,description,説明書;記述(名詞)
eiken2,punishment,罰;罰則(名詞)
eiken2,flame,火炎;炎(名詞)
eiken2,ambulance,救急車;救援車(名詞)
eiken2,impossible,不可能な;実現不可能な(形容詞)
eiken2,immigration,移住;入国管理(名詞)
eiken2,vain,うぬぼれの強い;自惚れた(形容詞)
eiken2,affection,愛情;好意(名詞)
eiken2,academically,学問的に;知識的に(副詞)
eiken2,dentist,歯医者;歯科医(名詞)
eiken2,cling,くっつく;接着する(動詞)
eiken2,clip,切る;切り取る/クリップ(動詞)
eiken2,relieve,和らげる;軽減する(動詞)
eiken2,historian,歴史家;史学者(名詞)
eiken2,mature,成熟した;大人の(形容詞)
eiken2,democratic,民主主義の;民主政治の(形容詞)
eiken2,abstract,抽象的な;非具体的な(形容詞)
eiken2,excess,過剰;超過(名詞)
eiken2,numerous,多数の;多くの(形容詞)
eiken2,harmony,調和;一致(名詞)
eiken2,trait,特性;特色(名詞)
eiken2,assess,評価する;査定する(動詞)
eiken2,troop,群れ;集団(名詞)
eiken2,output,生産量;製造量(名詞)
eiken2,assist,手伝う;促進する(動詞)
eiken2,welcome,歓迎される;迎えられる(動詞)
eiken2,ensure,を確実にする;を保証する(動詞)
eiken2,classical,古典の;古代の(形容詞)
eiken2,anger,怒り;憤り(名詞)
eiken2,virtue,徳;道徳(名詞)
eiken2,seat,を着席させる/座席(動詞)
eiken2,tap,軽くたたく;軽く打つ(動詞)
eiken2,tremendous,非常に大きな;極めて大きい(形容詞)
eiken2,committee,委員会;会議(名詞)
eiken2,grand,壮大な;雄大な(形容詞)
eiken2,guide,案内人/案内する(名詞)
eiken2,vessel,容器;器(名詞)
eiken2,interfere,に干渉する;介入する(動詞)
eiken2,patience,辛抱強さ;忍耐力(名詞)
eiken2,annual,毎年の;年毎の(形容詞)
eiken2,myth,神話;神話伝説(名詞)
eiken2,practically,実質的に;実用的に(副詞)
eiken2,elaborate,手の込んだ;複雑な(形容詞)
eiken2,motive,動機;意欲(名詞)
eiken2,minimum,最小の;最も小さな(形容詞)
eiken2,commissioner,委員;理事(名詞)
eiken2,technical,技術上の;専門的な(形容詞)
eiken2,similarity,類似点;相似(名詞)
eiken2,hunger,飢え;空腹(名詞)
eiken2,perception,知覚;認知(名詞)
eiken2,leap,飛び跳ねる;飛び越える(動詞)
eiken2,candidate,候補者;志願者(名詞)
eiken2,mystery,神秘的な/神秘(名詞)
eiken2,dignity,威厳;尊厳(名詞)
eiken2,rude,失礼な;無礼な(形容詞)
eiken2,ritual,儀式;式典(名詞)
eiken2,tip,先;前方(名詞)
eiken2,adjust,を調節する;調整する(動詞)
eiken2,wan,青ざめた;蒼白な(形容詞)
eiken2,spoil,台無しにする;損なう(動詞)
eiken2,composition,構成;制作(名詞)
eiken2,talent,才能;能力(名詞)
eiken2,era,時代;世代(名詞)
eiken2,ultimate,究極の;最後の(形容詞)
eiken2,telescope,望遠鏡;遠望鏡(名詞)
eiken2,originate,始まる;起こす(動詞)
eiken2,exhaust,疲れ果てさせる;消耗させる(動詞)
eiken2,twin,双子;二卵性双生児(名詞)
eiken2,instant,瞬間;瞬時(名詞)
eiken2,gear,伝動装置;動力伝達装置(名詞)
eiken2,willing,いとわない;快諾する(形容詞)
eiken2,wage,賃金;報酬(名詞)
eiken2,abortion,中絶;妊娠中絶(名詞)
eiken2,smart,頭の良い;きちんとした(形容詞)
eiken2,shed,流す;排出する(動詞)
eiken2,complexity,複雑さ;錯綜さ(名詞)
eiken2,critic,批評家;評論家(名詞)
eiken2,friendly,友好的な;親切な(形容詞)
eiken2,consequently,その結果として;それゆえに(副詞)
eiken2,electrical,電気の;電気を用いた(形容詞)
eiken2,connect,つなげる;接続する(動詞)
eiken2,colleague,同僚;仲間(名詞)
eiken2,servant,使用人;召使(名詞)
eiken2,Muslim,イスラム教徒;ムスリム(名詞)
eiken2,seed,種子;種(名詞)
eiken2,cultivate,耕作する;耕す(動詞)
eiken2,lung,肺(名詞)
eiken2,lord,領主;支配者(名詞)
eiken2,permanent,永久の;永遠の(形容詞)
eiken2,background,背景;背後(名詞)
eiken2,beg,懇願する;願い出る(動詞)
eiken2,recognition,認識;認知(名詞)
eiken2,legal,法律の;法的な(形容詞)
eiken2,liberty,自由;独立(名詞)
eiken2,log,丸太;円木(名詞)
eiken2,snap,パチンと鳴らす;カチンと鳴らす(動詞)
eiken2,tale,お話;物語(名詞)
eiken2,whereas,である一方で;だが一方で(接続詞)
eiken2,confine,制限する;限定する(動詞)
eiken2,beneath,の下に;以下に(前置詞)
eiken2,charm,魅力;引力(名詞)
eiken2,excessive,過度の;極端な(形容詞)
eiken2,satisfactory,満足のいく;充足する(形容詞)
eiken2,atomic,原子の;素粒子の(形容詞)
eiken2,scatter,まき散らす;ばらまく(動詞)
eiken2,rear,後部の;背後の(形容詞)
eiken2,resist,抵抗する;反発する(動詞)
eiken2,resolve,解決する;を決心する(動詞)
eiken2,apparent,外見上の;明白な(形容詞)
eiken2,eliminate,を取り除く;を排除する(動詞)
eiken2,socially,社会的に;社会的観点から(副詞)
eiken2,pray,祈る;願う(動詞)
eiken2,ray,光線;放射線(名詞)
eiken2,maker,製造元;製作者(名詞)
eiken2,ministry,省庁;官庁(名詞)
eiken2,explosion,爆発;爆裂(名詞)
eiken2,cure,治療する;療養する(動詞)
eiken2,impact,影響;衝撃(名詞)
eiken2,economics,経済学;財政学(名詞)
eiken2,pupil,生徒;学生(名詞)
eiken2,unusual,珍しい;異常な(形容詞)
eiken2,civil,市民の;住民の(形容詞)
eiken2,counter,に対抗する;に立ち向かう(動詞)
eiken2,protein,タンパク質;タンパク物質(名詞)
eiken2,mutual,相互の;互いの(形容詞)
eiken2,guilty,有罪の;罪のある(形容詞)
eiken2,fascinate,魅了する;魅惑する(動詞)
eiken2,plain,簡素な;わかりやすい(形容詞)
eiken2,stretch,広がる;拡大する(動詞)
eiken2,pioneer,開拓者;先駆者(名詞)
eiken2,sweep,掃く;払う(動詞)
eiken2,display,展示する;陳列する(動詞)
eiken2,aggressive,攻撃的な;侵略的な(形容詞)
eiken2,infant,乳児;赤ちゃん(名詞)
eiken2,means,手段;方法(名詞)
eiken2,dialect,方言;地域言語(名詞)
eiken2,insect,昆虫;虫(名詞)
eiken2,painful,苦痛な;痛い(形容詞)
eiken2,circuit,回路;巡回(名詞)
eiken2,regime,政権;政府(名詞)
eiken2,sacrifice,犠牲;捧げ物(名詞)
eiken2,devise,考え出す;工夫する(動詞)
eiken2,intimate,親密な;密接な(形容詞)
eiken2,invisible,見えない;不可視な(形容詞)
eiken2,increasingly,ますます;更に(副詞)
eiken2,relief,安堵;軽減(名詞)
eiken2,vice,副担当の;代理の(形容詞)
eiken2,globe,地球;地球体(名詞)
eiken2,constitution,憲法;構成;組織(名詞)
eiken2,essentially,本質的に;根本的に(副詞)
eiken2,select,を選び出す;を選ぶ(動詞)
eiken2,deliberately,故意に;慎重に(副詞)
eiken2,tide,潮;潮流(名詞)
eiken2,plot,話の筋;物語の筋(名詞)
eiken2,drug,麻薬;薬(名詞)
eiken2,industrialize,産業化する;工業化する(動詞)
eiken2,supporter,支援者;後援者(名詞)
eiken2,fur,毛皮;皮毛(名詞)
eiken2,aggression,攻撃性;侵略(名詞)
eiken2,confirm,確認する;確かめる(動詞)
eiken2,cruise,巡航する;航行する(動詞)
eiken2,minority,少数派;少数群(名詞)
eiken2,odd,変な;奇妙な(形容詞)
eiken2,dominate,を支配する;を統制する(動詞)
eiken2,obligation,義務;責任(名詞)
eiken2,blast,爆風;突風(名詞)
eiken2,assembly,集合;群集(名詞)
eiken2,nerve,神経;神経線(名詞)
eiken2,logic,論理;理論(名詞)
eiken2,depress,落胆させる;失望させる(動詞)
eiken2,peculiar,奇妙な;変わった(形容詞)
eiken2,urge,強く促す;早める(動詞)
eiken2,institution,制度;設立(名詞)
eiken2,facility,施設;手洗い;便利さ(名詞)
eiken2,crew,乗組員;船員(名詞)
eiken2,unpleasant,不愉快な;不快な(形容詞)
eiken2,etc,等々;などなど(名詞)
eiken2,elementary,初級の;入門の(形容詞)
eiken2,spiritual,精神の;心の(形容詞)
eiken2,swallow,を飲み込む;嚥下する(動詞)
eiken2,honor,名誉;特権;栄誉(名詞)
eiken2,inclined,傾いた;(し)がちで(形容詞)
eiken2,owe,を借りている;借用する(動詞)
eiken2,accustomed,慣れている;いつもの(形容詞)
eiken2,portion,部分;一部分(名詞)
eiken2,buyer,買い手;購入者(名詞)
eiken2,confusion,混乱;無秩序(名詞)
eiken2,companion,仲間;同志(名詞)
eiken2,confront,直面させる;に立ち向かう(動詞)
eiken2,suppress,抑える;抑圧する(動詞)
eiken2,cease,やめる;中止する(動詞)
eiken2,pile,積み重ね;累積(名詞)
eiken2,cover,を覆う;隠す(動詞)
eiken2,distinct,他と違った;別の(形容詞)
eiken2,conservation,保全;保護(名詞)
eiken2,behalf,代わって;の代わりに(名詞)
eiken2,perspective,見解;見通し(名詞)
eiken2,identical,同一の;全く同じの(形容詞)
eiken2,executive,幹部;重役(名詞)
eiken2,goal,目標;目的(名詞)
eiken2,girlfriend,女友達;女の友人(名詞)
eiken2,divorce,離婚/離婚する(名詞)
eiken2,inhabitant,居住者;住人(名詞)
eiken2,passive,受身の;消極的な(形容詞)
eiken2,subtle,微妙な;繊細な(形容詞)
eiken2,pursuit,追跡;追跡行為(名詞)
eiken2,dispute,争議/論争する(名詞)
eiken2,intelligence,知能;知性(名詞)
eiken2,bow,お辞儀する;頭を下げる(動詞)
eiken2,firmly,堅く;確固として(副詞)
eiken2,impulse,衝動;衝力(名詞)
eiken2,steady,着実な;安定した(形容詞)
eiken2,comparison,比較;対照(名詞)
eiken2,communist,共産主義者;共産党員(名詞)
eiken2,republic,共和国;共和制国家(名詞)
eiken2,proceed,進む;始める(動詞)
eiken2,alive,生きている;存命の(形容詞)
eiken2,dare,思い切ってする;断行する(動詞)
eiken2,effectively,効果的に;事実上(副詞)
eiken2,shame,恥;羞恥(名詞)
eiken2,cash,現金;手元資金(名詞)
eiken2,diminish,減らす;小さくする(動詞)
eiken2,positive,自信のある;確信している(形容詞)
eiken2,remote,遠い;遠隔の(形容詞)
eiken2,equivalent,等しい;同等の(形容詞)
eiken2,empire,帝国;王国(名詞)
eiken2,navy,海軍;水軍(名詞)
eiken2,empty,何も入っていない;空っぽの(形容詞)
eiken2,insight,洞察;洞察力(名詞)
eiken2,verbal,言葉の;語句の(形容詞)
eiken2,newly,新たに;最近(副詞)
eiken2,cop,警官;警察官(名詞)
eiken2,crown,王冠;王座(名詞)
eiken2,nod,うなずく;会釈する(動詞)
eiken2,investment,投資;出資(名詞)
eiken2,constitute,構成する;組み立てる(動詞)
eiken2,enterprise,会社;事業(名詞)
eiken2,initial,当初の;最初の(形容詞)
eiken2,division,分割;割り当て(名詞)
eiken2,parallel,平行の;並行の(形容詞)
eiken2,preference,好み;好き(名詞)
eiken2,literally,文字通りに;直訳で(副詞)
eiken2,grave,墓;墓地(名詞)
eiken2,reference,参照;参考(名詞)
eiken2,steadily,着実に;確実に(副詞)
eiken2,profession,職業;仕事(名詞)
eiken2,undergo,経験する;体験する(動詞)
eiken2,cave,ほら穴;洞窟(名詞)
eiken2,fancy,空想;想像(名詞)
eiken2,blink,瞬きをする;瞬間を過ごす(動詞)
eiken2,scholar,学者;研究者(名詞)
eiken2,rid,を取り除く;除去する(動詞)
eiken2,privilege,特権;特典(名詞)
eiken2,aloud,声に出して;大声で(副詞)
eiken2,master,主人;支配人(名詞)
eiken2,rating,評価;鑑定(名詞)
eiken2,shit,大便;便(名詞)
eiken2,weigh,重さがある;の重さを量る(動詞)
eiken2,unlikely,起こりそうにない;ありそうもない(形容詞)
eiken2,retain,保持する;持ち続ける(動詞)
eiken2,overwhelming,圧倒的な;支配的な(形容詞)
eiken2,massive,巨大な;大規模な(形容詞)
eiken2,desirable,望ましい;理想的な(形容詞)
eiken2,application,適用;応用(名詞)
eiken2,grasp,つかむ;把握する(動詞)
eiken2,gene,遺伝子;遺因(名詞)
eiken2,contract,契約;協定(名詞)
eiken2,generate,発生させる;起こす(動詞)
eiken2,regardless,にも関わらず;不注意で(副詞)
eiken2,bury,埋める;充填する(動詞)
eiken2,pit,くぼみ;凹み(名詞)
eiken2,acquaintance,知人;友人(名詞)
eiken2,absolute,絶対的な;完全な(形容詞)
eiken2,precisely,正確に;精密に(副詞)
eiken2,ad,広告;宣伝(名詞)
eiken2,editor,編集者;論客(名詞)
eiken2,appetite,食欲;食い気(名詞)
eiken2,racial,人種の;民族の(形容詞)
eiken2,gay,同性愛の;同性愛者の(形容詞)
eiken2,definite,明確な;限定的な(形容詞)
eiken2,pose,姿勢;体勢(名詞)
eiken2,bang,ドンドン叩く/ズドンという音(動詞)
eiken2,burst,破裂する;破れる(動詞)
eiken2,absence,不在;欠席(名詞)
eiken2,inferior,劣った;劣る(形容詞)
eiken2,evident,明らかな;明白な(形容詞)
eiken2,profound,深い;心からの(形容詞)
eiken2,assure,保証する;確証する(動詞)
eiken2,acknowledge,を認める;認める(動詞)
eiken2,gaze,凝視する;じっと見る(動詞)
eiken2,load,積む/積み荷(動詞)
eiken2,inevitable,避けられない;必然的(形容詞)
eiken2,enthusiasm,情熱;熱狂(名詞)
eiken2,evolve,進化する;発展する(動詞)
eiken2,commodity,商品(名詞)
eiken2,grace,恵み(名詞)
eiken2,distort,歪める(動詞)
eiken2,Arctic,北極地方(名詞)
eiken2,obsession,強迫観念(名詞)
eiken2,obey,従う(動詞)
eiken2,manipulate,操る(動詞)
eiken2,sue,訴える(動詞)
eiken2,Buddhist,仏教(名詞)
eiken2,extract,抜き取る(動詞)
eiken2,indigenous,原産の(形容詞)
eiken2,slavery,奴隷制度(名詞)
eiken2,avenue,大通り(名詞)
eiken2,destination,目的地;行き先(名詞)
eiken2,designate,選定する(動詞)
eiken2,domain,領地(名詞)
eiken2,infrastructure,基盤(名詞)
eiken2,provoke,挑発する(動詞)
eiken2,sole,単独の(形容詞)
eiken2,convict,有罪とする(動詞)
eiken2,fatigue,疲労(名詞)
eiken2,precede,先行する(動詞)
eiken2,decent,まともな(形容詞)
eiken2,utter,完全な(形容詞)
eiken2,stern,厳格な(形容詞)
eiken2,forecast,予測する(動詞)
eiken2,require,を必要とする;を要求する(動詞)
eiken2,lessen,減らす(動詞)
eiken2,tumor,腫瘍(名詞)
eiken2,dormitory,寮;大部屋(名詞)
eiken2,thrust,突き上げる(動詞)
eiken2,handout,配布物(名詞)
eiken2,addicted,癖になった(形容詞)
eiken2,kindergarten,幼稚園(名詞)
eiken2,reasonable,理性のある;分別のある(形容詞)
eiken2,accommodate,収容する(動詞)
eiken2,obscure,不明瞭な(形容詞)
eiken2,aisle,通路(名詞)
eiken2,resign,辞任する(動詞)
eiken2,grocery,食料品(名詞)
eiken2,toll,料金(名詞)
eiken2,transaction,取引(名詞)
eiken2,stiff,硬い(形容詞)
eiken2,induce,誘発する(動詞)
eiken2,withstand,耐える(動詞)
eiken2,sanitation,衛生(名詞)
eiken2,fraction,分数(名詞)
eiken2,conceal,隠す(動詞)
eiken2,retail,小売り(名詞)
eiken2,isolation,隔離(名詞)
eiken2,biology,生物学(名詞)
eiken2,prejudice,先入観(名詞)
eiken2,souvenir,お土産(名詞)
eiken2,supervisor,上司(名詞)
eiken2,struggle,もがき苦しむ(動詞)
eiken2,subsequent,その後の(形容詞)
eiken2,soak,浸す(動詞)
eiken2,supplement,補足;追加(名詞)
eiken2,drought,干ばつ(名詞)
eiken2,penetrate,貫く(動詞)
eiken2,conform,従う(動詞)
eiken2,scarce,乏しい(形容詞)
eiken2,trivial,取るに足らない(形容詞)
eiken2,thorough,徹底した(形容詞)
eiken2,predator,捕食者(名詞)
eiken2,beverage,飲料(名詞)
eiken2,emperor,皇帝;天皇(名詞)
eiken2,soar,舞い上がる(動詞)
eiken2,embarrassed,恥ずかしい(形容詞)
eiken2,famine,食料不足(名詞)
eiken2,secondhand,中古の(形容詞)
eiken2,bureau,事務局;たんす(名詞)
eiken2,extinct,絶滅した(形容詞)
eiken2,roast,あぶり焼きにする(動詞)
eiken2,conquer,征服する(動詞)
eiken2,converse,逆の(形容詞)
eiken2,revise,改訂する(動詞)
eiken2,dip,少し浸す(動詞)
eiken2,optimistic,楽観的な(形容詞)
eiken2,neat,きちんとした(形容詞)
eiken2,expire,期限切れの(動詞)
eiken2,imperial,帝国の(形容詞)
eiken2,hierarchy,階層(名詞)
eiken2,erosion,侵食(名詞)
eiken2,evoke,呼び起こす(動詞)
eiken2,chemistry,化学(名詞)
eiken2,vanish,消える(動詞)
eiken2,medieval,中世の(形容詞)
eiken2,earnest,真剣な(形容詞)
eiken2,savage,獰猛な(形容詞)
eiken2,spur,刺激(名詞)
eiken2,bleed,出血する(動詞)
eiken2,eyesight,視界(名詞)
eiken2,utilize,利用する(動詞)
eiken2,fame,名声(名詞)
eiken2,accommodation,宿泊施設(名詞)
eiken2,starve,飢える(動詞)
eiken2,organ,臓器(名詞)
eiken2,bully,いじめっ子(名詞)
eiken2,ambiguous,あいまいな(形容詞)
eiken2,integrate,統合する(動詞)
eiken2,particle,分子(名詞)
eiken2,magnificent,壮大な(形容詞)
eiken2,pastime,娯楽(名詞)
eiken2,enrich,豊かにする(動詞)
eiken2,refund,払い戻す(動詞)
eiken2,germ,細菌(名詞)
eiken2,rumor,うわさ(名詞)
eiken2,descend,下降する(動詞)
eiken2,irrelevant,無関係な(形容詞)
eiken2,endow,寄付する(動詞)
eiken2,fingerprint,指紋(名詞)
eiken2,compile,編集する(動詞)
eiken2,compassion,思いやり(名詞)
eiken2,sorrow,悲しみ(名詞)
eiken2,approve,承認する(動詞)
eiken2,undertake,引き受ける(動詞)
eiken2,compliment,褒め言葉(名詞)
eiken2,overwhelm,圧倒する(動詞)
eiken2,awkward,ぎこちない(形容詞)
eiken2,tame,飼いならす(動詞)
eiken2,adolescent,思春期の(名詞)
eiken2,ambition,野望(名詞)
eiken2,scholarship,奨学金(名詞)
eiken2,spouse,配偶者(名詞)
eiken2,shrink,縮小する(動詞)
eiken2,molecule,分子(名詞)
eiken2,document,書類(名詞)
eiken2,nap,昼寝(名詞)
eiken2,assemble,組み立てる(動詞)
eiken2,injection,注射;注入(名詞)
eiken2,endanger,危険にさらす(動詞)
eiken2,basin,盆地(名詞)
eiken2,suspend,つるす(動詞)
eiken2,stem,幹(名詞)
eiken2,retrieve,取り戻す(動詞)
eiken2,tidy,きちんとした(形容詞)
eiken2,reveal,明らかにする(動詞)
eiken2,afterwards,その後(副詞)
eiken2,sewage,下水(名詞)
eiken2,abolish,廃止する(動詞)
eiken2,ugly,醜い(形容詞)
eiken2,modest,控えめな(形容詞)
eiken2,bloom,咲く(動詞)
eiken2,assign,割り当てる(動詞)
eiken2,architecture,建築(名詞)
eiken2,sparkle,閃光(動詞)
eiken2,fragment,断片(名詞)
eiken2,fare,運賃(名詞)
eiken2,prey,獲物(名詞)
eiken2,devastate,荒廃させる(動詞)
eiken2,nutrition,栄養;栄養素(名詞)
eiken2,low-income,低収入の(形容詞)
eiken2,leak,漏れる(動詞)
eiken2,exert,行使する(動詞)
eiken2,protocol,儀礼(名詞)
eiken2,toxic,有毒な(形容詞)
eiken2,documentary,事実を記録した(形容詞)
eiken2,acute,鋭角の(形容詞)
eiken2,prohibit,禁じる(動詞)
eiken2,equality,平等さ(名詞)
eiken2,organic,無農薬の(形容詞)
eiken2,formula,式(名詞)
eiken2,exclusive,閉鎖的な(形容詞)
eiken2,sincere,誠実な(形容詞)
eiken2,vow,誓い(名詞)
eiken2,intuition,直感(名詞)
eiken2,laptop,ノートパソコン(名詞)
eiken2,layer,層(名詞)
eiken2,explode,爆発する;破裂する;激増する(動詞)
eiken2,irrigation,灌漑(名詞)
eiken2,altitude,高度(名詞)
eiken2,humid,湿っぽい、湿度の高い(形容詞)
eiken2,hemisphere,半球(名詞)
eiken2,salty,塩辛い(形容詞)
eiken2,litter,ごみ(名詞)
eiken2,invade,侵略する(動詞)
eiken2,beat,打ち負かす(動詞)
eiken2,stubborn,頑固な(形容詞)
eiken2,harsh,厳しい(形容詞)
eiken2,prolong,延長する(動詞)
eiken2,humble,謙虚な(形容詞)
eiken2,reinforce,強化する(動詞)
eiken2,fragile,もろい(形容詞)
eiken2,refuge,避難(名詞)
eiken2,bold,勇敢な(形容詞)
eiken2,breeze,そよ風(名詞)
eiken2,lately,最近(副詞)
eiken2,tuition,授業料;学費(名詞)
eiken2,vivid,鮮やかな(形容詞)
eiken2,comprehend,理解する(動詞)
eiken2,accumulate,蓄積する(動詞)
eiken2,summon,召喚する(動詞)
eiken2,acquire,を身につける(動詞)
eiken2,pedestrian,歩行者(名詞)
eiken2,restrain,抑える(動詞)
eiken1,diplomatic,外交の;外交上の
eiken1,alongside,と一緒に;並行して
eiken1,narrative,物語;話
eiken1,contamination,汚染;汚染物質
eiken1,stark,正真正銘の;純粋な
eiken1,refusal,拒否;拒絶
eiken1,doctrine,教義;信条
eiken1,hypothesis,仮説;推測
eiken1,evolutionary,進化的な;進化論の
eiken1,archaeological,考古学の
eiken1,contractor,請負業者;契約者
eiken1,skeptical,懐疑的な;疑い深い
eiken1,bribery,賄賂の授受;贈収賄
eiken1,treadmill,踏み車;ルームランナー
eiken1,resume,再開する;続ける
eiken1,hierarchical,階層的な;階級制の
eiken1,nourishment,栄養;滋養
eiken1,credibility,信頼性;信用
eiken1,dissent,異議を唱える;反対する
eiken1,proliferation,拡散;増殖
eiken1,controversy,論争;議論
eiken1,sympathetic,思いやりのある;共感的な
eiken1,supposedly,たぶん;おそらく
eiken1,patriotism,愛国心;忠誠心
eiken1,disappearance,失踪;消滅
eiken1,tragic,悲劇的な;悲劇的
eiken1,implant,植え付ける;移植する
eiken1,accounting,会計;計算
eiken1,bout,試合;競技
eiken1,puppy,子犬;幼犬
eiken1,semester,学期;学期間
eiken1,diabetes,糖尿病;高血糖症
eiken1,prod,突く;呼び起こす
eiken1,drawback,欠点;短所
eiken1,prospective,予測される;期待される
eiken1,exclusively,排他的に;限定して
eiken1,dosage,投与量;服用量
eiken1,epic,大作;壮大な作品
eiken1,consistently,一貫して;常に
eiken1,commerce,商業;商売
eiken1,segment,区切り;部分
eiken1,plebiscite,国民投票;普通選挙
eiken1,conception,概念;考え
eiken1,empathy,共感;感情移入
eiken1,conscience,良心;道徳心
eiken1,bias,偏見;先入観
eiken1,organism,生命体;生物
eiken1,enzyme,酵素;生化学的触媒
eiken1,circumvent,出し抜く;回避する
eiken1,clot,固まり;凝固塊
eiken1,behavioral,行動上の;行動の
eiken1,foremost,主要な;最も重要な
eiken1,catalyst,触媒;刺激物
eiken1,guilt,罪悪感;有罪
eiken1,seemingly,一見すると;表面上
eiken1,dilemma,板挟み;窮地
eiken1,scarcity,不足;欠乏;欠如
eiken1,counterfeit,偽造する;偽造品を作る
eiken1,perish,滅びる;死ぬ
eiken1,expulsion,排除;除名
eiken1,weed,雑草;草取り
eiken1,thwart,妨害する;阻止する
eiken1,nobility,尊さ;高貴さ
eiken1,inherent,本来の;固有の
eiken1,fertile,肥沃な;多産の
eiken1,assimilation,同化;吸収
eiken1,implore,懇願する;お願いする
eiken1,petition,嘆願;請願
eiken1,reception,応接;歓迎
eiken1,compliant,従順な;応じる
eiken1,residence,住宅;居住地
eiken1,protective,保護的な;保護する
eiken1,initiate,始める;開始する
eiken1,rebellion,反乱;暴動
eiken1,convent,修道院;僧院
eiken1,sympathize,同情する;共感する
eiken1,philosophical,哲学的な;思索的な
eiken1,reminder,催促;注意喚起
eiken1,disappointment,失望;期待外れ
eiken1,ridicule,あざ笑う;嘲笑する
eiken1,benevolent,慈悲深い;親切な
eiken1,communal,共同の;共有の
eiken1,compensation,補償;賠償
eiken1,destitute,貧困の;困窮した
eiken1,misfortune,不幸;災厄
eiken1,sinful,罪深い;悪い
eiken1,routinely,日常的に;いつものように
eiken1,appreciation,感謝;称賛
eiken1,exploit,偉業;業績
eiken1,warrant,証明書;保証書
eiken1,multitude,大勢;多く
eiken1,designation,指定;選定
eiken1,solely,単独で;専ら
eiken1,mother-in-law,義理の母;義母
eiken1,captivity,監禁;囚禁
eiken1,forcible,強制的な;強い
eiken1,ancestral,先祖の;祖先の
eiken1,ruling,支配的な;主要な;優勢な
eiken1,favorable,好ましい;有利な
eiken1,expedite,促進する;迅速化する
eiken1,repay,返済する;報いる
eiken1,inadequate,不十分な;不適切な
eiken1,surgeon,外科医;手術医
eiken1,tutor,家庭教師;個別指導者
eiken1,surrender,降伏する;投降する
eiken1,undergraduate,大学生;学部生
eiken1,conspicuous,目立った;顕著な
eiken1,comprise,含む;構成する
eiken1,renovate,改修する;改装する
eiken1,idealization,理想化;理想の実現
eiken1,decay,腐る;朽ちる
eiken1,spite,悪意;恨み
eiken1,cynical,皮肉な;冷笑的な
eiken1,bleak,吹きさらしの;荒涼とした
eiken1,devastation,荒廃;壊滅
eiken1,portray,描く;表現する
eiken1,dread,ひどく怖がる;恐れる
eiken1,crisp,新鮮な;さっぱりした
eiken1,loyalty,忠誠;誠実
eiken1,tyranny,専制政治;圧政
eiken1,minimal,最小限の;最低限の
eiken1,adoption,採用;受け入れ
eiken1,inheritance,継承;相続
eiken1,reside,住む;居住する
eiken1,moderately,適度に;適切に
eiken1,formidable,恐ろしい;手ごわい
eiken1,magnitude,大きさ;規模
eiken1,sexuality,性的関心
eiken1,paramount,最高の;最重要の
eiken1,discord,不一致;不和
eiken1,continuation,継続;持続
eiken1,violation,違反;侵害
eiken1,surpass,超える;勝る
eiken1,ape,類人猿;大猿
eiken1,geology,地質学;岩石の科学
eiken1,tonic,強壮剤;健康促進剤
eiken1,elevate,上げる;昇進させる
eiken1,nitrogen,窒素;化学元素
eiken1,spectacular,壮観な;見事な
eiken1,epoch,時代;歴史の節目
eiken1,thermal,熱の;温度に関する
eiken1,ironically,皮肉なことに;逆説的に
eiken1,instructive,有益な;教育的な
eiken1,infectious,伝染性の;感染する
eiken1,metabolism,代謝;生体の化学反応
eiken1,weaken,弱める;力を失う
eiken1,unstable,不安定な;ゆらぎやすい
eiken1,plead,懇願する;お願いする
eiken1,multinational,多国籍の;複数の国籍からなる
eiken1,tolerant,寛容な;容認する
eiken1,wilderness,荒野;未開の地
eiken1,microbial,微生物の;細菌の
eiken1,ivory,象牙;象牙質の
eiken1,slaughter,虐殺;大量殺戮
eiken1,disastrous,悲惨な;惨事の
eiken1,eruption,噴火;爆発
eiken1,profitable,利益のある;収益性の高い
eiken1,durable,耐久性のある;長持ちする
eiken1,warranty,保証;保障
eiken1,dismissal,解散;解任
eiken1,administrative,運営の;管理の
eiken1,replicate,複製する;再現する
eiken1,burglar,強盗;泥棒
eiken1,mortality,死亡者数;死亡率
eiken1,feasible,実行可能な;可能性のある
eiken1,density,密度;濃度
eiken1,squalor,不潔;汚さ
eiken1,cramped,狭苦しい;窮屈な
eiken1,adverse,反対の;逆の
eiken1,edible,食べられる;摂取可能な
eiken1,envelop,包む;包装する
eiken1,sustenance,食糧;食料
eiken1,aptly,適切に;適当に
eiken1,premature,時期尚早の;早まった
eiken1,parasite,寄生虫;寄生生物
eiken1,deliberate,故意の;意図的な
eiken1,smear,塗る;塗布する
eiken1,wedge,くさび;楔形体
eiken1,despicable,卑劣な;下劣な
eiken1,stab,刺す;突き刺す
eiken1,anecdotal,逸話の;物語性のある
eiken1,whitewash,しっくい;モルタル
eiken1,appalling,ぞっとするような;気味の悪い
eiken1,fraternity,友愛;友情
eiken1,supplant,取って代わる;置き換える
eiken1,multiply,掛け算する;乗算する
eiken1,intrinsic,本質的な;基本的な
eiken1,diagnosis,診断;判断
eiken1,cosmic,宇宙の;宙域の
eiken1,progressive,進歩的な;革新的な
eiken1,willingness,意欲;意志
eiken1,strictly,厳密に;厳しく
eiken1,integrity,誠実さ;誠意
eiken1,microscope,顕微鏡;測微鏡
eiken1,array,整列させる;並べる
eiken1,evade,避ける;避ける
eiken1,hunch,直感;本能
eiken1,morbid,病的な;病気の
eiken1,forensic,法廷の;裁判所の
eiken1,ply,精を出す;努力する
eiken1,forefront,最前部;前線
eiken1,unconscious,無意識の;潜在意識の
eiken1,staunch,堅い;堅固な
eiken1,exploration,探査;探索
eiken1,hasty,急ぐ;急ぎ足で
eiken1,hostile,敵意のある;反感を持つ;敵対視する
eiken1,provider,生産者;製造者
eiken1,prestige,名声;評判
eiken1,liver,肝臓;肝
eiken1,reimbursement,返済;返金
eiken1,resent,憤る;怒る
eiken1,frankly,率直に;直接的に
eiken1,envious,羨ましい;妬ましい
eiken1,browse,拾い読みする;一部読む
eiken1,seal,密閉する;封鎖する
eiken1,norm,規範;基準
eiken1,naval,海軍の;海軍のもの
eiken1,versatile,多才な;多能な
eiken1,surveillance,監視;見守り
eiken1,submarine,潜水艦;水中艇
eiken1,grain,穀物;穀類
eiken1,prediction,予測;予想
eiken1,rust,錆び;酸化
eiken1,consult,相談する;話し合う
eiken1,pill,丸薬;錠剤
eiken1,potent,効能のある;効果的な
eiken1,esoteric,秘儀の;神秘的な
eiken1,remarkably,著しく;非常に
eiken1,inspiration,ひらめき;思い付き
eiken1,comparable,比較できる;比べられる
eiken1,supplier,供給者;供給元
eiken1,peg,くぎ;くい
eiken1,tighten,締める;絞る
eiken1,ambitious,野心的な;大志を抱く
eiken1,quest,探求;探究
eiken1,mundane,平凡な;普通の
eiken1,logistics,調達路;供給路
eiken1,vicinity,近所;近隣
eiken1,eternal,永遠の;永遠不変の
eiken1,mandatory,強制的な;強制力のある
eiken1,diversity,多様性;多様化
eiken1,linguistic,言語学;語学
eiken1,availability,可用性;利用可能性
eiken1,latitude,緯度;緯線
eiken1,equator,赤道;赤道線
eiken1,boast,自慢する;誇示する
eiken1,rainfall,降雨量;雨量
eiken1,diverse,多様な;多種多様な
eiken1,barren,実を結ばない;結果を出さない
eiken1,brink,瀬戸際;切羽詰まった状態
eiken1,turmoil,騒動;混乱;騒ぎ
eiken1,brutality,残忍性;冷酷さ;非情さ
eiken1,prosper,繁栄する;発展する
eiken1,successive,連続する;続ける;つづく
eiken1,mold,鋳型;型作り/型どる
eiken1,stability,安定;平穏;均衡
eiken1,insistence,主張;信条;主義
eiken1,excel,勝る;優れる;上回る
eiken1,spectrum,波長分布;光の分布;波長の分布
eiken1,detrimental,有害な;害のある;悪影響の
eiken1,modulate,調整する;微調整する;整合する
eiken1,moderate,適度な;適切な;ほどよい
eiken1,downright,真っすぐな;徹底的な;一貫した
eiken1,hedge,垣根;障壁;障害物
eiken1,interact,相互作用する;互いに影響を与える
eiken1,consignment,委託;委託品
eiken1,precision,正確さ;精度
eiken1,synthesis,統合;統一
eiken1,accessible,行きやすい;便利な
eiken1,foresee,予見する;予測する
eiken1,envision,想像する;思い描く
eiken1,resistant,抵抗する;反抗する
eiken1,allay,和らげる;軽減する
eiken1,eradicate,根絶する;撲滅する
eiken1,unintended,意図しない;計画しない
eiken1,supervision,監督;指導者
eiken1,mentally,精神的に;心理的に
eiken1,dent,へこみ;凹み
eiken1,noticeable,目立つ;際立つ
eiken1,rebellious,反抗的な;抵抗的な
eiken1,outrageous,無法な;法律を無視した
eiken1,nasty,不快な;不愉快な
eiken1,coup,クーデーター
eiken1,bandage,包帯;絆創膏;ガーゼ
eiken1,pat,軽くたたく;軽く打つ
eiken1,eventual,最終的な;究極的な
eiken1,gross,全体の;総体的な
eiken1,affluent,裕福な;富裕な
eiken1,imperfect,不完全;未完成
eiken1,measurement,測定;計測
eiken1,substantially,実質的に;本質的に
eiken1,disruptive,破壊的な;破壊力のある
eiken1,inmate,収容者;被収容者
eiken1,differently,異なって;異なる
eiken1,childbirth,出産;分娩
eiken1,midwife,助産婦;産婆
eiken1,predecessor,前任者;先任者
eiken1,discomfort,不快感;違和感
eiken1,heal,癒す;治す
eiken1,herd,群れ;集団
eiken1,suburban,郊外の;郊外型の
eiken1,placid,穏やかな;温和な
eiken1,bliss,至福;極楽
eiken1,entice,誘惑する;魅惑する
eiken1,provocative,挑発的な;挑戦的な
eiken1,passionate,情熱的な;熱情的な
eiken1,feminist,男女同権主義者
eiken1,elicit,引き出す;取り出す
eiken1,deprivation,剥奪;取り上げ
eiken1,confession,告白;自白
eiken1,cascade,小滝;小さな滝
eiken1,erroneous,誤った;間違えた
eiken1,testimony,証言;申し立て
eiken1,paranoia,妄想症;幻想症
eiken1,gutter,側溝;排水溝
eiken1,denounce,非難する;批判する
eiken1,tacit,暗黙の;言わずと知れた
eiken1,consent,同意する;賛成する
eiken1,witch,魔女;魔法使い
eiken1,subdue,鎮圧する;抑制する
eiken1,coerce,強制する;強いる
eiken1,crusade,聖戦;聖なる戦争
eiken1,allegedly,申し立てによると;主張によると
eiken1,shady,陰になった;日陰になった
eiken1,intimidation,脅迫;威嚇
eiken1,deceit,詐欺;騙し
eiken1,ail,苦しめる;苦痛を与える
eiken1,assert,主張する;主意を表す
eiken1,rampage,大暴れ;乱闘;乱戦
eiken1,mentor,指導者;リーダー
eiken1,confrontation,対決;対戦
eiken1,presidency,大統領職;首相職
eiken1,purge,粛清する;浄化する
eiken1,dire,悲惨な;哀れな
eiken1,unethical,非倫理的な;不道徳な
eiken1,neutral,中立の;公平な
eiken1,abominable,忌まわしい;憎むべき
eiken1,exquisite,絶妙な;見事な
eiken1,incremental,増加の;増大の
eiken1,validity,有効性;効果性
eiken1,discrepancy,不一致;食い違い
eiken1,momentum,運動量;運動エネルギー
eiken1,rue,後悔する;悔いる
eiken1,nutrient,栄養素;栄養分
eiken1,absorption,吸収;吸取
eiken1,thrive,繁栄する;隆盛する
eiken1,notable,注目すべき;重要な
eiken1,collate,照合する
eiken1,foam,小さな泡;微細な泡
eiken1,percolate,浸透する;染みる
eiken1,determination,決定;決断
eiken1,reign,統治;治世
eiken1,footing,足場;基盤
eiken1,continuous,継続的な;持続的な
eiken1,demographic,人口統計の;人口統計学の
eiken1,explicit,明らかな;はっきりとした
eiken1,portal,正門;入り口;門口
eiken1,repeatedly,繰り返し;反復
eiken1,harry,うるさく悩ます;蹂躙する;苦しめる
eiken1,forbidden,禁じられた;禁止された
eiken1,disturbing,邪魔な;迷惑な
eiken1,par,同等;等価
eiken1,heath,荒野;野原
eiken1,digression,脱線;脱輪
eiken1,malignant,悪意のある;悪意を持った
eiken1,carcinogen,発がん物質;発癌性の物質
eiken1,evacuate,避難する;逃避する
eiken1,threshold,閾;閾値
eiken1,invaluable,貴重な;価値のある
eiken1,ubiquitous,至る所に存在する;遍在する
eiken1,formulate,策定する;計画する
eiken1,hidden,隠された;隠秘の
eiken1,botanist,植物学者;植物研究者
eiken1,diplomat,外交官;外交官僚
eiken1,denote,表示する;示す
eiken1,notorious,悪名高い;有名な
eiken1,monarch,君主;王
eiken1,faction,派閥;党派
eiken1,animosity,敵意;敵対心
eiken1,undermine,弱体化させる;衰退させる
eiken1,ballot,投票用紙;選挙票
eiken1,liability,責任;責務
eiken1,successor,後継;次代
eiken1,aggravate,悪化させる;劣化させる
eiken1,signify,意味する;示す
eiken1,liaison,連絡;連携係
eiken1,slant,傾斜;傾き
eiken1,levity,軽率;軽薄さ
eiken1,collision,衝突;対立
eiken1,compelling,説得力のある;有力な
eiken1,plunge,突入する;侵入する
eiken1,lava,溶岩;マグマ
eiken1,devastating,壊滅的な;破壊的な
eiken1,dupe,複製品;複製品
eiken1,surge,波打つ;急に上がる
eiken1,adamant,断固たる;固定的な
eiken1,consensus,同意;同調
eiken1,rein,手綱;馬具
eiken1,exorbitant,法外な;途方もない
eiken1,depletion,枯渇;涸れる
eiken1,regulatory,規制;制限
eiken1,thoroughly,徹底的に;完全に
eiken1,genetic,遺伝的な;遺伝による
eiken1,realistic,現実的な;現実に即した
eiken1,allied,同盟を結んでいる;連携している
eiken1,volcano,火山;噴火口
eiken1,cozy,居心地の良い;快適な
eiken1,surgical,外科の;外科的な
eiken1,instantly,すぐに;直ちに;即座に
eiken1,sting,刺す;突く
eiken1,sunburn,日焼け;日焼け跡
eiken1,venerable,由緒ある;歴史ある
eiken1,assimilate,吸収する;同化する;取り込む
eiken1,terminology,用語;専門用語
eiken1,vault,丸天井;ドーム型の天井
eiken1,indicative,表示する;示す
eiken1,dilute,薄める;希釈する
eiken1,suitor,求婚者;プロポーザルする人
eiken1,endear,慕わせる;愛される
eiken1,opportune,好機の;絶好の機会
eiken1,proverbial,ことわざの;格言の
eiken1,wry,ゆがんだ;歪んだ
eiken1,shaggy,毛深い;毛むくじゃらの
eiken1,imperative,命令的な;指令的な
eiken1,ornate,華やかな;豪華な
eiken1,molest,悩ます;困らせる
eiken1,maritime,海事の;海洋に関する
eiken1,ascend,昇る;上昇する
eiken1,rant,怒鳴り立てる;大声で叫ぶ
eiken1,blatant,露骨な;あからさまな
eiken1,plausible,もっともらしい;信用できる
eiken1,reaffirm,再確認する;再度チェックする
eiken1,delve,掘り下げる;深く調べる
eiken1,excerpt,抜粋;引用
eiken1,timidity,臆病;怯える
eiken1,coarse,粗末な;質素な
eiken1,amass,蓄える;保存する
eiken1,flaunt,誇示する;見せびらかす
eiken1,yeast,酵母;きっかけ
eiken1,frolic,戯れる;遊ぶ
eiken1,procedural,手続きの;手順の
eiken1,momentous,重大な;深刻な
eiken1,counterclockwise,反時計回りの;逆回り
eiken1,frosty,凍えるような;氷点下の
eiken1,garner,集める;収集する
eiken1,bogus,偽の;詐欺的な
eiken1,horrify,怖がらせる;恐れさせる
eiken1,trilogy,三部作;三連作
eiken1,dreadful,恐ろしい;怖い
eiken1,bemoan,嘆く;嘆き悲しむ
eiken1,deflect,そらせる;ゆがめる
eiken1,turbulence,乱気流;渦
eiken1,vista,眺望;景色
eiken1,reliant,頼っている;信頼している
eiken1,pollute,汚染する;汚す
eiken1,binary,二の;二番目の
eiken1,phony,偽物の;模造の
eiken1,hoist,揚げる;巻き上げる
eiken1,innate,生まれつきの;先天的な
eiken1,colloquial,口語の;話し言葉の
eiken1,abduct,拉致する;誘拐する
eiken1,inaugural,就任の;着任の
eiken1,aquatic,水生の;水中の
eiken1,stunning,驚くような;驚異的な
eiken1,lag,遅れる;遅延する
eiken1,unison,一致;合致
eiken1,pastoral,羊飼いの;牧羊人の
eiken1,launder,洗濯する;洗う
eiken1,authoritative,権威ある;権力のある
eiken1,impart,与える;授ける
eiken1,crunch,噛み砕く;消化する
eiken1,tentative,暫定の;一時的な
eiken1,revamp,改修する;修復する
eiken1,flex,曲げる;湾曲させる
eiken1,transcription,転写;写す
eiken1,convertible,形を変えられる;形状を変化させる
eiken1,colossal,巨大な;大きな
eiken1,revitalize,活性化させる;刺激する
eiken1,thee,汝を;あなたを
eiken1,stub,使い残り;残り物
eiken1,ulcer,潰瘍;出来物
eiken1,indistinct,不明瞭な;ぼやけた
eiken1,divulge,漏らす;暴露する
eiken1,hollow,空洞のある;中が空の
eiken1,outcast,追放された;追い出された
eiken1,prudent,用心深い;慎重な
eiken1,debilitate,衰弱させる;弱める
eiken1,insinuate,ほのめかす;示唆する
eiken1,oblivious,忘れっぽい;物忘れの激しい
eiken1,traction,牽引;引っ張る
eiken1,ruthlessly,冷酷に;冷徹に
eiken1,scour,こすり洗う
eiken1,genial,親切で愛想のよい;親しみやすい
eiken1,substantive,実質的な;具体的な
eiken1,repeal,廃止する;中止する
eiken1,sloppy,ずさんな;いい加減な
eiken1,lamentable,哀れな;悲しい
eiken1,interrogate,尋問する;質問攻めにする
eiken1,episcopal,監督の;司教の
eiken1,treason,反逆;反乱
eiken1,dainty,上品な;洗練された
eiken1,concoct,練る;混ぜ合わせる
eiken1,scuttle,急いで行く;速く走る
eiken1,loose,緩い;緩んだ
eiken1,admonish,訓戒する;警告する
eiken1,questionable,疑わしい;疑念を抱く
eiken1,haughty,高慢な;傲慢な
eiken1,hefty,重い;沈重な
eiken1,soothing,和らげる;軽減する
eiken1,commend,褒める;賞賛する
eiken1,chasten,懲らしめる;罰する
eiken1,liken,例える;比較する
eiken1,facile,安易な;手軽な
eiken1,intuitive,直感的な;直感力の
eiken1,capitalize,大文字にする;大型化する
eiken1,folly,愚かな;馬鹿な
eiken1,fend,避ける;回避する
eiken1,coalesce,合体する;結合する
eiken1,alleviate,和らげる;軽減する
eiken1,exhale,吐き出す;放出する
eiken1,enigmatic,謎めいた;神秘的な
eiken1,gnaw,かじる;噛む
eiken1,inter,埋葬する;埋める
eiken1,loathe,嫌う;嫌悪する
eiken1,venue,現場;場所
eiken1,cardinal,主要な;中心的な
eiken1,lousy,ひどい;悪い
eiken1,resurrect,復活させる;再生する
eiken1,nestle,寄り添う;側にいる
eiken1,temperament,気質;性質
eiken1,dismay,がっかりさせる;失望させる
eiken1,abort,中絶する;挫折する
eiken1,elusive,捉えどころのない;不確定な
eiken1,neurotic,神経症の;神経質な
eiken1,confound,混乱させる;乱す
eiken1,tenure,任期;期間
eiken1,laughable,失笑を買った;笑われた
eiken1,statistic,統計;統計学
eiken1,clockwise,時計回りに;右回りに
eiken1,curtail,削減する;減少させる
eiken1,entrust,委託する;依頼する
eiken1,catastrophic,破滅的な;壊滅的な
eiken1,injurious,有害な;危害を及ぼす
eiken1,complementary,補完的な;補足的な
eiken1,nasal,鼻の;鼻関連の
eiken1,drawl,ゆっくり話す;遅く話す
eiken1,dietary,食事の;食事関連の
eiken1,peripheral,周辺の;近隣の
eiken1,crumple,くしゃくしゃにする;よれる
eiken1,heave,盛り上がる;興奮する
eiken1,molecular,分子の;微小な
eiken1,gingerly,極めて慎重に;非常に注意深く
eiken1,giddy,めまいがする;頭が回る
eiken1,nomadic,遊牧の;移動する
eiken1,recoup,取り戻す;回収する
eiken1,strenuous,努力を要する;骨の折れる
eiken1,demolish,取り壊す;壊す
eiken1,meticulous,細心の;慎重な
eiken1,treatise,論文;論説
eiken1,oust,追い払う;追い出す
eiken1,empirical,経験に基づいた;実績からの
eiken1,confiscate,没収する;押収する
eiken1,startling,驚くべき;驚異的な
eiken1,discrete,個別の;独自の
eiken1,termination,終了;終わり
eiken1,mull,良く考える;砂糖を入れて温める
eiken1,overhaul,分解検査する;分析検査する
eiken1,obligate,義務づける;強制する
eiken1,wretch,みじめな人;不運な人
eiken1,ardent,熱心な;情熱的な
eiken1,innermost,奥底の;深層の
eiken1,volatile,揮発性の;揮発する
eiken1,beguile,惑わす;混乱させる
eiken1,impoverished,貧しい;貧弱な
eiken1,veto,拒否権;拒絶権
eiken1,arduous,骨の折れる;困難な
eiken1,crafty,狡猾な;ずるい
eiken1,ferocious,どう猛な;激しい
eiken1,bureaucratic,官僚的な;形式的な
eiken1,construe,解釈する;解明する
eiken1,derivative,派生した;派生する
eiken1,mystic,神秘的な;不可解な
eiken1,magnify,拡大する;増大する
eiken1,impending,起こりそうな;可能性がある
eiken1,gallant,勇敢な;勇気のある
eiken1,appease,なだめる;鎮める
eiken1,reverberate,反響する;反応する
eiken1,groundless,根拠のない;無根拠の
eiken1,invincible,無敵の;無敵な
eiken1,deficient,欠乏した;不足した
eiken1,singular,特異な;特有の
eiken1,indifferent,無関心な;冷淡な
eiken1,devolve,譲り渡す;移譲する
eiken1,emanate,発する;出す
eiken1,inconspicuous,目立たない;控えめな
eiken1,pediatric,小児科の;子供の病気の
eiken1,wartime,戦時;戦争時
eiken1,pristine,元の;以前の
eiken1,incompetent,無能な;劣る
eiken1,bask,日向ぼっこする;日光浴する
eiken1,duplicate,複製する;複写する
eiken1,definitive,決定的な;断定的な
eiken1,treachery,裏切り;背信
eiken1,hamper,妨げる;邪魔する
eiken1,chide,叱る;怒る
eiken1,crackle,パチパチと音をたてる;クリックする
eiken1,peek,ちらっと覗く;一瞥する
eiken1,obsolete,時代遅れの;古臭い
eiken1,proportionate,比例した;均等な
eiken1,viable,生存できる;生き抜く
eiken1,grate,格子;格子状
eiken1,neutralize,中和する;中立化する
eiken1,graceful,優雅な;洗練された
eiken1,stingy,けちな;節約好きの
eiken1,jab,突き刺す;突き立てる
eiken1,dusky,薄暗い;昏い
eiken1,subdivision,細分化;分割
eiken1,focal,焦点の;中心の
eiken1,shun,避ける;回避する
eiken1,wig,カツラ;人工の髪
eiken1,discernible,識別できる;区別できる
eiken1,exhilarate,陽気にさせる;楽しくさせる
eiken1,customary,慣習的な;伝統的な
eiken1,stuffed,詰め込んだ;充填した
eiken1,mince,刻む;細かく切る
eiken1,statutory,法定の;法的な
eiken1,obstruct,邪魔する;妨害する
eiken1,stature,身長;身の丈
eiken1,recurring,繰り返し;再三
eiken1,ignite,点火する;火をつける
eiken1,ominous,不吉な;不運な
eiken1,mitigate,和らげる;柔らかくする
eiken1,vicar,牧師;神父
eiken1,collateral,並び合った;横に並んだ
eiken1,semantic,意味論の;意味学の
eiken1,disquiet,不穏な;不安定な
eiken1,hale,元気な;活発な
eiken1,muse,深く考える;熟考する
eiken1,autonomous,自律的な;独立的な
eiken1,gloat,満足げに眺める;得意に見る
eiken1,retaliate,報復する;仕返しする
eiken1,relinquish,放棄する;捨てる
eiken1,superfluous,余計な;過剰な
eiken1,scoff,嘲笑する;あざ笑う
eiken1,cringe,すくむ;怯える
eiken1,pissed,腹を立てた;怒った
eiken1,benign,良性の;善良な
eiken1,inflammatory,炎症性の;炎症を引き起こす
eiken1,wharf,波止場;埠頭
eiken1,shear,刈り取る;収穫する
eiken1,incumbent,責務がある;義務がある
eiken1,wistful,もの悲しい;哀しい
eiken1,disgraceful,恥ずかしい;恥じらいの
eiken1,sinister,不吉な;縁起が悪い
eiken1,sprout,芽;新芽
eiken1,fraudulent,詐欺;欺騙
eiken1,improvise,即興で作る;その場で作り出す
eiken1,turnaround,方向転換;方向変更
eiken1,contentious,論争好きな;争い好きな
eiken1,sag,たるむ;弛む
eiken1,jilt,恋人を見捨てる;突然別れる
eiken1,entreat,懇願する;頼む
eiken1,gastric,胃の;胃部の
eiken1,revoke,取り消す;撤回する
eiken1,coax,説き伏せる;説得する
eiken1,illicit,不法の;違法な
eiken1,briskly,活発に;元気に
eiken1,languish,弱る;衰える
eiken1,avenge,仇を討つ;復讐する
eiken1,divisive,不和の生じた;対立している
eiken1,diminutive,とても小さな;極小の
eiken1,beckon,手招きする;招く
eiken1,elude,逃げる;逃走する
eiken1,enclose,囲む;同封する
eiken1,espouse,支持する;後援する
eiken1,imminent,差し迫った;切迫した
eiken1,quash,鎮圧する;破棄する
eiken1,toddler,幼児;小児
eiken1,peddle,行商する;売り歩く
eiken1,relegate,左遷する;異動させる
eiken1,waterfall,滝;瀑布
eiken1,warden,監視員;見張り
eiken1,mediocre,平凡な;普通の
eiken1,derail,脱線させる;乱す
eiken1,inflame,燃え上がらせる;炎上させる
eiken1,urine,尿;尿液
eiken1,watershed,分水領;分岐点
eiken1,intermediary,仲介の;調停の
eiken1,ultraviolet,紫外線の;UVの
eiken1,wary,警戒している;注意している
eiken1,vigorously,精力的に;エネルギッシュに
eiken1,tint,色合い;色調
eiken1,nudge,軽くつつく;ちょんと突く
eiken1,quarrelsome,議論好きな;論争好きな
eiken1,creepy,気味悪い;不快な
eiken1,fragmentary,断片的な;部分的な
eiken1,sorely,ひどく;非常に
eiken1,vocational,職業の;仕事の
eiken1,eschew,避ける
eiken1,disguise,変装させる; 見せかける
eiken1,usher,案内係;ガイド
eiken1,scattered,散らばった;散在した
eiken1,jumble,乱雑にする;乱す
eiken1,dormant,休眠中の;休止中の
eiken1,corrupt,不正行為をする;カンニングする
eiken1,crackdown,取り締まり;監視
eiken1,malaise,不快感;違和感
eiken1,bigotry,偏屈;頑固
eiken1,fanatic,狂信者;過激派
eiken1,stash,隠しておく;秘密にする
eiken1,reconnaissance,偵察;偵查
eiken1,proclamation,宣言;公言
eiken1,inhibitor,抑制する人;制御者
eiken1,rancor,怨恨;憎しみ
eiken1,transcribe,複写する;複製する
eiken1,rift,切れ目;切り口;断ち切り
eiken1,chant,単調な歌;一本調子の歌
eiken1,edifice,建築物;構造物
eiken1,rectitude,実直さ;誠実さ
eiken1,puddle,水たまり;溜水
eiken1,flurry,突風;突然の風
eiken1,quartet,四人組;4人組み
eiken1,prelude,前触れ;予兆
eiken1,penchant,強い好み;強い趣味
eiken1,skew,斜めの;傾いた
eiken1,ensemble,全体的効果;全般的な影響;全体の影響
eiken1,remedy,治療法;治療手段
eiken1,rout,敗走;撤退
eiken1,resurrection,復活;再生
eiken1,frost,霜;霜降り
eiken1,locus,座標;位置情報
eiken1,fatality,死者;災害;犠牲者
eiken1,pathology,病理学;疾病学
eiken1,whirl,渦巻く;旋回する
eiken1,evasion,回避;避ける
eiken1,fallacy,誤信;誤解
eiken1,marrow,骨髄;髄
eiken1,hiatus,隙間;割れ目;ひび
eiken1,convergence,収束;集約;集中
eiken1,rebuff,拒絶;拒否
eiken1,coffer,金庫;金箱
eiken1,cohort,軍隊;仲間;部隊
eiken1,retaliation,報復;仕返し
eiken1,hyperbole,誇張;過大評価
eiken1,bower,木陰;樹下
eiken1,pilgrimage,巡礼;巡り参り
eiken1,outskirt,郊外;外れ
eiken1,wince,ひるむ;後退する
eiken1,crate,箱;容器
eiken1,neutron,中性子;原子核の一部
eiken1,testimonial,証明書;表彰状;認定書
eiken1,gala,祭り;祭典
eiken1,clump,木立ち;木々
eiken1,perimeter,周囲;環境;周囲の状況
eiken1,repository,倉庫;蔵
eiken1,buffer,緩衝;緩和
eiken1,courtship,求愛;愛の告白
eiken1,shackle,手錠;手枷
eiken1,prank,いたずら;悪ふざけ
eiken1,antipathy,反感;嫌悪
eiken1,configure,構成;設定;配置
eiken1,libel,名誉毀損;中傷
eiken1,enactment,立法;法制定
eiken1,accreditation,認定;承認
eiken1,invader,侵略者;侵入者
eiken1,caliber,口径;直径
eiken1,lighthouse,灯台;燈台
eiken1,connoisseur,鑑定家;評価家
eiken1,masculinity,男らしさ;男性らしさ
eiken1,glee,歓喜;喜び
eiken1,pseudonym,偽名;偽の名前;仮名
eiken1,bane,悩みの種;問題点
eiken1,goad,つき棒;棒
eiken1,abbey,修道院;僧院
eiken1,wobble,ぐらぐらする;揺れる
eiken1,opus,作品;制作物
eiken1,quip,警句;警告の言葉
eiken1,swoon,気絶;失神
eiken1,hub,中心部;核心
eiken1,plume,飾り羽根;装飾用の羽
eiken1,feud,確執;対立
eiken1,cornerstone,礎石;基礎
eiken1,petal,花弁;花びら
eiken1,screech,金切り声;高い叫び声
eiken1,consolation,慰め;励まし
eiken1,twitch,ぐいと引く;強く引っ張る
eiken1,affirmation,断言;明言
eiken1,ramification,分岐;分岐点
eiken1,entrepreneurship,起業家精神;創業者の心
eiken1,entourage,側近;近侍
eiken1,heresy,異説;違う意見
eiken1,precursor,前触れ;予告
eiken1,maverick,異端者;外道
eiken1,misgiving,懸念;心配
eiken1,nausea,吐き気;むかつき
eiken1,overture,序曲;前奏曲
eiken1,abdomen,腹部;腹の部分
eiken1,anemia,貧血症;赤血球不足
eiken1,contrition,悔み;後悔
eiken1,specter,妖怪;妖精
eiken1,ferocity,凶暴性;獰猛さ
eiken1,stitch,一編み;一つ編み
eiken1,rigor,厳格;厳重
eiken1,tad,ちびっ子;子供
eiken1,gall,憎しみ;胆汁
eiken1,caveat,警告;警戒
eiken1,fang,牙;犬歯
eiken1,mason,石工;石匠
eiken1,sheen,光沢;輝き
eiken1,succumb,屈する;服する
eiken1,archipelago,群島;諸島
eiken1,trudge,とぼとぼ歩く;のろのろ歩く
eiken1,incompetence,無能;無力
eiken1,asteroid,小惑星;アステロイド
eiken1,broom,ほうき;掃除道具
eiken1,porcelain,磁器;陶磁器
eiken1,torso,胴体;胴部
eiken1,repercussion,反響;反応;反射
eiken1,slouch,前かがみ;前を向く
eiken1,milieu,環境;周りの状況
eiken1,communique,公式発表;公式通知;公表
eiken1,homage,敬意;尊敬
eiken1,hump,こぶ;隆起
eiken1,efficacy,効能;効果
eiken1,ballpark,概算;おおよその計算
eiken1,plaza,大広場;広場
eiken1,clout,影響力;影響
eiken1,excursion,遠足;日帰り旅行
eiken1,hoax,悪ふざけ;いたずら
eiken1,rapprochement,和睦;平和の協定
eiken1,vindicate,疑いを晴らす;疑念を取り除く
eiken1,anesthesia,麻酔;麻酔薬
eiken1,mourning,喪中;服喪中
eiken1,barracks,兵舎;兵営
eiken1,wield,振り回す;使う
eiken1,crescent,三日月;新月
eiken1,fragmentation,断片化;分断
eiken1,enigma,不可解なこと;理解不能なこと
eiken1,sabotage,妨害行為;邪魔
eiken1,excavation,発掘;探し出す
eiken1,gazette,官報;公報
eiken1,casket,小箱;小さな容器
eiken1,mirage,蜃気楼;海市
eiken1,dogma,教義;教理
eiken1,bribe,賄賂;贈賄
eiken1,pantry,食料品室;食品庫
eiken1,psycho,精神病患者;精神障害者
eiken1,benefactor,恩人;恩を受けた人
eiken1,optics,光学;光の学問
eiken1,assortment,詰め合わせ;詰め物
eiken1,garland,花飾り;栄冠
eiken1,grid,格子;格子状
eiken1,sabbath,安息日;休息の日
eiken1,oracle,神のお告げ;神託
eiken1,corpus,文書資料の集成;文献集積
eiken1,median,中央の;中心的な
eiken1,plagiarism,盗用;窃取
eiken1,quagmire,泥沼;泥の沼
eiken1,coercion,強制;強要
eiken1,smirk,にやにや笑う;微笑む
eiken1,carcass,死骸;遺体
eiken1,deterioration,悪化;劣化
eiken1,ark,箱舟;ノアの方舟
eiken1,ovation,熱烈な歓迎;熱心な歓迎
eiken1,ailment,病気;疾患
eiken1,burglary,強盗;住宅侵入
eiken1,jihad,聖戦;宗教的な戦争
eiken1,laureate,受賞者;授賞者
eiken1,stud,種馬;繁殖馬
eiken1,annuity,年金;退職金
eiken1,horde,遊牧民族;移動する民
eiken1,bravado,虚勢;見せかけ
eiken1,orphanage,孤児院;孤児の家
eiken1,surcharge,追加料金;追加費用
eiken1,stepfather,継父;義父
eiken1,impunity,免責;免除
eiken1,patrician,貴族;貴人
eiken1,supremacy,最高;至高
eiken1,cove,入り江;湾
eiken1,pulp,果肉;果実の肉
eiken1,debtor,債務者;借金者
eiken1,outburst,爆発;爆破
eiken1,banquet,宴会;祝宴
eiken1,decency,良識;良知
eiken1,outage,停電;電力断
eiken1,snag,突起;隆起
eiken1,furrow,溝;水路
eiken1,doctorate,博士号;博士の学位
eiken1,scourge,むち;天罰
eiken1,midday,正午;真昼
eiken1,tenor,進路;趣旨
eiken1,probation,試用期間;試験期間
eiken1,felon,重罪犯人;凶悪犯
eiken1,hygiene,衛生;清潔
eiken1,furor,激怒;怒り狂う
eiken1,pigment,顔料;色素
eiken1,swagger,いばって歩く;得意げに歩く
eiken1,blackout,停電;電源断
eiken1,graveyard,墓地;霊園
eiken1,cognition,認知;認識
eiken1,tense,時制;時間体系
eiken1,protagonist,主人公;主役
eiken1,graft,接ぎ木;挿し木
eiken1,noun,名詞;単語
eiken1,rodent,齧歯類;小型哺乳動物
eiken1,relapse,再発;再度の発生
eiken1,conundrum,難問;難題
eiken1,debacle,総崩れ;崩壊
eiken1,phantom,幻影;幽霊
eiken1,stagnation,停滞;滞止
eiken1,jeopardy,危機;窮地
eiken1,fetus,胎児;胎子
eiken1,quantum,量子;量子単位
eiken1,moth,蛾;衣蛾
eiken1,incarceration,投獄;監獄送り
eiken1,sling,つり縄;つり紐
eiken1,predicament,苦境;困難
eiken1,magistrate,行政長官;行政官
eiken1,stealth,内密;秘密
eiken1,borough,自治区;自治体
eiken1,infringement,侵害;侵犯
eiken1,arthritis,関節炎;関節の炎症
eiken1,squadron,戦隊;部隊
eiken1,burrow,隠れ場所;隠れ家
eiken1,heyday,全盛期;最盛期
eiken1,coroner,検死官;法医
eiken1,lookout,警戒;眺望
eiken1,dearth,欠乏;不足
eiken1,decor,装飾;装飾品
eiken1,hypertension,高血圧;高血圧症
eiken1,rationale,理論的根拠;理論的基盤
eiken1,reflex,反射;反射作用
eiken1,mounting,取り付け;取り付けること
eiken1,renegade,反逆者;反乱者
eiken1,defamation,名誉毀損;中傷
eiken1,incest,近親相姦;近親関係
eiken1,swoop,急降下する;急落する
eiken1,roster,当番表;シフト表
eiken1,biopsy,生体組織検査;生体サンプル検査
eiken1,paramedic,救急救命士;救命士
eiken1,breadth,幅;横幅
eiken1,firearm,銃器;火器
eiken1,foreground,前景;背景
eiken1,acquittal,無罪放免;無罪を宣告する
eiken1,adultery,姦通;不倫
eiken1,rampart,城壁;城の壁
eiken1,sire,雄親;父親
eiken1,jug,水差し;じょうろ
eiken1,intolerance,不寛容;偏見
eiken1,axe,斧;戦斧
eiken1,larva,幼虫;子虫
eiken1,statesman,政治家;政府の役人
eiken1,rendezvous,待ち合わせ;会合
eiken1,caravan,隊;部隊
eiken1,thug,刺客;暗殺者
eiken1,cultivation,栽培;耕作
eiken1,stronghold,拠点;基地
eiken1,leash,ひも;くさり
eiken1,atheism,無神論;神を信じない考え
eiken1,ransom,身代金;解放金
eiken1,adjective,形容詞;形容する言葉
eiken1,fluke,まぐれ当たり;まぐれで
eiken1,guise,外観;見た目
eiken1,propensity,傾向;流れ
eiken1,squeal,悲鳴を上げる
eiken1,homicide,殺人;人を殺す行為
eiken1,thyroid,甲状腺;頸部の腺
eiken1,cache,貯蔵庫;保存場所
eiken1,moderation,節度;節制
eiken1,stockpile,備蓄;保存物
eiken1,flagship,旗艦;主力艦
eiken1,hypocrite,偽善者;偽善行為をする人
eiken1,battalion,大隊;部隊
eiken1,meteor,流星;流れ星
eiken1,informant,通報者;情報提供者
eiken1,retina,網膜;眼の内部の膜
eiken1,soothe,落ち着かせる;安定させる
eiken1,abduction,拉致;誘拐
eiken1,cliche,決まり文句;決まった言葉
eiken1,kinship,親族;家族
eiken1,respite,一休み;休憩
eiken1,snarl,唸る;吠る
eiken1,gloom,暗がり;憂鬱
eiken1,centerpiece,最重要;最も重要
eiken1,platoon,小隊;部隊
eiken1,pollen,花粉;植物の粉
eiken1,inception,始まり;開始
eiken1,genealogy,系譜;家系
eiken1,insurgency,反乱;反乱軍
eiken1,plaster,石膏;ギプス
eiken1,remorse,後悔;過ちを後悔する
eiken1,cupboard,食器棚;食器収納
eiken1,curator,学芸員;学芸スタッフ
eiken1,paste,のり;接着剤
eiken1,refinery,精製所;精練工場
eiken1,iceberg,氷山;巨大な氷の塊
eiken1,savior,救い主;救済者
eiken1,prostitution,売春;売身
eiken1,crap,くだらないもの;つまらないもの
eiken1,hive,ミツバチの巣箱;巣箱のミツバチの群れ
eiken1,pediatrician,小児科医;子供の医者
eiken1,irresistible,抵抗できない;無力な
eiken1,decipher,解読する;暗号を解く
eiken1,exhort,勧める;推薦する
eiken1,hearten,元気づける;励ます
eiken1,shitty,くだらない;ばかばかしい
eiken1,instill,注入する;打ち込む
eiken1,intractable,手に負えない;コントロールできない
eiken1,negate,無効にする;取り消す
eiken1,faulty,欠点のある;不完全な
eiken1,murky,陰気な;暗い
eiken1,whiff,ほのかな匂い;薄い香り
eiken1,analogous,類似の;似ている
eiken1,disgruntled,不満な;不機嫌な
eiken1,idyllic,のどかな;穏やかな
eiken1,receptive,受容性のある;受け入れ可能な
eiken1,laud,称賛する;賞賛する
eiken1,perennial,一年中続く;年間を通じて
eiken1,fraternal,兄弟の;兄妹の関係
eiken1,overt,明白な;明確な
eiken1,precocious,早熟の;早く成熟する
eiken1,utilization,利用;使用
eiken1,conjure,唱えて呼ぶ;呼びかける
eiken1,galvanize,電流を流す;通電する
eiken1,garnish,飾る;装飾する
eiken1,existential,実存の;存在する
eiken1,ascribe,のせいにする;責任を転嫁する
eiken1,vengeance,復讐;報復
eiken1,brash,せっかちな;急かせる
eiken1,goofy,間抜けな;馬鹿げた
eiken1,implacable,和解しにくい;対立しやすい
eiken1,poignant,強烈な;極端な
eiken1,deterrent,抑止する;制止する
eiken1,pertinent,関係がある;関連する
eiken1,punitive,懲罰的な;罰するような
eiken1,disband,解散する;ばらばらにする
eiken1,lofty,高尚な;高潔な
eiken1,glowing,白熱した;熱狂的な
eiken1,therein,その中に;内部に
eiken1,cerebral,脳の;神経の
eiken1,abet,扇動する;煽る
eiken1,vanguard,前衛;先駆者
eiken1,adjoining,隣の;隣接する
eiken1,eerie,不気味な;気味が悪い
eiken1,stagnant,停滞している;静止している
eiken1,contingent,起こりうる;発生可能な
eiken1,latent,潜在している;隠れている
eiken1,prescribed,所定の;指定された
eiken1,staggering,千鳥足の;ふらふらの
eiken1,daring,大胆な;果敢な
eiken1,wreckage,残骸;遺骸;がれき
eiken1,flop,ばったり倒れる;突然倒れる
eiken1,incite,扇動する;煽る
eiken1,pursuant,に従って;従い
eiken1,warhead,弾頭;弾丸
eiken1,interdisciplinary,学際的な;多分野の
eiken1,scathing,痛烈な;厳しい
eiken1,tyrant,暴君;専制君主
eiken1,astute,鋭い;鋭敏な
eiken1,orbital,軌道の;軌道に関する
eiken1,alias,別名は;別称は
eiken1,fumble,手探りする;取り損ねる;手間取る
eiken1,whirlwind,旋風;つむじ風;竜巻
eiken1,detach,切り離す;分断する
eiken1,unjust,不当な;不適切な
eiken1,textual,本文の;正文の;原本の
eiken1,sleek,滑らかな;艶やかな
eiken1,amply,広々と;広大に
eiken1,makeshift,その場しのぎの;仮の
eiken1,unconventional,型破りな;非凡な
eiken1,writ,令状;逮捕令
eiken1,hesitant,ためらった;躊躇した
eiken1,introspective,内省的な;反省的な
eiken1,obscene,卑猥な;下劣な
eiken1,apprehend,捕らえる;捕獲する
eiken1,gasp,息をのむ
eiken1,expatriate,自国を離れる;出国する
eiken1,dim,薄暗い
eiken1,heterosexual,異性愛の
eiken1,exult,喜ぶ;うれしく思う
eiken1,coy,恥ずかしいふりをした;照れくさいふりをした
eiken1,heady,せっかちな;急かせる
eiken1,embroil,巻き込む;関与させる
eiken1,affective,優しい;親切な
eiken1,bipolar,二極ある;二極性がある
eiken1,bullish,頑固な;固執する
eiken1,adrift,漂流して;漂う;流されている
eiken1,overblown,誇張された;過大評価された
eiken1,aforementioned,前述の;先に述べた
eiken1,glean,集める;収集する
eiken1,brandish,振り回す;使う;利用する
eiken1,abdominal,腹部の;腹の
eiken1,curt,そっけない;無愛想な
eiken1,annul,無効にする;無効化する
eiken1,forlorn,孤独な;寂しい
eiken1,annex,添付する;別館
eiken1,tawdry,安っぽい;安易な
eiken1,terrestrial,地球上の;地上の
eiken1,whim,気まぐれ;移り気な
eiken1,celestial,天体の;星座の
eiken1,rampant,自由奔放な;はびこった;無節操な
eiken1,devious,遠回りの;回り道の
eiken1,quirky,風変わりな;奇抜な
eiken1,sardonic,冷笑的な;皮肉な
eiken1,corroborate,裏付ける;裏を取る
eiken1,intestinal,腸の;腸管の
eiken1,retrospective,回顧的な;振り返る
eiken1,sleazy,低級な;薄っぺらな;下品な
eiken1,forestall,先んずる;先駆ける
eiken1,forgo,差し控える;遠慮する
eiken1,canine,犬の;犬用の
eiken1,savvy,分かる;理解する
eiken1,antiquated,時代遅れの;古い
eiken1,resilient,弾力性のある;柔軟な
eiken1,audacious,大胆な;勇敢な
eiken1,austere,厳格な;厳重な
eiken1,fluorescent,蛍光の;発光する
eiken1,outstrip,追い越す;先行する
eiken1,hum,鼻歌を歌う;ブーンと鳴る
eiken1,whimsical,気まぐれな;移り気な
eiken1,extol,絶賛する;高く評価する
eiken1,drizzle,霧雨が降る;細かい雨が降る
eiken1,vandalism,破壊行為;破壊的な行い
eiken1,retarded,発達の遅れた;遅滞している
eiken1,arcane,不可思議な;神秘的な
eiken1,neural,神経の;神経系の
eiken1,vile,下劣な;卑猥な
eiken1,solemn,厳粛な;真剣な
eiken1,translucent,半透明の;透けて見える
eiken1,degenerate,退化する;後退する
eiken1,obliterate,抹消する;消去する;線を引いて消す
eiken1,falter,ためらう;躊躇する
eiken1,brazen,厚かましい;無礼な
eiken1,fluffy,綿毛の;フワフワした
eiken1,faded,色あせた;退色した
eiken1,inundate,水浸しにする;水没させる
eiken1,meander,蛇行する;曲がりくねる
eiken1,luxurious,豪華な;贅沢な
eiken1,putative,推定の;予測の
eiken1,sanguine,楽天的な;楽観的な
eiken1,entrench,塹壕に入れる;防御する
eiken1,deride,あざ笑う;嘲笑する
eiken1,volatility,揮発性;揮発しやすい
eiken1,flinch,尻込みする;躊躇する
eiken1,vindication,弁護;防御;弁明
eiken1,diabetic,糖尿病の;高血糖の
eiken1,incendiary,放火の;火災を引き起こす
eiken1,vernacular,固有の;独自の;特有の
eiken1,adjacent,隣接している;近接する
eiken1,nominal,名目上の;形式上の
eiken1,opaque,不透明な;明瞭でない
eiken1,scrupulous,良心的な;誠実な
eiken1,nourish,養う;育てる;支える
eiken1,crappy,安っぽい;安価な
eiken1,drench,ずぶぬれにする;水浸しにする
eiken1,overstate,誇張する;過大評価する
eiken1,insidious,陰湿な;卑劣な
eiken1,lush,青々とした;生い茂った;新緑の
eiken1,devoid,欠けている;不足している
eiken1,condone,大目に見る;寛大に扱う
eiken1,arid,乾燥した;乾いている
eiken1,deft,器用な;巧妙な
eiken1,nimble,機敏な;敏捷な
eiken1,auditory,聴覚の;聞く力
eiken1,accrue,発生する;起こる
eiken1,dearly,心から;真心で
eiken1,ostensibly,表向きは;外面的に
eiken1,incompatible,非互換の;不適合な
eiken1,obsessive,強迫観念のある;妄想的な
eiken1,prodigious,驚異的な;素晴らしい
eiken1,fickle,気まぐれな;不安定な
eiken1,inscribe,刻む;彫る
eiken1,ambivalent,相反する感情のある;矛盾した感情の
eiken1,canny,抜け目のない
eiken1,deplete,枯渇させる;使い尽くす
eiken1,charred,黒焦げになった;焦げた
eiken1,disparate,異なる;違う
eiken1,hideous,恐ろしい;恐怖な
eiken1,irate,怒った;怒る
eiken1,capitulate,降伏する;投降する
eiken1,cull,摘む;間引く;取り除く
eiken1,speculative,思索的な;考察的な;思考に関する
eiken1,vet,獣医;動物医師
eiken1,frigid,極寒の;極寒地の
eiken1,flounder,もがく;足掻く
eiken1,align,揃える;整える
eiken1,affiliated,提携した;連携した
eiken1,gild,金を塗る;金箔を貼る
eiken1,upheaval,隆起;突起
eiken1,contemplative,瞑想的な;沈黙思考の
eiken1,dissipate,散らす;ばらまく
eiken1,respiratory,呼吸の;呼吸に関する
eiken1,hasten,急がせる;焦らせる
eiken1,amidst,の中で;内部で
eiken1,trinity,三位一体;三つ
eiken1,infringe,侵害する;侵犯する
eiken1,wrath,激怒;怒り狂う
eiken1,dazzling,眩しい;明るい
eiken1,ghastly,恐ろしい;怖い;恐ろしいほど
eiken1,intimately,親密に;密接に
eiken1,genteel,上品な;優雅な
eiken1,addictive,中毒性の;依存性の
eiken1,rabid,狂った;狂気の
eiken1,clinch,折り曲げて留める;折って固定する
eiken1,malign,有害な;有毒な
eiken1,quintessential,典型的な;一般的な
eiken1,loot,戦利品;略奪物
eiken1,martian,火星の;火星に関する
eiken1,womb,子宮;母胎
eiken1,admirable,見事な;素晴らしい
eiken1,acquit,無罪宣告する;無罪を証明する
eiken1,fret,いらいらする;怒る
eiken1,fervent,熱烈な;情熱的な
eiken1,touchy,過敏な;敏感な
eiken1,humiliating,屈辱的な;恥ずかしい
eiken1,lavish,気前の良い;寛大な
eiken1,disposable,使い捨ての;一回きりの
eiken1,grope,模索する;探求する
eiken1,collegiate,大学の;大学に関する
eiken1,insatiable,強欲な;貪欲な
eiken1,err,誤る;間違える
eiken1,futile,無駄な;非効率的な
eiken1,motley,雑多な;多様な
eiken1,noteworthy,注目に値する;見逃せない
eiken1,lunge,突進;急進
eiken1,brutally,残酷に;無慈悲に
eiken1,detonate,爆発させる;破裂させる
eiken1,intrude,侵入する;侵害する
eiken1,raucous,耳障りな;騒々しい;うるさい
eiken1,mortify,悔しがらせる;抑制する;嫌がらせる
eiken1,infest,横行する;はびこる
eiken1,tuberculosis,結核;肺結核
eiken1,coronary,冠状動脈の;心臓に関連した
eiken1,exacerbate,悪化させる;悪くする
eiken1,horribly,恐ろしく;怖いほど
eiken1,momentarily,瞬時に;一瞬で
eiken1,loom,ぼんやり現れる;織機;霧の中に
eiken1,nibble,少しずつ食べる;つまむ;少量ずつ摂取する
eiken1,verification,立証;証明
eiken1,deserving,値する;価値がある
eiken1,impromptu,即座に;すぐに
eiken1,insofar,その範囲で;その限りで
eiken1,ooze,にじみ出る;漏れ出る
eiken1,ballistic,弾道の;飛ぶ方向
eiken1,greasy,脂っこい;油っぽい
eiken1,engulf,飲み込む;ゴクリと飲む
eiken1,ceremonial,儀式上の;儀式的な
eiken1,prodigy,天才;神童
eiken1,provisional,暫定的な;仮の
eiken1,extremist,過激派;極端な
eiken1,numb,麻痺した;しびれた;無感覚な
eiken1,wee,ちっぽけな;小さい
eiken1,worthy,価値のある;貴重な
eiken1,aggregate,集める;収集する
eiken1,nightly,夜間の;夜の
eiken1,overshadow,暗くする;暗にする
eiken1,eject,追い出す;排除する
eiken1,warren,飼育場;飼育施設
eiken1,lurch,よろめき;ふらつき
eiken1,spooky,不気味な;怖い
eiken1,apprehensive,心配した;気になる
eiken1,classy,上品な;優雅な
eiken1,consummate,完ぺきな;完全な
eiken1,esteem,尊重する;敬う
eiken1,glib,口達者な;話が得意な
eiken1,demur,異議を唱える;反対する
eiken1,inadvertently,うっかりと;不注意にも
eiken1,burly,たくましい;強靭な;頑強な
eiken1,ragged,ぼろぼろの;古びた
eiken1,malicious,悪意のある;敵意を持つ
eiken1,clueless,無知な;知識のない
eiken1,fetal,胎児の;胎児に関する;胎内の
eiken1,rife,流行して;人気がある
eiken1,depose,免職する;解雇する
eiken1,indelible,消えない;永続する
eiken1,proprietary,所有者の;独占の
eiken1,impeach,弾劾する;告発する
eiken1,indispensable,欠かせない;必須の
eiken1,glossy,光沢のある;つややかな
eiken1,leach,ろ過する;濾す
eiken1,disparage,見下す;軽視する;軽蔑する
eiken1,glut,満たす;充足させる
eiken1,sumptuous,贅沢な;豪華な;高級な
eiken1,abrasive,すり減らす;減らす;摩耗させる
eiken1,debase,堕落させる;道を踏み外させる
eiken1,stunned,驚いた;びっくりした
eiken1,equitable,公平な;平等な
eiken1,contraceptive,避妊の;出産を防ぐ
eiken1,salient,顕著な;明らかな;明白な
eiken1,mend,繕う;修理する
eiken1,vantage,有利;得する
eiken1,clandestine,内密の;秘密の
eiken1,cobble,修繕する;修理する
eiken1,candid,率直な;正直な
eiken1,insurgent,暴動を起こした;乱れた
eiken1,hurtle,急いで行く;急ぐ
eiken1,optic,目の;視力の;視覚の
eiken1,serpent,蛇;蛇のような人
eiken1,synthesize,統合する;まとめる
eiken1,dementia,認知症;記憶障害
eiken1,garrison,駐屯地;兵士が居住する場所
eiken1,injunction,差し止め;停止命令
eiken1,contaminant,汚染物質;環境に害を与える物質
eiken1,quarry,採石場;石を採る場所;鉱山
eiken1,infusion,注入;注ぎ込む
eiken1,realtor,不動産業者;土地や建物の売買を仲介する人
eiken1,barrage,弾幕;多数の弾丸や意見
eiken1,defection,離反;背いた
eiken1,spate,多数;大部分;大勢
eiken1,brethren,義兄弟;誓いで結ばれた兄弟
eiken1,clutter,乱雑;無秩序;混乱
eiken1,thump,ゴツンと叩く;強く打つ
eiken1,civility,礼儀正しさ;マナーの良さ
eiken1,moss,苔;藻類;苔の塊
eiken1,ordinance,条例;地方自治体が制定する法律;法令
eiken1,buyout,買占め;大量に買い占める行為;買い集め
eiken1,leukemia,白血病;血液のがん;白血球症
eiken1,oxide,酸化物;酸と反応した物質;酸化化合物
eiken1,pore,細孔;小さい穴
eiken1,negligence,怠慢;怠ける;やる気がない
eiken1,loophole,抜け穴;例外や逃げ道
eiken1,braille,点字;視覚障害者用の読み書きシステム
eiken1,proliferate,増殖する;数を増やす
eiken1,tamper,改ざんする;偽装する
eiken1,lexicon,語彙;言葉の集まり;単語群
eiken1,perjury,偽証;虚偽の証言;偽り
eiken1,diarrhea,下痢;便が液状になる状態
eiken1,berth,寝台;寝る場所
eiken1,perpetrate,犯す;違反する;犯罪を犯す
eiken1,purport,趣旨;目的;意図
eiken1,waver,揺らぐ;安定していない;ぐらつく
eiken1,luncheon,昼食;正午頃に食べる食事
eiken1,espionage,スパイ活動;情報を秘密裏に収集する活動;陰謀活動
eiken1,genesis,起源;始まり;出発点
eiken1,janitor,用務員;建物のメンテナンス等を担当する人
eiken1,alumnus,卒業生;卒業した人
eiken1,antidote,解毒剤;毒を中和する物質;解毒薬
eiken1,commandment,命令;指示;指令
eiken1,wane,欠ける;不足している;欠損している
eiken1,booty,戦利品;略奪物;盗品
eiken1,abyss,深淵;非常に深いところ;底なし
eiken1,subvert,覆す;覆い隠す;逆転させる
eiken1,cynic,皮肉屋;皮肉を言う人;ひねくれた人
eiken1,electrode,電極;電流を通す部品;電流を通す部品
eiken1,sexist,男女差別主義者;男女間で不平等を支持する人;性差別主義者
eiken1,choreographer,振付師;ダンスや動きを設計する人;振付家
eiken1,collusion,共謀;共同で犯罪を行う行為;陰謀
eiken1,gradient,勾配;斜面;傾斜
eiken1,proffer,差し出す;提供する;出す
eiken1,stutter,口ごもる;話すのをためらう;言葉に詰まる
eiken1,lore,伝承;口頭や文書で伝えられる習慣や話;口承
eiken1,culmination,絶頂;最高点;頂点
eiken1,attrition,消耗;使い果たす;減少
eiken1,disparity,相違;違い;不一致
eiken1,combustion,燃焼;火を燃やす;酸化反応
eiken1,permeate,浸透する;染み込む;広がる
eiken1,sob,すすり泣く;涙声で泣く;泣く音
eiken1,glitch,小さな欠陥;小さい不備;微小な欠点
eiken1,levee,堤防;水害防止のための壁;防波堤
eiken1,sanctity,尊厳;威厳;尊重される資質
eiken1,wreak,浴びせる;たくさんかける;振りかける
eiken1,wilt,しおれる;萎む;元気をなくす
eiken1,paralysis,麻痺;感覚;動きの喪失
eiken1,reprimand,懲戒;罰すること;訓練
eiken1,rapport,信頼関係;信用と信頼に基づく関係
eiken1,plywood,合板;数枚の板を貼り合わせた材料;積層板
eiken1,apprehension,気遣い;不安;配慮や心配
eiken1,raider,急襲者;突然攻撃を仕掛ける人
eiken1,nook,隅;角や端
eiken1,genus,属;分類や所属
eiken1,secession,離脱;退出すること
eiken1,peter,細くなる;狭くなる
eiken1,relive,追体験する;再び体験する
eiken1,scurry,せかせか動く;忙しなく動く
eiken1,reverence,敬意;尊敬;尊重
eiken1,shortfall,不足;足りないこと
eiken1,ex-husband,元夫;以前の配偶者
eiken1,preoccupation,没頭;集中すること;夢中
eiken1,luster,光沢;艶;輝き
eiken1,notation,表記;書き表示すこと
eiken1,patronage,後援;支援;援助
eiken1,penetration,貫通;一方から他方まで通過する
eiken1,proprietor,所有者;何らかの物や権利を持っている人
eiken1,sinus,湾曲;曲がっていること
eiken1,clamor,喧噪;うるさい雑踏や騒音
eiken1,acronym,頭字語;初めの文字で作られる単語
eiken1,resonant,共鳴する;感じ合う;同調する
eiken1,bandit,盗賊;盗みを働く人
eiken1,discontent,不満;満足していない状態
eiken1,unearth,発掘する;掘り出す;新たに見つけ出す
eiken1,replenish,補充する;足りないものを追加する
eiken1,skirmish,小競り合い;小さな争いや戦い
eiken1,gust,突風;突然の風
eiken1,primate,霊長類;霊長動物
eiken1,handcuff,手錠;人を拘束する装置
eiken1,hoof,蹄;馬や牛などの足の一部
eiken1,revel,楽しむ;何かを心から喜ぶ
eiken1,citation,引用;他人の言葉や文章を取り上げる
eiken1,complexion,顔色;肌の色調
eiken1,tout,うるさく勧誘する;しつこく誘う
eiken1,fiat,命令;指令や要求
eiken1,quell,鎮める;落ち着かせる
eiken1,envoy,使者;代理人や遣使
eiken1,fodder,飼料;動物のエサ
eiken1,comptroller,会計監査官;会計をチェックする専門家;財務諸表を確認する専門家
eiken1,excise,物品税;商品にかかる税金
eiken1,punctuate,句読点をつける;文章に区切りを入れる
eiken1,continuum,連続体;途切れることなく続くもの
eiken1,diaper,おむつ;おしめ
eiken1,ferment,発酵体;発酵を引き起こす物質
eiken1,pleading,嘆願;懇願;請願
eiken1,scum,薄皮;上皮
eiken1,puncture,穴を空ける;穴を開ける
eiken1,fledgling,駆け出し;初心者
eiken1,patriarch,家長;家族の主
eiken1,mower,芝刈り機;草刈り機
eiken1,iteration,反復;繰り返し
eiken1,paraphrase,言い換え;再表現
eiken1,revulsion,嫌悪;反感
eiken1,beacon,のろし;目印;合図
eiken1,rectangle,長方形;四角形
eiken1,tarnish,曇らせる;濁らせる
eiken1,defiance,反抗;反発
eiken1,blister,水膨れ;水疱
eiken1,chuckle,含み笑い;ほくそ笑い
eiken1,conflagration,大火災;大規模な火事
eiken1,sham,見せかけ;仮装
eiken1,glimmer,かすかな光;微かな光
eiken1,onslaught,猛攻撃;激しい攻撃
eiken1,arson,放火;火をつける
eiken1,euphemism,婉曲表現;遠回しの表現
eiken1,overdose,過剰摂取;過食
eiken1,yawn,欠伸をする;あくびをする
eiken1,altruism,利他主義;無私無欲
eiken1,enclave,飛び地;飛地
eiken1,endemic,風土病;地域病;特定の地域で多く見られる病気
eiken1,splice,組み継ぎする;繋ぐ;接合する
eiken1,emblem,象徴;何かを代表するものや事象;権化
eiken1,farce,茶番;喜劇;茶番劇
eiken1,foray,不意打ち;突撃;急襲
eiken1,bundle,束;一揃い;一組
eiken1,finesse,巧妙な処理;うまい対処;手腕
eiken1,fume,臭い煙;臭気;悪臭
eiken1,squander,浪費する;無駄遣いする;散財する
eiken1,absurdity,不条理;不合理;矛盾
eiken1,smite,強打する;激打する;ぶん殴る
eiken1,lobe,耳たぶ;耳垂;耳たぼ
eiken1,scribble,落書きする;書き散らす;いたずら書きをする
eiken1,banter,冗談;笑い話;おどけ
eiken1,tangle,もつれさせる;絡ませる;混乱させる
eiken1,asylum,亡命;亡命者;亡命生活
eiken1,grudge,恨み;悪意;憎しみ
eiken1,slick,滑らかな;艶やかな;平滑な
eiken1,herald,使者;使い;代表者
eiken1,revile,悪口を言う;中傷する;非難する
eiken1,ambush,待ち伏せ;待ち構え;伏兵
eiken1,parity,同等;等価;相当
eiken1,strew,ばらまく;散布する;拡散する
eiken1,bastion,要塞;城塞;砦
eiken1,complicity,共犯;共謀者;仲間
eiken1,renounce,放棄する;断念する;諦める
eiken1,extradition,引き渡し;渡す;提供する
eiken1,brawl,乱闘;乱打;暴行
eiken1,clientele,依頼人;依頼者
eiken1,reinstate,復帰させる;復元する
eiken1,ascent,上昇;昇格
eiken1,gorge,峡谷;渓谷
eiken1,solace,慰め;安堵
eiken1,knack,こつ;要領
eiken1,retribution,報復;復讐
eiken1,sludge,汚泥;泥沼
eiken1,contingency,不測の事態;突発的な事態
eiken1,registry,登記;記載
eiken1,acumen,洞察力;識見
eiken1,wrangle,口論する;議論する
eiken1,anarchy,無秩序;混沌
eiken1,labyrinth,迷宮;迷路
eiken1,smother,窒息させる;息を止める
eiken1,diffusion,拡散;広がり
eiken1,blight,疫病;感染症
eiken1,foyer,休憩室;待合室
eiken1,subversive,破壊する;壊す
eiken1,impediment,障害;障害物
eiken1,pawn,抵当;抵抗
eiken1,payroll,給与;給料
eiken1,quirk,変な癖;特異な癖
eiken1,curfew,門限;帰宅制限
eiken1,pamper,甘やかす;ひねくれる
eiken1,stoke,燃料をくべる;火力を増す
eiken1,disintegration,崩壊;崩壊状態
eiken1,impasse,行き詰まり;進行不能
eiken1,rendition,演出;舞台監督
eiken1,persecute,迫害する;圧迫する
eiken1,bounty,寛大;寛容
eiken1,hindsight,後知恵;振り返り
eiken1,avatar,権化;象徴
eiken1,brat,小僧;若者
eiken1,jettison,放棄;断念
eiken1,taunt,罵倒する;侮辱する
eiken1,wiggle,ぴくぴく動かす;ひくつかせる
eiken1,allusion,暗示;示唆
eiken1,procurement,調達;供給
eiken1,aberration,脱線行為;妨害行為
eiken1,backlash,激しい反発;強い反響
eiken1,euphoria,陶酔;夢中
eiken1,eligibility,適格性;妥当性
eiken1,dictum,意見;格言
eiken1,manure,肥料;施肥物
eiken1,populace,民衆;大衆
eiken1,bedrock,岩盤;硬層
eiken1,centennial,100年祭;百年祭
eiken1,stint,切り詰める;節約する
eiken1,omen,前兆;予兆
eiken1,teem,群がる;集まる
eiken1,picket,くい;柵
eiken1,acknowledgement,承認;認可
eiken1,straddle,またがる;乗り越える
eiken1,chasm,裂け目;割れ目
eiken1,complacency,自己満足;自己陶酔
eiken1,pedigree,血統;家系
eiken1,adversity,逆境;困難;窮地
eiken1,heap,塊;山盛り
eiken1,rationality,合理性;合理主義
eiken1,philanthropy,博愛;普遍愛
eiken1,cynicism,皮肉;冷嘲
eiken1,mitigation,緩和;和らげる
eiken1,morgue,遺体安置所;遺体保管所
eiken1,pod,さや;刃物の保管用ケース;植物の部分
eiken1,alienation,疎外;遠ざける;孤立させる
eiken1,corporal,伍長;軍曹;下士官
eiken1,funk,臆病;怯える;気が小さい
eiken1,deluge,大洪水;大水害;氾濫
eiken1,intestine,腸;腸管;はらわた
eiken1,liturgy,典礼;儀式;式典
eiken1,sarcasm,皮肉;嘲笑;冷笑
eiken1,anthem,賛歌;賛美歌
eiken1,demolition,解体;崩壊;解散
eiken1,propagate,広める;拡大する
eiken1,romp,ふざけ回る;遊び回る;馬鹿騒ぎする
eiken1,obituary,死亡記事;訃報;死亡通知
eiken1,adjunct,付属物;付加物
eiken1,crusader,十字軍;聖戦;聖戦運動
eiken1,seminary,神学校;神学院
eiken1,exaggeration,誇張;過大評価;過大視
eiken1,impetus,運動力;活力;動力
eiken1,compilation,編集;修正;校正
eiken1,semiconductor,半導体;電子部品;半導体素子
eiken1,gut,腸;大腸;小腸
eiken1,measles,麻疹;発疹;斑疹
eiken1,smuggler,密輸業者;密輸人;運び屋
eiken1,miscarriage,失敗;流産
eiken1,bystander,傍観者
eiken1,epicenter,震源地
eiken1,improvisation,即興;アドリブ;即席にやること
eiken1,lineage,系統;体系;系列
eiken1,recourse,依頼
eiken1,foreman,親方
eiken1,rupture,破裂;割れる;爆破
eiken1,spurn,追い払う;排除する;締め出す
eiken1,hepatitis,肝炎
eiken1,pun,駄じゃれ
eiken1,hallucination,幻覚
eiken1,arithmetic,算数;算術;計算
eiken1,pitfall,落とし穴;罠;隠れた危険
eiken1,stunt,発育を妨げる;成長を阻害する
eiken1,menopause,閉経;更年期;停止
eiken1,inhibition,禁止
eiken1,litigation,訴訟
eiken1,hull,外皮;船体
eiken1,exposition,展示会
eiken1,euthanasia,安楽死
eiken1,lunatic,精神異常者
eiken1,obscenity,わいせつ
eiken1,manifesto,宣言書;声明書
eiken1,absentee,欠席者;不参加者
eiken1,locale,現場
eiken1,manslaughter,過失致死
eiken1,insurrection,暴動
eiken1,enclosure,包囲;囲い
eiken1,placate,なだめる
eiken1,funnel,漏斗
eiken1,kettle,やかん
eiken1,pertain,関係する
eiken1,malpractice,不正行為
eiken1,outpatient,外来患者
eiken1,secede,離脱する
eiken1,whack,打つ
eiken1,calculus,結石;微分;積分
eiken1,inoculation,予防接種
eiken1,piracy,海賊行為;著作権侵害
eiken1,truce,休戦
eiken1,ruckus,大騒ぎ;騒乱
eiken1,cardiovascular,心血管の
eiken1,surrogate,代理人
eiken1,vial,ガラス瓶
eiken1,conglomerate,密集した
eiken1,palatable,美味しい
eiken1,tepid,生ぬるい
eiken1,annihilate,全滅させる
eiken1,gruesome,ぞっとする
eiken1,precarious,不安定な
eiken1,cervical,頸部の
eiken1,treasurer,会計係
eiken1,mural,壁の
eiken1,consecrate,奉献する
eiken1,bloated,むくんだ
eiken1,extradite,引き渡す
eiken1,complimentary,無料の;賞賛の;敬意を表する
eiken1,corrosive,腐食性の
eiken1,defiant,反抗的な
eiken1,palpable,さわれる
eiken1,muffle,包む
eiken1,generalized,一般化された
eiken1,tinge,色合い
eiken1,glisten,輝く;きらめく
eiken1,exacting,厳しい
eiken1,flagrant,極悪非道の
eiken1,nuptial,婚礼の
eiken1,predatory,肉食の
eiken1,impaired,障害のある;障害がある
eiken1,obnoxious,不愉快な
eiken1,stalwart,堅固な
eiken1,stately,風格のある
eiken1,shoddy,見掛け倒しの
eiken1,radiant,輝く;ぎらぎら輝く
eiken1,glint,きらめく
eiken1,infrared,赤外線の
eiken1,requisite,必要な
eiken1,autistic,自閉症の
eiken1,flit,すいすい飛ぶ
eiken1,gregarious,群生した
eiken1,majestic,雄大な
eiken1,exuberant,あふれんばかりの
eiken1,elucidate,解明する
eiken1,waiver,免除;除外
eiken1,ailing,病んでいる
eiken1,perverse,ひねくれた
eiken1,vogue,流行
eiken1,venom,毒
eiken1,ethereal,空気の様に軽やかな
eiken1,interpretive,解釈の
eiken1,ultimatum,最終通告
eiken1,cardiac,心臓の
eiken1,zest,熱意
eiken1,posh,豪華な
eiken1,appellate,上訴の
eiken1,boldly,大胆に
eiken1,atone,償う
eiken1,obese,肥満体の
eiken1,fluctuate,変動する
eiken1,defunct,消滅した
eiken1,incarcerate,投獄する
eiken1,lax,手ぬるい
eiken1,grueling,厳しい
eiken1,supple,柔軟な
eiken1,idiosyncratic,特異な
eiken1,perceptual,知覚の
eiken1,sparse,希薄な
eiken1,sectarian,宗派の
eiken1,tenuous,薄い
eiken1,stalemate,行き詰まり
eiken1,whereabouts,どの辺りに
eiken1,antagonize,敵に回す
eiken1,gobble,がつがつ食べる
eiken1,belligerent,好戦的な
eiken1,lubricate,潤滑させる
eiken1,vigilant,警戒した
eiken1,distraught,取り乱した
eiken1,exorcise,厄払いする
eiken1,synonymous,同義の
eiken1,sporadic,散発的な
eiken1,bode,予言する
eiken1,zinc,亜鉛
eiken1,dogged,頑固な
eiken1,inept,不適当な
eiken1,ventilation,換気
eiken1,taut,ぴんと張ってある
eiken1,jostle,押し合う
eiken1,stellar,星の
eiken1,exude,滲み出させる
eiken1,thorn,とげ
eiken1,attentive,注意深い
eiken1,outwit,出し抜く
eiken1,blurt,うっかり話す
eiken1,encroach,侵入する
eiken1,engender,醸し出す
eiken1,condescend,謙遜する
eiken1,pulmonary,肺の
eiken1,notoriously,悪名高く
eiken1,detract,損なう
eiken1,remedial,治療する;療養する
eiken1,trivia,些細な事
eiken1,discretionary,任意の
eiken1,pessimistic,悲観的な
eiken1,pseudo,偽りの
eiken1,antecedent,先行する
eiken1,fleeting,つかの間の
eiken1,harrowing,悲惨な
eiken1,tantalizing,じれったい;もどかしい
eiken1,culinary,料理の
eiken1,accentuate,強調する
eiken1,sordid,むさ苦しい
eiken1,pilfer,くすねる
eiken1,assail,暴行する
eiken1,airborne,空輸の
eiken1,fragrant,香ばしい
eiken1,innocuous,無害の
eiken1,eclectic,折衷の
eiken1,trajectory,軌道
eiken1,jut,突き出す;突出する
eiken1,relentlessly,容赦なく
eiken1,distorted,歪んだ
eiken1,tumultuous,騒然とした
eiken1,accede,同意する
eiken1,markedly,著しく
eiken1,hilarious,滑稽な
eiken1,veritable,真実の;本当の
eiken1,jeer,冷やかす
eiken1,comatose,昏睡状態の
eiken1,lewd,淫らな
eiken1,gloomy,暗い
eiken1,spontaneously,自発的に
eiken1,vigil,寝ずの番
eiken1,contravene,違反する
eiken1,soaring,舞い上がる
eiken1,impeccable,申し分のない
eiken1,laudable,称賛に値する
eiken1,patriarchal,家長の
eiken1,dour,陰気な
eiken1,tangled,もつれた
eiken1,headlong,真っ逆さまに
eiken1,corrode,腐食する
eiken1,speck,斑点
eiken1,transmitter,送信機
eiken1,spree,酒宴
eiken1,outspoken,率直な
eiken1,hark,聞く
eiken1,tarp,防水シート
eiken1,germinate,発芽する
eiken1,quadruple,4倍の
eiken1,scant,乏しい;不足している
eiken1,instigate,扇動する
eiken1,affable,親しみの持てる
eiken1,cumbersome,面倒な;扱いづらい
eiken1,strident,かん高い
eiken1,uproar,大騒ぎ
eiken1,flawless,完璧な
eiken1,adept,熟達した
eiken1,bulky,かさばった;嵩高な
eiken1,glitter,きらきら輝く
eiken1,intrepid,勇敢な
eiken1,impersonate,役を演じる
eiken1,lisp,舌足らずに発音する
eiken1,taint,腐敗;汚点
eiken1,deceptive,だまそうとする;当てにならない
eiken1,contextual,文脈上の
eiken1,grandiose,壮大な
eiken1,meager,貧弱な
eiken1,anew,新たに
eiken1,conceivable,考えられる
eiken1,verbally,口頭で
eiken1,pacify,なだめる
eiken1,turbulent,荒れ狂った
eiken1,peruse,熟読する
eiken1,erratic,不安定な
eiken1,smug,独り善がり
eiken1,congregate,集まる
eiken1,cower,縮み上がる
eiken1,torrent,急流
eiken1,uncanny,不気味な
eiken1,manifest,明白な
eiken1,abhor,嫌悪する
eiken1,moot,議論する
eiken1,tremor,震動
eiken1,squabble,つまらない口論
eiken1,wand,杖
eiken1,hydraulic,油圧の
eiken1,buoyant,浮力のある
eiken1,dissect,解剖する
eiken1,seductive,魅惑的な
eiken1,stringent,厳格な
eiken1,overdue,延滞した
eiken1,ablaze,燃え立っている
eiken1,aggrieved,感情を害した
eiken1,jagged,角立った
eiken1,rustic,田舎の
eiken1,gritty,砂の入った
eiken1,flimsy,薄っぺらな
eiken1,heartfelt,心からの;本心からの
eiken1,boisterous,騒々しい
eiken1,whore,売春婦;娼婦
eiken1,enunciate,明瞭に発音する
eiken1,conciliate,調停する
eiken1,sulfur,硫黄
eiken1,mashed,つぶした
eiken1,prolific,多産の
eiken1,ashore,岸へ
eiken1,insulate,絶縁する
eiken1,concerted,申し合わせた
eiken1,dilate,膨張する
eiken1,munch,むしゃむしゃ食べる
eiken1,terse,簡潔な
eiken1,wayward,わがままな
eiken1,eclipse,日食;月食
eiken1,transient,一時的な
eiken1,nonpartisan,無所属の
eiken1,inexorable,容赦ない
eiken1,intently,熱心に
eiken1,zealot,熱狂者
eiken1,preposterous,途方もない
eiken1,rectangular,長方形の
eiken1,unanimously,全会一致で
eiken1,tenet,主義
eiken1,tier,段;階層
eiken1,moribund,瀕死の
eiken1,ludicrous,ばかげた
eiken1,squint,斜視
eiken1,intravenous,静脈内の;静脈の範囲内で
eiken1,sedative,鎮静効果のある
eiken1,divergent,分岐した
eiken1,prenatal,出生前の
eiken1,recalcitrant,反抗的な
eiken1,avid,熱心な
eiken1,glum,ふさぎ込んだ
eiken1,daunt,脅す
eiken1,beget,子供を授かる
eiken1,acclaim,称賛する
eiken1,evocative,呼び起こした
eiken1,hapless,不運な
eiken1,stigma,汚名
eiken1,suspense,不確かな状態
eiken1,exploratory,探検の
eiken1,delusional,妄想的な
eiken1,bequeath,遺言で譲る
eiken1,genital,生殖の
eiken1,drab,単調な
eiken1,confederate,連合した
eiken1,apiece,一つに付き
eiken1,gush,湧き出る
eiken1,dislodge,無理に押しのける
eiken1,oscillate,振動する
eiken1,douse,ずぶぬれにする
eiken1,unilateral,片側の
eiken1,extricate,救い出す
eiken1,idiotic,ばかげた
eiken1,dissident,反体制派の
eiken1,expound,解説する
eiken1,alluring,魅惑的な
eiken1,manageable,扱いやすい
eiken1,rowdy,乱暴な
eiken1,cede,譲る
eiken1,impinge,衝突する
eiken1,varsity,代表;大学
eiken1,stained,汚れた
eiken1,horrendous,恐ろしい
eiken1,improbable,ありそうもない
eiken1,pernicious,有害な
eiken1,constrict,狭める;締め付ける
eiken1,circumscribe,取り巻く
eiken1,swollen,腫れた
eiken1,blare,鳴り響かせる
eiken1,abiding,永続的な;永久の
eiken1,back-to-back,背中合わせに
eiken1,regal,王者らしい;堂々とした
eiken1,thirst,渇き;のどの渇き
eiken1,tally,集計
eiken1,vigor,活力
eiken1,flamboyant,色鮮やかな
eiken1,nostalgic,懐かしい
eiken1,tenacious,粘り強い
eiken1,lurid,赤く輝いた;毒々しい
eiken1,sluggish,鈍い
eiken1,profane,不敬の
eiken1,intertwine,絡み合わせる
eiken1,devout,信心深い
eiken1,supernova,超新星
eiken1,null,無効の
eiken1,rueful,悔んでいる
eiken1,insolvent,支払い不能の
eiken1,whine,鼻を鳴らす声;すすり泣く声
eiken1,forthright,単刀直入の
eiken1,gleam,きらめく
eiken1,wellness,健康
eiken1,disproportionate,不均衡な
eiken1,edify,啓発する
eiken1,efface,拭い去る
eiken1,plump,ふっくらした
eiken1,hemorrhage,出血
eiken1,incinerator,焼却炉
eiken1,javelin,投げやり
eiken1,outlay,支出
eiken1,deterrence,抑止
eiken1,prowess,武勇
eiken1,conduit,導管
eiken1,forte,十八番
eiken1,pomp,華やかさ
eiken1,mane,たてがみ
eiken1,approximation,近似
eiken1,kudos,称賛
eiken1,swindle,騙す
eiken1,rostrum,演壇
eiken1,ruffle,波立たせる
eiken1,exasperation,憤慨
eiken1,gusto,大きな喜び
eiken1,abstinence,禁欲
eiken1,fiasco,大失態
eiken1,merriment,陽気な騒ぎ
eiken1,cadence,韻律
eiken1,drudgery,骨折り仕事
eiken1,eddy,渦
eiken1,totter,よろめく
eiken1,atheist,無神論者
eiken1,cordon,非常線
eiken1,superimpose,重ね合わせる
eiken1,rejuvenate,若返らせる
eiken1,sequester,隔離する
eiken1,carousel,メリーゴーランド
eiken1,mortuary,遺体
eiken1,armpit,脇の下
eiken1,pillage,略奪
eiken1,rudder,舵
eiken1,parchment,羊皮紙
eiken1,pedagogy,教育学
eiken1,brevity,簡潔さ;時間の短さ
eiken1,saliva,唾液
eiken1,secrete,分泌する
eiken1,brunt,矛先
eiken1,dame,貴婦人
eiken1,ruminate,反芻する
eiken1,muck,肥やし
eiken1,convalescence,回復期
eiken1,restitution,返却
eiken1,longitude,経度
eiken1,insecticide,殺虫剤
eiken1,physiology,生理学
eiken1,cubicle,小部屋
eiken1,acne,にきび
eiken1,froth,あぶく
eiken1,roost,ねぐら
eiken1,anteroom,控え室
eiken1,antic,ふざけた
eiken1,offshoot,支流
eiken1,trample,踏み付ける
eiken1,ovary,卵巣
eiken1,snip,はさみで切る
eiken1,ploy,策略
eiken1,destitution,貧困
eiken1,pang,激痛
eiken1,pendulum,振り子
eiken1,waft,漂わせる;ふわりと運ぶ
eiken1,condolence,お悔み
eiken1,ointment,軟膏
eiken1,torment,苦しめる
eiken1,cant,うわべの言葉
eiken1,bran,ふすま;ぬか
eiken1,assailant,加害者
eiken1,frugality,倹約
eiken1,repellent,虫よけ
eiken1,thrash,打ち据える
eiken1,vouch,保証する
eiken1,carnage,虐殺
eiken1,naught,無価値
eiken1,quay,ふ頭
eiken1,haphazard,偶然
eiken1,calamity,災害
eiken1,buttocks,臀部
eiken1,reiterate,繰り返し言う
eiken1,angst,不安
eiken1,cadre,幹部集団
eiken1,reimburse,弁償する
eiken1,twirl,くるくる回る
eiken1,insomnia,不眠症
eiken1,decadence,退廃
eiken1,incongruity,違和感
eiken1,colitis,大腸炎
eiken1,protrude,突き出る
eiken1,squirt,噴出する
eiken1,interlude,間奏
eiken1,pounce,飛び掛かる
eiken1,premonition,予感
eiken1,bruise,あざ
eiken1,doldrums,無風地帯
eiken1,ostracism,排斥
eiken1,domicile,住居
eiken1,hemp,麻;大麻
eiken1,bromide,臭化物
eiken1,bronchitis,気管支炎
eiken1,osteoporosis,骨粗鬆症
eiken1,boon,恩恵
eiken1,confetti,紙吹雪
eiken1,articulation,調音
eiken1,stow,詰め込む
eiken1,debit,借り方
eiken1,recompense,報いる
eiken1,altercation,口論
eiken1,chaff,もみ殻
eiken1,profusion,豊富
eiken1,decorum,礼儀正しさ
eiken1,fiddle,バイオリン
eiken1,gaunt,やせこけた;荒涼とした
eiken1,periscope,潜望鏡
eiken1,plod,とぼとぼ歩く
eiken1,plethora,過多
eiken1,prognosis,予後
eiken1,immersion,没入;熱中
eiken1,unfurl,広げる
eiken1,chauvinism,愛国心
eiken1,plumb,おもり
eiken1,oneness,一体感
eiken1,embankment,堤防
eiken1,itinerary,旅程
eiken1,beggar,乞食
eiken1,welsh,踏み倒す
eiken1,corroboration,確証
eiken1,canteen,売店
eiken1,furlough,休暇
eiken1,egalitarian,平等主義者
eiken1,filibuster,議事妨害
eiken1,cavern,洞窟
eiken1,barrow,手押し車
eiken1,pentagon,五角形
eiken1,neurosis,神経症
eiken1,hegemony,覇権
eiken1,propulsion,推進
eiken1,subjugate,征服する
eiken1,biceps,上腕二頭筋
eiken1,iniquity,不正
eiken1,ransack,捜しまわる
eiken1,recrimination,非難し返す
eiken1,encryption,暗号化
eiken1,genotype,遺伝子型
eiken1,autism,自閉症
eiken1,promontory,岬
eiken1,curio,骨董品
eiken1,diction,言い回し
eiken1,esophagus,食道
eiken1,rut,轍
eiken1,hermit,世捨て人
eiken1,lathe,旋盤
eiken1,precipice,絶壁
eiken1,epitome,典型;縮図
eiken1,gait,歩行
eiken1,rump,臀部
eiken1,accomplice,共犯者
eiken1,exponent,解説者
eiken1,puberty,思春期
eiken1,squeak,きしむ
eiken1,introspection,内省
eiken1,crony,旧友
eiken1,emissary,密偵
eiken1,fable,寓話
eiken1,ratification,批准
eiken1,pique,憤慨させる
eiken1,escapade,いたずら
eiken1,mischief,いたずら
eiken1,forgery,偽造
eiken1,whimper,しくしく泣く
eiken1,rebuttal,反論
eiken1,retract,撤回する
eiken1,elation,得意げ
eiken1,hatchet,手斧
eiken1,infertility,不妊
eiken1,provocation,挑発
eiken1,node,節
eiken1,dune,砂丘
eiken1,circumference,外周
eiken1,infatuation,夢中
eiken1,mulch,根覆い
eiken1,parson,牧師
eiken1,malady,病気
eiken1,pellet,小粒
eiken1,transpire,蒸発する
eiken1,amity,親善
eiken1,dichotomy,二分法;両方
eiken1,dike,堤防
eiken1,nomad,遊牧民
eiken1,caprice,気まぐれ
eiken1,recuperate,回復する
eiken1,manipulator,操縦者
eiken1,proscribe,禁ずる
eiken1,ethos,気風
eiken1,dung,糞
eiken1,orator,講演者
eiken1,fission,分裂
eiken1,resurgence,復活
eiken1,cutback,削減
eiken1,forfeit,没収
eiken1,anorexia,拒食症
eiken1,aviary,鳥小屋
eiken1,migraine,偏頭痛
eiken1,crevice,隙間
eiken1,quarantine,隔離
eiken1,raze,跡形もなく破壊する
eiken1,cistern,貯水槽
eiken1,wrest,もぎ取る
eiken1,innuendo,暗示
eiken1,jubilee,記念祭
eiken1,lagoon,環礁
eiken1,mutiny,反乱
eiken1,rummage,かき回して探す
eiken1,aperture,隙間、開口部
eiken1,twitter,さえずる
eiken1,amends,償い
eiken1,billow,うねり
eiken1,revere,尊敬する
eiken1,citadel,城塞
eiken1,hearsay,伝聞
eiken1,repudiate,否認する
eiken1,remission,免除;除外
eiken1,hedonism,快楽主義
eiken1,cot,小屋
eiken1,denunciation,非難
eiken1,plaid,格子柄
eiken1,apex,頂上
eiken1,barley,大麦;麦
eiken1,claustrophobia,閉所恐怖症
eiken1,confederation,連合
eiken1,ledger,原簿
eiken1,municipality,自治体
eiken1,duchy,公国
eiken1,moratorium,猶予
eiken1,bile,胆汁
eiken1,brute,畜生
eiken1,conservatory,温室
eiken1,supersede,取って代わる
eiken1,fluff,綿毛
eiken1,tantalize,じらす
eiken1,devolution,委譲
eiken1,pedestal,台座
eiken1,reverie,夢想
eiken1,forage,飼料
eiken1,murmur,ささやき
eiken1,panacea,万能薬
eiken1,welter,転がりまわる
eiken1,consternation,驚き
eiken1,reprieve,猶予する
eiken1,presage,予兆
eiken1,prerequisite,前提条件
eiken1,accolade,栄誉
eiken1,chlorine,塩素
eiken1,environs,周辺
eiken1,ligament,靱帯
eiken1,whet,研ぐ
eiken1,crux,核心
eiken1,squirm,身もだえる
eiken1,canister,金属容器
eiken1,delineation,輪郭の描写
eiken1,pity,同情
eiken1,avarice,貪欲
eiken1,peal,鐘の響き
eiken1,faucet,蛇口
eiken1,recoil,後ずさりする
eiken1,embroidery,刺繍
eiken1,lair,隠れ家
eiken1,lesion,傷害
eiken1,arbitration,仲裁
eiken1,slacken,速度を落とす
eiken1,sterilize,殺菌する
eiken1,attire,服装
eiken1,rouse,目を覚まさせる
eiken1,scowl,顔をしかめる
eiken1,connotation,言外の意味
eiken1,recluse,世捨て人
eiken1,cataclysm,激変
eiken1,conformity,適合
eiken1,repulse,追い払う
eiken1,iris,虹彩
eiken1,blasphemy,冒涜
eiken1,fiend,悪魔
eiken1,magnate,有力者
eiken1,muzzle,鼻口部
eiken1,chivalry,騎士道
eiken1,husk,殻
eiken1,matrimony,結婚
eiken1,prostrate,腹ばいになった
eiken1,wring,絞る
eiken1,adage,格言
eiken1,matron,既婚の人;既婚の女性
eiken1,divergence,分岐
eiken1,caricature,風刺画
eiken1,cataract,瀑布
eiken1,seethe,沸騰する
eiken1,armistice,休戦
eiken1,incursion,侵入
eiken1,cryptic,秘密の
eiken1,pert,生意気な
eiken1,agile,機敏な
eiken1,insipid,味のない
eiken1,interminable,果てしない
eiken1,anterior,前部の
eiken1,legible,読みやすい
eiken1,stench,悪臭
eiken1,slough,ぬかるみ
eiken1,inert,不活性の
eiken1,saturation,飽和
eiken1,diagonal,対角線の
eiken1,insolent,横柄な
eiken1,perfunctory,形式的な（形だけの)
eiken1,diffident,自信のない
eiken1,haggard,やつれた
eiken1,whisker,頬ひげ
eiken1,sprig,小枝
eiken1,precipitous,切り立った
eiken1,demure,控えめな
eiken1,judicious,賢明な
eiken1,obtrusive,押しつけがましい
eiken1,shin,すね
eiken1,asunder,バラバラに
eiken1,brittle,壊れやすい
eiken1,specious,見掛け倒しの;尤もらしい
eiken1,sheath,鞘
eiken1,polemic,論争の
eiken1,furry,毛皮の
eiken1,smudge,汚れ
eiken1,condescending,恩着せがましい
eiken1,copious,豊富な
eiken1,callous,硬くなった
eiken1,incandescent,白熱の
eiken1,tantrum,かんしゃく
eiken1,slander,中傷
eiken1,infallible,間違いのない;確実な
eiken1,stallion,種馬
eiken1,ponderous,重々しい
eiken1,shoal,浅瀬
eiken1,thatch,わら
eiken1,soggy,水浸しの
eiken1,impassive,無表情の
eiken1,tenement,長屋
eiken1,capricious,気まぐれな
eiken1,impertinent,生意気な
eiken1,lateral,側面の
eiken1,sieve,ふるい
eiken1,talon,爪
eiken1,cranky,気難しい
eiken1,ingenious,器用な;創造性のある
eiken1,disheveled,乱れた
eiken1,renal,腎臓の
eiken1,vector,ベクトル
eiken1,lucid,明快な
eiken1,pagan,異教の
eiken1,trough,水桶
eiken1,spore,胞子
eiken1,glaring,ぎらぎら輝く
eiken1,ambient,周囲の
eiken1,intrusive,煩わしい
eiken1,porous,穴の多い
eiken1,acrid,刺激的な
eiken1,egregious,悪質な
eiken1,peevish,気難しい
eiken1,fastidious,気難しい
eiken1,omnivorous,雑食の
eiken1,scruffy,みすぼらしい
eiken1,swine,豚
eiken1,kinetic,運動の
eiken1,cursory,大ざっぱな
eiken1,rapt,没頭した
eiken1,slapstick,ドタバタ喜劇
eiken1,zenith,頂点
eiken1,dilapidated,老朽化した
eiken1,hardy,丈夫な
eiken1,malevolent,悪意のある;意地悪な
eiken1,syndicate,企業連合
eiken1,tether,綱
eiken1,transgression,違反
eiken1,ostentatious,派手な
eiken1,ruddy,血色の良い
eiken1,frivolous,軽薄な
eiken1,miscellaneous,雑多な
eiken1,stricture,非難
eiken1,depraved,堕落した
eiken1,petite,小柄な;華奢な
eiken1,susceptibility,感受性
eiken1,abhorrent,忌まわしい
eiken1,dingy,薄汚い
eiken1,shard,破片
eiken1,sprite,妖精
eiken1,impetuous,猛烈な
eiken1,noxious,有害な
eiken1,tort,不法行為
eiken1,deplorable,嘆かわしい
eiken1,sprightly,快活な
eiken1,smack,ピシャリと打つこと;風味
eiken1,gullible,騙されやすい
eiken1,facetious,ふざけた
eiken1,tenancy,借地権
eiken1,ostensible,表向きの
eiken1,antarctic,南極の
eiken1,plenary,最大限の;完全な
eiken1,sedentary,座りがちな
eiken1,chaste,純潔な
eiken1,anthropological,人類学
eiken1,equestrian,馬術の
eiken1,omniscient,全知の
eiken1,solvent,溶媒;溶剤
eiken1,topography,地形学
eiken1,lusty,元気な
eiken1,vulgarity,下品
eiken1,pedantic,学者ぶった
eiken1,prodigal,浪費した
eiken1,wad,柔らかい塊
eiken1,fraught,いっぱいの、緊張をはらんだ
eiken1,somber,憂鬱な
eiken1,flabby,たるんだ
eiken1,scruple,良心の呵責
eiken1,pensive,物思いに沈んだ
eiken1,primordial,原始的な
eiken1,spurious,偽の
eiken1,immaterial,重要でない
eiken1,sediment,堆積物
eiken1,ancillary,付属の
eiken1,feeble,弱々しい
eiken1,sonic,音の
eiken1,stenographer,速記者
eiken1,hoarse,しわがれ声の
eiken1,opinionated,頑固な;意固地な
eiken1,emeritus,名誉の;名誉退職の
eiken1,canonical,正規の
eiken1,xenophobia,外国人恐怖症
eiken1,senile,老年の
eiken1,spruce,気の利いた
eiken1,pharmaceutical,医薬品の
eiken1,tummy,おなか
eiken1,seismic,地震の
eiken1,petulant,拗ねた
eiken1,privy,内情に通じた
eiken1,upholstery,室内装飾
eiken1,ecstatic,夢中の
eiken1,sap,樹液
eiken1,incredulous,疑い深い
eiken1,pungent,舌や鼻を刺激する
eiken1,scuffle,乱闘
eiken1,garish,飾り立てた
eiken1,reciprocal,相互の
eiken1,languid,だるい
eiken1,despotic,専制的な
eiken1,nonchalant,無関心な
eiken1,bashful,内気な
eiken1,brusque,無愛想な
eiken1,serum,リンパ液;血清
eiken1,veterinarian,獣医
eiken1,sluice,水門
eiken1,hazy,霞んだ
eiken1,jovial,陽気な
eiken1,tentacle,触手
eiken1,effervescent,発泡性の
eiken1,sedate,落ち着いた
eiken1,perpendicular,直立した
eiken1,thimble,指ぬき
eiken1,clerical,事務職の
eiken1,tang,ぴりっとした味
eiken1,spire,尖塔
eiken1,arable,耕作可能な
eiken1,uterus,子宮
eiken1,slovenly,だらしない
eiken1,omnipotent,全能の
eiken1,smallpox,天然痘
eiken1,synopsis,あらすじ
eiken1,turnpike,有料高速道路
eiken1,litigant,係争中の
eiken1,tandem,縦に並んで
eiken1,insurmountable,乗り越えられない
eiken1,despondent,落胆した
eiken1,plaintive,哀れな;かわいそうな
eiken1,volition,意志
eiken1,sacrilegious,罰当たりの
eiken1,ephemeral,はかない
eiken1,urn,骨壷
eiken1,onerous,厄介な
eiken1,docile,扱いやすい
eiken1,oblique,斜めの
eiken1,thesaurus,知識の宝庫
eiken1,furtive,こそこそした
eiken1,schematic,概略図の
eiken1,syntax,構文
eiken1,sortie,出撃
eiken1,intermittent,間欠的な;断続の
eiken1,torpedo,魚雷
eiken1,dignified,威厳のある
eiken1,wicker,小枝
eiken1,assertive,断定的な
eiken1,subsistence,生計
eiken1,sleigh,そり
eiken1,wart,いぼ
eiken1,amenable,従順な
eiken1,antiseptic,殺菌の
eiken1,derisive,嘲笑的な
eiken1,seclude,引きこもらせる、隠とんさせる
eiken1,sorcerer,魔術師
eiken1,serene,穏やかな
eiken1,abject,卑劣な
eiken1,stratum,地層
eiken1,vagabond,放浪者
eiken1,sewerage,下水
eiken1,tableau,心を打つ描写
eiken1,stupor,昏迷
eiken1,seedling,苗木
eiken1,compulsory,強制的な;強制力のある
eiken1,posthumous,死後の
eiken1,lethargic,無気力な
eiken1,conciliatory,調停的な
eiken1,thoroughfare,幹線道路
eiken1,typhoid,腸チフス
eiken1,syringe,注射器
eiken1,stubble,無精ひげ
eiken1,eviction,立ち退き;明け渡し
eiken1,demarcation,境界
eiken1,diva,女性歌手;歌姫
eiken1,culminate,最高潮に達する
eiken1,deference,尊敬
eiken1,plop,ボチャンと落ちる
eiken1,procrastinate,先延ばしにする
eiken1,flora,植物群
eiken1,futility,無益
eiken1,abomination,憎悪
eiken1,compost,混合物
eiken1,surmise,推測する
eiken1,coddle,甘やかす
eiken1,constipation,便秘
eiken1,whittle,削ぐ
eiken1,tranquilize,静める
eiken1,writhe,身もだえる
eiken1,admonition,訓戒
eiken1,diatribe,痛烈な非難
eiken1,hiccup,しゃっくり
eiken1,warble,さえずる
eiken1,voluptuous,官能的な
eiken1,embellish,飾る
eiken1,underpin,下から支える
eiken1,blunder,大失敗
eiken1,dispensary,診療所
eiken1,din,騒音;喧噪
eiken1,cinch,有力候補
eiken1,epilepsy,てんかん
eiken1,dishevel,振り乱す
eiken1,lug,力を込めて引く
eiken1,meddle,お節介を焼く
eiken1,contagion,伝染
eiken1,rebuke,注意する
eiken1,exclamation,感嘆
eiken1,purr,のどを鳴らす
eiken1,slit,切り開く
eiken1,expropriate,没収する
eiken1,contrivance,工夫
eiken1,feat,偉業
eiken1,enshrine,祀る
eiken1,unkempt,もじゃもじゃの
eiken1,cavalier,騎士
eiken1,eulogy,賛辞
eiken1,imposition,課税
eiken1,wacky,突飛な
eiken1,pout,口をとがらせる
eiken1,voluble,おしゃべりな
eiken1,wheedle,上手い言葉で誘う
eiken1,implode,内部破壊する
eiken1,inculcate,教え込む
eiken1,foreclose,除外する
eiken1,avenger,復讐者
eiken1,bridle,手綱
eiken1,dreary,悲しくさせる
eiken1,stigmatize,汚名を着せる
eiken1,appall,ぞっとさせる
eiken1,postulate,仮定する
eiken1,excruciate,苦しめる
eiken1,bog,沼地
eiken1,carcinoma,がん
eiken1,herbicide,除草剤
eiken1,convulsion,けいれん
eiken1,legitimize,正当化する
eiken1,puke,吐く
eiken1,deviate,逸脱する
eiken1,pulverize,粉砕する;破砕する
eiken1,balm,香油
eiken1,apathy,無関心
eiken1,blob,柔らかく小さい塊
eiken1,impel,駆り立てる
eiken1,blurb,推薦広告
eiken1,wheeze,息を切らす
eiken1,cessation,中止
eiken1,allegiance,忠誠
eiken1,brothel,売春宿;遊廓
eiken1,groin,鼠径部
eiken1,apprenticeship,見習い
eiken1,crotch,股
eiken1,audacity,大胆さ
eiken1,embezzle,横領する
eiken1,ellipse,楕円
eiken1,critter,生き物
eiken1,blatantly,露骨に
eiken1,blanch,漂白する
eiken1,flip-flop,サンダル;パタパタ鳴る音
eiken1,roundup,切り上げる;駆り集める
eiken1,nullify,無効にする
eiken1,irk,いらいらさせる
eiken1,thrifty,倹約な
eiken1,annotation,注釈
eiken1,beseech,懇願する;嘆願する
eiken1,chronology,年表
eiken1,usurp,奪う
eiken1,agitate,かき立てる
eiken1,commotion,騒動
eiken1,emancipate,解放する
eiken1,rumble,ゴロゴロ鳴る
eiken1,regurgitate,吐き戻す
eiken1,visceral,内臓の
eiken1,jingle,リンリン鳴らす
eiken1,contention,争い
eiken1,gratuity,心付け
eiken1,creak,キーキー鳴る
eiken1,quench,渇きをいやす;抑制する
eiken1,fling,投げる
eiken1,teeter,ぶらぶらする
eiken1,finery,華美な装飾
eiken1,cleave,割る
eiken1,fabrication,製作
eiken1,drool,よだれを垂らす
eiken1,amputation,切断
eiken1,vascular,管の
eiken1,transitory,一時的な
eiken1,prowl,うろつく
eiken1,resuscitate,蘇生させる
eiken1,concordance,一致
eiken1,emancipation,解放
eiken1,gaffe,失策
eiken1,enumerate,列挙する
eiken1,mutilate,切断する
eiken1,perforate,穴を空ける
eiken1,scamper,ふざけ回る;あわてて逃げる
eiken1,tardy,遅れた
eiken1,repatriate,送還する
eiken1,enthrall,魅了する
eiken1,crucifixion,はりつけ
eiken1,crypt,地下室
eiken1,denigrate,侮辱する
eiken1,grail,聖杯
eiken1,amplitude,広さ;振幅
eiken1,virile,男らしい
eiken1,budge,少し動く
eiken1,filth,汚物
eiken1,chastise,懲らしめる
eiken1,fart,おならをする
eiken1,sputter,唾を飛ばして喋る
eiken1,ensconce,快適に座る
eiken1,saunter,ぶらつく
eiken1,unequivocal,明確な
eiken1,loiter,ぶらぶら歩く
eiken1,pervade,染み込む
eiken1,stupendous,途方もない
eiken1,arousal,覚醒
eiken1,discomfiture,挫折
eiken1,detest,忌み嫌う
eiken1,gird,締める
eiken1,aegis,保護
eiken1,absolve,免除する;免許する
eiken1,faze,心を騒がせる
eiken1,fruition,結実;実現
eiken1,epitomize,縮める
eiken1,buttock,臀部;お尻
eiken1,uncouth,粗野な
eiken1,reminiscent,思い出させる
eiken1,mesmerize,魅了する
eiken1,hone,砥石
eiken1,belittle,見くびる
eiken1,aptitude,適性
eiken1,belie,食い違う
eiken1,gist,要旨
eiken1,coop,鳥かご
eiken1,consummation,完結
eiken1,allegory,たとえ話;比喩
eiken1,antigen,抗原
eiken1,sojourn,短期滞在する
eiken1,colt,子馬
eiken1,projectile,発射される
eiken1,blemish,傷
eiken1,deadlock,行き詰まり
eiken1,exchequer,国庫
eiken1,allele,対立遺伝子
eiken1,allot,割り当てる
eiken1,exonerate,無罪放免する
eiken1,nag,小言を言う
eiken1,honk,警笛
eiken1,imbue,吹き込む
eiken1,rescind,取り消す
eiken1,broach,先の尖ったもの
eiken1,lurk,潜む
eiken1,redress,矯正する
eiken1,rustle,さらさら音を立てる
eiken1,backdrop,背景幕
eiken1,resonate,反響する
eiken1,aquifer,帯水層
eiken1,cartilage,軟骨
eiken1,reminisce,思い出話をする
eiken1,succulent,多液の
eiken1,herein,この場所で
eiken1,unscrupulous,悪質な;実にひどい
eiken1,renege,誓いに背く
eiken1,vanquish,征服する
eiken1,exemplar,模範
eiken1,decimate,殺す
eiken1,figment,作りごと
eiken1,echelon,梯形編成
eiken1,epiphany,悟り
eiken1,wriggle,体をくねらせる
eiken1,brook,小川
eiken1,crease,折り目
eiken1,duchess,公爵夫人;女公爵
eiken1,sundry,雑多な
eiken1,debunk,正体を暴露する
eiken1,camaraderie,仲間意識
eiken1,exhortation,勧め
eiken1,quaver,震える
eiken1,acupuncture,鍼
eiken1,veer,方向を変える
eiken1,canopy,天蓋;張り出し屋根
eiken1,subterranean,地下の
eiken1,surly,不機嫌な
eiken1,pelt,投げて攻撃する
eiken1,artifice,巧みさ;狡猾
eiken1,exponentially,指数関数的に
eiken1,slither,するする滑る
eiken1,daub,塗りつぶす
eiken1,eavesdrop,盗聴する
eiken1,compunction,良心の呵責
eiken1,berate,叱りつける
eiken1,exhilarating,爽快にさせる
eiken1,affliction,苦痛
eiken1,bard,吟遊詩人
eiken1,succinct,簡潔な
eiken1,benevolence,慈悲
eiken1,dally,弄ぶ
eiken1,concussion,脳震盪
eiken1,tremulous,震えた
eiken1,extortion,恐喝
eiken1,fortress,要塞
eiken1,concomitant,付随する
eiken1,diverge,分岐する
eiken1,claimant,申立人
eiken1,gill,えら
eiken1,ingest,摂取する
eiken1,constellation,星座
eiken1,heirloom,家宝
eiken1,doze,居眠りをする
eiken1,cuddle,抱きしめる
eiken1,enjoin,命じる
eiken1,amnesia,健忘症
eiken1,chum,仲良し;親友
eiken1,oftentimes,しばしば
eiken1,promulgate,公布する
eiken1,glide,滑る
eiken1,confluence,合流
eiken1,smolder,燻る
eiken1,infatuate,夢中にする
eiken1,venerate,崇拝する
eiken1,hereby,ここに
eiken1,extoll,称える
eiken1,fiduciary,受託者
eiken1,trite,ありふれた
eiken1,conjecture,推測
eiken1,rectify,修正する;正す
eiken1,annexation,付加
eiken1,cramp,けいれん;引きつれ
eiken1,heterogeneity,異種
eiken1,binge,どんちゃん騒ぎ
eiken1,deity,神
eiken1,fissure,亀裂
eiken1,up-to-date,最新の
eiken1,wean,離乳させる
eiken1,shrivel,萎ませる
eiken1,glutton,食いしん坊
eiken1,dab,軽くたたく
eiken1,heretic,異端者
eiken1,hypnosis,催眠;催眠術
eiken1,fixate,定着させる
eiken1,derelict,浮浪者
eiken1,acquiescence,黙認
eiken1,extrapolate,推定する;外挿する
eiken1,fortitude,不屈の精神
eiken1,sulk,拗ねる
eiken1,dribble,滴る
eiken1,elucidation,解明
eiken1,foundry,鋳造所
eiken1,apparition,亡霊
eiken1,annotate,注釈を付ける
eiken1,alloy,合金
eiken1,baloney,たわ言
eiken1,acrimony,辛辣さ
eiken1,leer,横目;流し目
eiken1,indemnity,補償
eiken1,hackneyed,使い古した
eiken1,entrenched,定着した
eiken1,gubernatorial,総督の
eiken1,pancreatic,膵臓の
eiken1,fretting,イライラしている
eiken1,prosaic,散文の
eiken1,kindred,親族;家族
eiken1,apathetic,無関心な
eiken1,repentance,懺悔
eiken1,rafter,垂木
eiken1,auspicious,縁起の良い
eiken1,prerogative,特権
eiken1,leeway,進路のずれ
eiken1,primacy,優位性
eiken1,flippant,軽薄な
eiken1,valor,武勇
eiken1,shroud,経帷子;覆い
eiken1,inscrutable,不可解な
eiken1,prim,きちんとした
eiken1,valet,係員
eiken1,vignette,飾り模様
eiken1,ebriate,興奮させる
eiken1,lithe,しなやかな
eiken1,ecclesiastical,教会の
eiken1,lenient,寛大な;寛容な
eiken1,obdurate,頑固な
eiken1,submissive,従順な
eiken1,spearhead,先陣
eiken1,estranged,疎遠になった
eiken1,irrepressible,抑えきれない
eiken1,genially,和やかに
eiken1,locomotive,機関車
eiken1,triad,三人組
eiken1,vat,おけ
eiken1,retorted,言い返した
eiken1,nil,無
eiken1,expedient,都合の良い
eiken1,utensil,器具
eiken1,extemporaneous,即席の;その場しのぎの
eiken1,indolent,怠惰な
eiken1,preponderance,優勢
eiken1,sinew,腱;筋
eiken1,appalled,不安でいっぱいの
eiken1,humdrum,平凡な
eiken1,nascent,初期の
eiken1,frantic,気が狂ったような
eiken1,vicarious,想像して感じた
eiken1,spatula,へら
eiken1,filial,子の
eiken1,preemptive,先制の
eiken1,trident,三つ又の鉾
eiken1,laity,信徒たち
eiken1,serviceman,軍人
eiken1,valiant,勇敢な;勇ましい
eiken1,intangible,触れられない
eiken1,vestige,痕跡
eiken1,incongruous,一致しない
eiken1,residual,残りの
eiken1,rigorous,厳格な
eiken1,auxiliary,補助の
eiken1,aboveboard,公明正大な
eiken1,vivacious,快活な
eiken1,gluttonous,食いしん坊の
eiken1,ravage,破壊
eiken1,nocturnal,夜行性の
eiken1,kiln,窯
eiken1,abridged,要約された
eiken1,monastic,修道院の
eiken1,overtly,あからさまに
eiken1,truant,不登校
eiken1,daft,まぬけの
eiken1,urbane,洗練された
eiken1,vigilante,自警団員
eiken1,foolhardy,無鉄砲な
eiken1,memorabilia,記憶に値する事柄
eiken1,mint,造幣局;貨幣製造
eiken1,infirm,虚弱な
eiken1,rabies,狂犬病
eiken1,stead,代わり
eiken1,lattice,格子
eiken1,interstellar,星間の
eiken1,exponential,指数関数的な
eiken1,awry,歪んで
eiken1,coarsely,粗雑に
eiken1,incision,切開
eiken1,minion,子分
eiken1,queasy,吐き気のする
eiken1,onus,重荷
eiken1,duly,正当に
eiken1,wanton,理由のない;多情な
eiken1,kerosene,灯油
eiken1,faltered,行き詰まった
eiken1,solstice,至点
eiken1,profanity,冒涜
eiken1,contractual,契約上の
eiken1,talisman,お守り
eiken1,rejoinder,返答;言い返し
eiken1,culpable,過失のある
eiken1,mayhem,大混乱;身体傷害
eiken1,ulterior,隠された
eiken1,cordial,心のこもった
eiken1,memento,記念品
eiken1,kitty,子猫
eiken1,reckoning,計算;清算
eiken1,quandary,難局
eiken1,leaden,鉛の
eiken1,militantly,好戦的に
eiken1,melancholy,憂鬱
eiken1,daunting,ひるんでいる
eiken1,mumps,おたふく風邪
eiken1,glacial,氷河の
eiken1,ditto,同上
eiken1,plumage,羽毛
eiken1,sidekick,相棒
eiken1,menial,くだらない
eiken1,blithe,軽快な
eiken1,sentry,衛兵
eiken1,rind,外皮
eiken1,throng,群衆;群れ
eiken1,veal,子牛の肉
eiken1,downcast,意気消沈した
eiken1,blurry,ぼやけた
eiken1,kiosk,売店
eiken1,pelvis,骨盤
eiken1,sultry,蒸し暑い
eiken1,satchel,学生かばん
eiken1,piecemeal,少しずつ
eiken1,insufferable,我慢できない
eiken1,impervious,通さない
eiken1,extrovert,外向的な
eiken1,ravine,渓谷
eiken1,posterior,後部の
eiken1,tempestuous,大嵐の;激しい
eiken1,frugal,質素な
eiken1,delirious,錯乱した
eiken1,mirth,陽気
eiken1,prospectus,目論見書
eiken1,isotope,同位元素
eiken1,painstaking,骨の折れる
eiken1,payload,有効荷重
eiken1,shank,すね
eiken1,incubation,ふ化
eiken1,mockery,嘲り
eiken1,monoxide,一酸化物
eiken1,paradigm,規範
eiken1,muffled,音を殺した
eiken1,moat,堀
eiken1,precept,戒律
eiken1,contemptible,軽蔑的な
eiken1,adroit,器用な
eiken1,effusive,感情むき出しの
eiken1,piety,信仰心
eiken1,moniker,名前;あだ名
eiken1,complicit,共犯の
eiken1,quorum,定数
eiken1,wavelength,波長;波動の周期的な長さ
eiken1,haphazardly,偶然に
eiken1,clairvoyant,千里眼の
eiken1,desolate,荒涼とした
eiken1,tycoon,大物
eiken1,magnanimous,寛大な
eiken1,threadbare,着古した
eiken1,variegated,まだら模様の
eiken1,juxtaposition,並置;並列
eiken1,irksome,退屈な
eiken1,schism,分裂
eiken1,sagacious,賢い
eiken1,indulgent,寛大な
eiken1,morsel,一口
eiken1,impudent,厚かましい
eiken1,negligent,怠慢な
eiken1,repressive,抑圧的な
eiken1,mercenary,金目当ての
eiken1,serendipity,思わぬ物を偶然に発見すること
eiken1,underhand,秘密の
eiken1,concave,凹面の
eiken1,nutty,木の実の多い
eiken1,chubby,ぽっちゃりした
eiken1,grim,険しい
eiken1,quizzical,訝しげな
eiken1,palliative,緩和的な
eiken1,sclerosis,硬化
eiken1,discerning,洞察力のある;鋭い理解力
eiken1,penitence,懺悔
eiken1,penance,苦行
eiken1,vested,既得の
eiken1,bountiful,気前の良い
eiken1,morose,不機嫌な
eiken1,squalid,むさ苦しい
eiken1,sod,芝
eiken1,upshot,結果
eiken1,potency,効力
eiken1,sullen,不機嫌な
eiken1,oscillation,発振
eiken1,reparation,賠償
eiken1,precedence,優先
eiken1,rubric,注釈;題目
eiken1,starch,でんぷん
eiken1,impend,差し迫った
eiken1,polyglot,数ヶ国語に通じている人や物
eiken1,averse,嫌っている
eiken1,knell,鐘の音
eiken1,schema,図解
eiken1,abreast,横に並んで
eiken1,shingle,こけら板;屋根板
eiken1,fussy,小うるさい
eiken1,visage,顔
eiken1,obstetrician,産科医
eiken1,tuft,ふさ
eiken1,saline,塩気のある
eiken1,servile,奴隷の
eiken1,altruistic,利他的な
eiken1,inveterate,常習的な
eiken1,rudimentary,初歩的な
eiken1,pliant,しなやかな
eiken1,meek,おとなしい
eiken1,taciturn,無口の
eiken1,marquee,テント;ひさし
eiken1,montage,合成写真
eiken1,tacky,べとついた
eiken1,vociferous,騒々しい
eiken1,padlock,南京錠
eiken1,overcast,曇った
eiken1,parochial,狭い
eiken1,spasm,けいれん
eiken1,pompous,尊大な
eiken1,vehement,猛烈な
eiken1,periphery,周辺
eiken1,complacent,自己満足の
eiken1,membrane,膜
eiken1,nepotism,縁故主義
eiken1,illegible,判読不能の
eiken1,tactile,触角の
eiken1,predisposition,素因
eiken1,scribe,書記
eiken1,manic,躁病の
eiken1,modality,法性
eiken1,unscathed,無傷の
eiken1,vale,谷
eiken1,diabolic,悪魔のような
eiken1,instantaneous,瞬時の
eiken1,tetanus,破傷風
eiken1,contrived,わざとらしい、不自然な
eiken1,meticulously,細心の注意を払って
eiken1,pinnacle,頂点
eiken1,quadrant,四分円
eiken1,inadvertent,不注意な
eiken1,pathological,病理学の
eiken1,euphoric,陶酔している
eiken1,circumspect,慎重な
eiken1,inlet,入り江
eiken1,subservient,役立って;へつらって
eiken1,molten,溶けた
eiken1,opulent,豊富な
eiken1,diligently,精を出して
eiken1,remuneration,報酬
eiken1,distal,末端の
eiken1,immaculate,真っ白な;汚れのない
eiken1,maiden,乙女
eiken1,whirlpool,渦巻
eiken1,banal,平凡な
eiken1,bilateral,両側の
eiken1,indignation,憤慨
eiken1,ignoble,下劣な
eiken1,nebulous,漠然とした
eiken1,renunciation,放棄;棄却
eiken1,skid,横滑り
eiken1,resplendent,華やかな
eiken1,tripod,三脚
eiken1,intact,そのままの
eiken1,relish,風味;持ち味
eiken1,decrepit,老朽化した
eiken1,peddler,行商人
eiken1,yolk,卵黄
eiken1,suffrage,投票;参政権
eiken1,assiduous,勤勉な
eiken1,promiscuous,乱雑な
eiken1,widget,機械装置;部品
eiken1,replete,堪能した
eiken1,juvenile,少年の
eiken1,mire,湿原
eiken1,bereaved,先立たれた;遺族
eiken1,engross,注意を向け集中させる
eiken1,undue,過度の
eiken1,zodiac,干支
eiken1,amphibian,両生類の
eiken1,extant,現存の
eiken1,heinous,凶悪な
eiken1,sheepishly,気弱な手段で
eiken1,materialism,唯物論
eiken1,transcendent,卓越した
eiken1,foolproof,誰にでも理解できる
eiken1,rasp,やすり
eiken1,untenable,耐えられない
eiken1,agrarian,農地の
eiken1,chronically,慢性的に
eiken1,tactful,機転の利く
eiken1,snippet,切れ端
eiken1,caustic,腐食性の
eiken1,derogatory,軽蔑的な
eiken1,treacherous,背いた
eiken1,passbook,通帳
eiken1,proviso,但し書き
eiken1,pallid,蒼白な
eiken1,vindictive,執念深い
eiken1,ruefully,悲しそうに
eiken1,rogue,悪党
eiken1,inquisitive,詮索好きの
eiken1,semen,精液
eiken1,fitful,気まぐれな
eiken1,vacuous,空虚な;中身のない
eiken1,resurgent,再び盛り返す;復活の
eiken1,harangue,長い演説をする;説教する
eiken1,truncate,切り詰める;短縮する
eiken1,zephyr,そよ風;軽い風
eiken1,juxtapose,並置する;並べる
eiken1,crass,鈍感な;無神経な
eiken1,dogmatic,教条的な;固執する
eiken1,obfuscate,わかりにくくする;混乱させる
eiken1,sacrosanct,神聖視される;絶対的な
eiken1,lackluster,無気力な;平凡な
eiken1,iconoclast,偶像破壊者;伝統に反抗する人
eiken1,xenophile,外国人愛好者;異文化愛好者
eiken1,nefarious,邪悪な;極悪な
eiken1,fallacious,誤った;不正確な
eiken1,jubilant,歓喜に満ちた;大喜びの
eiken1,veracity,真実;正直
eiken1,virtuoso,名人;達人
eiken1,dawdle,ぐずぐずする;ぶらぶらする
eiken1,yeasty,発酵する;活発な
eiken1,knave,悪党;いたずら者
eiken1,ebullient,沸き立つような;元気いっぱいの
eiken1,pugnacious,好戦的な;争い好きな
eiken1,solemnity,厳粛;荘重
eiken1,invigorate,活気づける;元気づける
eiken1,litigate,訴訟する;裁判にかける
eiken1,querulous,不平を言う;文句が多い
eiken1,obstinate,頑固な;しつこい
eiken1,sanctimonious,偽善的な;うぬぼれた
eiken1,rambunctious,やかましい;騒がしい
eiken1,unflappable,動じない;冷静な
eiken1,verbose,冗長な;言葉遣いが多い
eiken1,beleaguer,包囲する;困らせる
eiken1,quibble,あら探し;些細な異議
eiken1,knoll,小丘;小山
eiken1,gerrymander,選挙区を操作する;不正に変更する
eiken1,iconoclastic,偶像破壊的な;慣習を打破する
eiken1,horticulture,園芸;庭園作り
eiken1,calumny,誹謗;中傷
eiken1,bellicose,好戦的な;攻撃的な
eiken1,loquacious,おしゃべりな;多弁な
eiken1,neophyte,初心者;新参者
eiken1,quixotic,非現実的な;夢想的な
eiken1,winsome,魅力的な;愛らしい
eiken1,vexation,悔しさ;苛立ち
eiken1,feign,偽る;装う
eiken1,vacillate,ためらう;迷う
eiken1,opulence,富裕;豊かさ
eiken1,torpid,不活発な;鈍い
eiken1,zestful,精力的な;元気いっぱいの
eiken1,malleable,可鍛性の;柔軟な
eiken1,ardor,情熱;熱意
eiken1,abnegation,自己否定;自己犠牲
eiken1,lament,嘆く;悲しむ
eiken1,yeoman,忠実な働き手;農夫
eiken1,garrulous,おしゃべりな;話好きな
eiken1,obviate,取り除く;防ぐ
eiken1,bilk,だます;欺く
eiken1,jocose,ふざけた;冗談めいた
eiken1,yonder,向こう側の;遠くの
eiken1,cavalcade,馬車の行列;大行進
eiken1,hubris,傲慢;尊大
eiken1,malice,悪意;恨み
eiken1,ravenous,飢えた;極度に空腹な
eiken1,nebula,星雲;霧のような
eiken1,emaciated,やつれた;痩せ衰えた
eiken1,gauche,ぎこちない;不器用な
eiken1,enervate,弱める;奪う
eiken1,flabbergast,驚かせる;仰天させる
eiken1,mawkish,感傷的な;過剰に感動する
eiken1,sully,汚す;名誉を傷つける
eiken1,guffaw,大笑いする;ヒヒンと笑う
eiken1,queue,列を作る;並ぶ
eiken1,profuse,豊富な;たっぷりの
eiken1,indomitable,屈しない;不屈の
eiken1,augment,増やす;強化する
eiken1,jargon,専門用語;隠語
eiken1,zeppelin,飛行船;ジェット
eiken1,vituperate,激しく非難する;罵倒する
eiken1,serrated,ギザギザの;鋸状の
eiken1,abate,減少する;和らげる
eiken1,trepidation,恐れ;不安
eiken1,vehemently,激しく;熱烈に
eiken1,cacophony,不協和音;騒音
eiken1,effigy,肖像;像
eiken1,fallible,誤りやすい;欠点がある
eiken1,hedonistic,快楽主義的;享楽的な
eiken1,juggernaut,押し寄せる大勢力;圧倒的な力
eiken1,laconic,簡潔な;寡黙な
eiken1,parsimonious,けちな;吝嗇な
eiken1,surreptitious,秘密裏の;ひそかな
eiken1,yearn,切望する;強く望む
eiken1,abdicate,退位する;辞める
eiken1,calamitous,災害の;悲惨な
eiken1,dauntless,恐れ知らず;大胆な
eiken1,idiosyncrasy,特異性;個人的な特徴
eiken1,narcissistic,自己愛的な;自己中心的
eiken1,quaint,風変わりな;古風な
eiken1,xenophobic,外国人恐怖症;排外的な
eiken1,zeal,熱意;情熱
eiken1,belabor,冗長に述べる;くどくど言う
eiken1,fabricate,作り上げる;でっち上げる
eiken1,halcyon,穏やかな;平穏な
eiken1,obtuse,鈍感な;理解が遅い
eiken1,tantamount,同等の;等価の
eiken1,umbrage,立腹;不機嫌
eiken1,yawp,大声で叫ぶ;どなる
eiken1,convoluted,複雑な;入り組んだ
eiken1,dexterous,器用な;巧妙な
eiken1,ignominy,恥辱;不名誉
eiken1,lackadaisical,元気のない;無気力な
eiken1,mendacious,嘘つきの;不誠実な
eiken1,paucity,少なさ;不足
eiken1,stymie,妨害する;阻止する
eiken1,unctuous,へつらう;おせじの
eiken1,yoke,くびき;束縛
eiken1,aberrant,異常な;変わった
eiken1,deleterious,有害な;害を及ぼす
eiken1,exasperate,いら立たせる;怒らせる
eiken1,histrionic,演技が過剰な;大げさな
eiken1,ineffable,言葉で言い表せない;言葉では言い尽くせない
eiken1,kindle,着火する;興奮させる
eiken1,obstreperous,騒々しい;手に負えない
eiken1,sycophantic,おべっか使いの;ごますりの
eiken1,zealous,熱心な;情熱的な
eiken1,diaphanous,透明な;薄っぺらい
eiken1,immutable,不変の;永遠の
eiken1,labyrinthine,迷路のような;複雑な
eiken1,palpitate,動悸する;鼓動する
eiken1,rhapsodize,熱狂的に語る;賛美する
eiken1,vainglorious,自己過剰な;うぬぼれの強い
eiken1,yore,昔;過去
eiken1,ignominious,恥ずべき;不名誉な
eiken1,jocular,冗談好きな;陽気な
eiken1,wily,ずる賢い;策略のある
eiken1,abstain,控える;慎む
eiken1,cavort,はね回る;跳ねる
eiken1,feral,野生の;人嫌いの
eiken1,hew,切り倒す;切断する
eiken1,impede,妨げる;邪魔する
eiken1,lilt,軽快なリズム;メロディ
eiken1,paltry,取るに足らない;価値のない
eiken1,vex,困惑させる;いらいらさせる
eiken1,xylophone,木琴;楽器
eiken1,bedraggled,ぼろぼろの;汚れた
eiken1,cajole,なだめる;ごまかす
eiken1,equivocate,あいまいに言う;二枚舌
eiken1,gesticulate,身振り手振りで話す
eiken1,hobnob,親しく交際する;つるむ
eiken1,imbibe,飲む;吸収する
eiken1,maelstrom,大渦;混沌
eiken1,palliate,緩和する;軽減する
eiken1,yelp,高い鳴き声;悲鳴
eiken1,bluster,大ぼらを吹く;威嚇する
eiken1,effulgent,輝かしい;明るい
eiken1,macabre,恐ろしい;気味の悪い
eiken1,obsequious,へつらいの;こびへつらう
eiken1,abysmal,奈落のような;ひどい
eiken1,jeJune,子供っぽい;稚拙な
eiken1,rapacious,強欲な;貪欲な
eiken1,abscond,逃亡する;忍び去る
eiken1,bereft,奪われた;失った
eiken1,decadent,堕落した;衰退した
eiken1,feckless,無気力な;責任感のない
eiken1,grotesque,奇怪な;異様な
eiken1,recumbent,横たわる;寝そべる
eiken1,xenolith,岩石中の異質鉱物;捕獲岩
eiken1,hermetic,密封された;秘密主義の
eiken1,voracious,貪欲な;がつがつした
eiken1,holistic,全体論的な;総体的な
eiken1,tangible,具体的な;実体のある
eiken1,cunning,狡猾な;ずるい
eiken1,adulation,お世辞;過剰な賞賛
eiken1,inanimate,無生物の;生命のない
eiken1,incorrigible,非常に悪い;改善できない
eiken1,vapid,抜けた;風味のない
eiken1,xenial,接待上の;主客関係の
